Date,Open,High,Low,Close,Adj Close,Volume
2000-01-03,81.163000,81.163000,75.942000,79.950000,79.950000,36358000
2000-01-04,77.630000,78.895000,74.202000,74.261000,74.261000,33782800
2000-01-05,73.833000,75.968000,71.090000,72.725000,72.725000,42498400
2000-01-06,73.305000,74.254000,67.504000,68.137000,68.137000,37009400
2000-01-07,69.983000,74.676000,69.614000,74.676000,74.676000,28129400
2000-01-10,76.786000,79.264000,75.889000,77.841000,77.841000,29672200
2000-01-11,77.419000,78.368000,73.411000,74.465000,74.465000,32512600
2000-01-12,75.098000,75.303000,72.567000,73.041000,73.041000,29047200
2000-01-13,74.676000,77.208000,73.477000,76.997000,76.997000,25163200
2000-01-14,78.473000,79.001000,77.630000,78.210000,78.210000,21898000
2000-01-18,77.682000,79.686000,77.155000,79.317000,79.317000,16749000
2000-01-19,78.889000,81.005000,77.992000,80.398000,80.398000,18995600
2000-01-20,80.583000,81.743000,79.324000,80.583000,80.583000,25955600
2000-01-21,81.427000,81.479000,80.214000,81.216000,81.216000,18696200
2000-01-24,82.218000,82.376000,76.759000,76.997000,76.997000,28337200
2000-01-25,77.524000,79.416000,75.441000,78.605000,78.605000,33273400
2000-01-26,78.684000,78.737000,75.098000,75.520000,75.520000,23090000
2000-01-27,77.419000,78.052000,73.938000,76.364000,76.364000,30730200
2000-01-28,75.942000,76.338000,71.512000,72.356000,72.356000,35313600
2000-01-31,72.461000,75.942000,70.457000,75.942000,75.942000,36012200
2000-02-01,75.546000,78.052000,74.624000,78.052000,78.052000,26416600
2000-02-02,77.841000,79.924000,77.709000,78.368000,78.368000,26169200
2000-02-03,79.581000,81.532000,77.867000,81.110000,81.110000,30578600
2000-02-04,81.849000,82.897000,81.189000,81.769000,81.769000,26636200
2000-02-07,82.060000,83.114000,81.216000,83.035000,83.035000,17760000
2000-02-08,83.853000,86.279000,83.853000,86.279000,86.279000,21984800
2000-02-09,86.120000,86.232000,83.325000,83.536000,83.536000,27294200
2000-02-10,84.222000,86.279000,83.160000,86.226000,86.226000,26340200
2000-02-11,86.120000,86.120000,82.692000,83.536000,83.536000,24875000
2000-02-14,84.373000,84.380000,82.481000,83.839000,83.839000,22813800
2000-02-15,83.483000,84.907000,80.899000,84.591000,84.591000,30571800
2000-02-16,84.301000,85.804000,83.800000,84.380000,84.380000,25309400
2000-02-17,85.382000,87.122000,84.064000,85.962000,85.962000,30076600
2000-02-18,86.595000,86.911000,83.062000,83.378000,83.378000,25269000
2000-02-22,83.536000,84.327000,81.216000,83.246000,83.246000,37227000
2000-02-23,84.110000,88.599000,83.668000,87.861000,87.861000,32167600
2000-02-24,88.494000,90.122000,86.068000,89.865000,89.865000,48862400
2000-02-25,89.601000,90.709000,87.650000,87.913000,87.913000,32615800
2000-02-28,87.122000,89.179000,84.802000,87.544000,87.544000,38215800
2000-02-29,89.232000,90.366000,88.546000,90.287000,90.287000,23975000
2000-03-01,90.498000,91.605000,89.865000,90.814000,90.814000,24466400
2000-03-02,91.183000,91.289000,88.388000,88.711000,88.711000,32739200
2000-03-03,91.130000,93.767000,90.287000,92.416000,92.416000,32014800
2000-03-06,94.295000,95.534000,93.029000,94.084000,94.084000,23269000
2000-03-07,96.035000,96.088000,91.763000,92.607000,92.607000,39467400
2000-03-08,93.662000,94.506000,89.680000,94.136000,94.136000,43508400
2000-03-09,93.846000,97.037000,92.053000,97.037000,97.037000,30096800
2000-03-10,96.932000,98.250000,95.778000,96.773000,96.773000,29668400
2000-03-13,92.818000,96.299000,92.422000,93.820000,93.820000,37543800
2000-03-14,95.138000,95.666000,88.599000,90.287000,90.287000,39103800
2000-03-15,89.865000,90.287000,85.962000,86.885000,86.885000,51199600
2000-03-16,88.915000,92.185000,85.224000,91.552000,91.552000,55280400
2000-03-17,91.130000,93.715000,91.078000,93.504000,93.504000,31422200
2000-03-20,93.651000,94.073000,89.643000,90.487000,90.487000,21164400
2000-03-21,89.538000,94.389000,87.376000,94.073000,94.073000,33431300
2000-03-22,95.760000,97.843000,93.756000,96.182000,96.182000,24334200
2000-03-23,96.590000,99.346000,95.813000,98.186000,98.186000,19226900
2000-03-24,99.122000,101.666000,97.039000,99.451000,99.451000,22062400
2000-03-27,99.557000,100.822000,98.818000,99.016000,99.016000,11752200
2000-03-28,98.700000,99.398000,96.498000,97.026000,97.026000,18334100
2000-03-29,97.342000,97.395000,92.807000,93.229000,93.229000,27189300
2000-03-30,90.487000,95.127000,87.323000,90.487000,90.487000,42319700
2000-03-31,91.238000,93.334000,87.745000,92.385000,92.385000,31348900
2000-04-03,90.922000,92.069000,85.003000,87.323000,87.323000,31536600
2000-04-04,87.428000,87.692000,74.509000,85.003000,85.003000,66194100
2000-04-05,82.261000,87.692000,81.206000,83.526000,83.526000,37005100
2000-04-06,86.374000,87.639000,84.159000,86.321000,86.321000,30496900
2000-04-07,87.850000,90.592000,86.585000,89.432000,89.432000,20645300
2000-04-10,90.803000,90.856000,83.737000,84.370000,84.370000,26985200
2000-04-11,81.944000,85.636000,80.784000,82.459000,82.459000,34495600
2000-04-12,82.366000,83.315000,53.259000,77.620000,77.620000,34824900
2000-04-13,78.306000,80.995000,74.457000,75.089000,75.089000,46323800
2000-04-14,72.611000,74.667000,65.809000,67.285000,67.285000,60840400
2000-04-17,65.822000,75.933000,65.809000,75.089000,75.089000,55386200
2000-04-18,75.498000,78.464000,73.718000,77.409000,77.409000,36252600
2000-04-19,78.042000,78.991000,75.142000,75.142000,75.142000,28077900
2000-04-20,76.249000,76.750000,72.716000,73.296000,73.296000,21252000
2000-04-24,70.396000,71.925000,67.391000,71.715000,71.715000,31245600
2000-04-25,72.980000,76.355000,72.558000,76.302000,76.302000,28614300
2000-04-26,76.460000,77.976000,73.507000,73.718000,73.718000,25679700
2000-04-27,70.449000,78.029000,69.394000,77.093000,77.093000,37032900
2000-04-28,78.939000,79.941000,77.726000,79.730000,79.730000,24826700
2000-05-01,80.784000,81.733000,79.519000,80.784000,80.784000,23203400
2000-05-02,80.046000,80.679000,75.722000,75.933000,75.933000,20304600
2000-05-03,75.511000,76.144000,72.150000,75.406000,75.406000,26587300
2000-05-04,75.089000,76.566000,73.929000,75.195000,75.195000,17749300
2000-05-05,74.351000,77.884000,74.272000,77.199000,77.199000,20569200
2000-05-08,76.355000,76.566000,74.035000,74.457000,74.457000,13901100
2000-05-09,74.667000,75.195000,71.504000,72.136000,72.136000,19796800
2000-05-10,71.187000,72.084000,67.074000,67.496000,67.496000,34814400
2000-05-11,69.816000,71.925000,68.234000,71.504000,71.504000,24707000
2000-05-12,72.031000,73.876000,70.871000,71.451000,71.451000,17830800
2000-05-15,71.556000,74.773000,69.711000,74.773000,74.773000,17946500
2000-05-16,75.933000,77.199000,74.298000,76.829000,76.829000,23826900
2000-05-17,75.300000,76.355000,74.035000,75.247000,75.247000,20336800
2000-05-18,75.089000,75.393000,72.031000,72.295000,72.295000,19061100
2000-05-19,70.660000,71.715000,68.603000,68.920000,68.920000,28178100
2000-05-22,68.867000,69.394000,63.765000,69.183000,69.183000,43876900
2000-05-23,68.656000,69.711000,62.961000,63.383000,63.383000,31906900
2000-05-24,63.278000,67.391000,60.957000,67.285000,67.285000,49469600
2000-05-25,67.707000,69.394000,64.543000,65.387000,65.387000,29631500
2000-05-26,65.598000,66.863000,63.910000,65.545000,65.545000,18199500
2000-05-30,67.496000,72.505000,67.496000,72.136000,72.136000,30882400
2000-05-31,71.266000,73.125000,69.816000,70.027000,70.027000,29666800
2000-06-01,71.873000,74.562000,70.871000,73.824000,73.824000,28987800
2000-06-02,78.148000,79.400000,77.515000,78.675000,78.675000,32238700
2000-06-05,77.831000,80.415000,77.515000,78.991000,78.991000,23780600
2000-06-06,78.622000,80.152000,76.671000,77.093000,77.093000,23199000
2000-06-07,77.251000,78.833000,75.564000,78.833000,78.833000,22520900
2000-06-08,79.835000,80.046000,77.304000,78.464000,78.464000,19308800
2000-06-09,79.941000,79.941000,78.464000,78.939000,78.939000,17013000
2000-06-12,79.571000,79.571000,76.619000,76.777000,76.777000,16421300
2000-06-13,76.355000,79.466000,75.393000,79.466000,79.466000,25039400
2000-06-14,80.046000,80.046000,77.251000,77.752000,77.752000,20239600
2000-06-15,77.515000,79.150000,76.671000,79.136000,79.136000,18676500
2000-06-16,79.941000,80.415000,78.517000,79.453000,79.453000,21158500
2000-06-19,79.321000,82.894000,78.200000,82.524000,82.524000,19986500
2000-06-20,82.894000,84.106000,81.997000,83.012000,83.012000,20876200
2000-06-21,81.681000,84.133000,81.575000,83.263000,83.263000,20841000
2000-06-22,83.210000,83.526000,79.954000,79.954000,79.954000,21406600
2000-06-23,80.152000,80.573000,77.146000,77.317000,77.317000,24801100
2000-06-26,78.517000,79.664000,77.620000,79.466000,79.466000,22073100
2000-06-27,79.110000,80.204000,77.950000,78.227000,78.227000,14741500
2000-06-28,78.451000,80.573000,78.042000,79.215000,79.215000,19233800
2000-06-29,78.411000,78.780000,76.460000,77.370000,77.370000,21258400
2000-06-30,77.462000,79.268000,77.040000,78.622000,78.622000,15065600
2000-07-03,78.886000,80.362000,78.675000,80.257000,80.257000,5186000
2000-07-05,78.991000,79.281000,76.671000,76.988000,76.988000,16069500
2000-07-06,77.251000,79.941000,75.986000,79.782000,79.782000,23457600
2000-07-07,80.152000,81.839000,79.677000,80.494000,80.494000,16488500
2000-07-10,79.888000,80.890000,79.308000,79.519000,79.519000,12591100
2000-07-11,79.361000,80.784000,78.306000,78.635000,78.635000,14316400
2000-07-12,80.521000,82.472000,79.835000,81.813000,81.813000,18217700
2000-07-13,82.630000,84.159000,81.944000,83.474000,83.474000,19404300
2000-07-14,84.581000,85.319000,83.368000,84.897000,84.897000,17140200
2000-07-17,85.161000,86.110000,84.265000,85.583000,85.583000,12857900
2000-07-18,84.686000,85.029000,82.986000,83.737000,83.737000,20473900
2000-07-19,82.946000,83.474000,80.705000,81.523000,81.523000,21262100
2000-07-20,82.577000,84.528000,82.063000,84.528000,84.528000,19338100
2000-07-21,83.052000,83.961000,81.958000,82.103000,82.103000,14369400
2000-07-24,82.630000,83.526000,79.571000,79.571000,79.571000,18449900
2000-07-25,80.679000,81.615000,79.150000,81.061000,81.061000,18997200
2000-07-26,80.573000,81.101000,78.675000,80.679000,80.679000,20236900
2000-07-27,79.255000,80.204000,77.251000,77.251000,77.251000,25756600
2000-07-28,77.779000,78.359000,72.558000,73.244000,73.244000,36359500
2000-07-31,73.929000,76.038000,72.321000,75.511000,75.511000,27316000
2000-08-01,75.775000,75.920000,73.811000,74.588000,74.588000,15711900
2000-08-02,74.140000,76.263000,73.138000,73.283000,73.283000,23445200
2000-08-03,71.082000,76.619000,70.291000,76.619000,76.619000,35590100
2000-08-04,77.620000,78.266000,75.195000,75.933000,75.933000,22236200
2000-08-07,76.671000,78.490000,76.144000,77.844000,77.844000,15046100
2000-08-08,77.673000,78.833000,77.199000,77.620000,77.620000,14368300
2000-08-09,79.044000,79.677000,77.106000,77.291000,77.291000,18466400
2000-08-10,77.462000,77.818000,75.669000,75.880000,75.880000,15270800
2000-08-11,75.300000,76.869000,74.140000,76.671000,76.671000,20825000
2000-08-14,77.093000,78.464000,76.104000,78.411000,78.411000,12466400
2000-08-15,78.253000,79.295000,77.620000,78.517000,78.517000,14048800
2000-08-16,78.833000,79.888000,77.620000,78.820000,78.820000,15163400
2000-08-17,78.411000,80.890000,78.359000,80.521000,80.521000,14370200
2000-08-18,80.942000,81.523000,79.888000,80.270000,80.270000,14637100
2000-08-21,80.995000,81.720000,79.624000,80.784000,80.784000,13507100
2000-08-22,80.995000,82.142000,80.376000,80.521000,80.521000,14828300
2000-08-23,79.888000,82.208000,79.163000,81.839000,81.839000,21311800
2000-08-24,82.208000,83.263000,81.048000,83.157000,83.157000,13514400
2000-08-25,83.091000,84.330000,82.366000,82.999000,82.999000,11697900
2000-08-28,82.894000,84.238000,82.630000,83.052000,83.052000,12272100
2000-08-29,83.210000,83.671000,82.564000,83.381000,83.381000,11142300
2000-08-30,82.946000,83.948000,82.485000,83.434000,83.434000,10505700
2000-08-31,84.054000,85.952000,84.001000,85.952000,85.952000,15469400
2000-09-01,86.901000,87.336000,85.372000,86.479000,86.479000,14007700
2000-09-05,85.741000,85.846000,83.882000,83.961000,83.961000,16286800
2000-09-06,83.737000,83.935000,80.784000,81.048000,81.048000,20829600
2000-09-07,81.681000,83.882000,81.470000,82.894000,82.894000,16529800
2000-09-08,82.485000,82.683000,80.006000,80.046000,80.046000,22961100
2000-09-11,79.730000,81.101000,77.620000,78.279000,78.279000,27175400
2000-09-12,78.886000,79.888000,76.645000,77.040000,77.040000,23873800
2000-09-13,76.144000,79.097000,75.933000,78.833000,78.833000,33706500
2000-09-14,80.362000,80.942000,78.161000,78.780000,78.780000,28446900
2000-09-15,78.570000,78.991000,76.513000,77.093000,77.093000,24538700
2000-09-18,77.462000,78.464000,74.681000,75.775000,75.775000,28948600
2000-09-19,76.566000,79.123000,75.828000,78.886000,78.886000,27517700
2000-09-20,78.780000,80.349000,77.040000,79.888000,79.888000,33083000
2000-09-21,79.097000,79.716000,77.673000,77.950000,77.950000,24138700
2000-09-22,73.929000,78.464000,73.824000,78.411000,78.411000,33577400
2000-09-25,78.991000,79.519000,75.986000,76.091000,76.091000,20393100
2000-09-26,76.579000,78.042000,75.037000,75.037000,75.037000,25511000
2000-09-27,76.460000,76.935000,74.246000,75.511000,75.511000,28388800
2000-09-28,74.852000,78.464000,74.852000,78.003000,78.003000,28755100
2000-09-29,77.620000,77.726000,74.826000,74.826000,74.826000,27018000
2000-10-02,76.144000,76.144000,72.558000,73.191000,73.191000,24968100
2000-10-03,74.298000,74.667000,70.251000,70.343000,70.343000,35725800
2000-10-04,70.449000,73.283000,69.289000,72.242000,72.242000,37675600
2000-10-05,71.925000,73.560000,71.345000,72.453000,72.453000,23442900
2000-10-06,72.189000,73.033000,68.554000,70.027000,70.027000,36335500
2000-10-09,69.658000,70.713000,66.969000,69.711000,69.711000,28834400
2000-10-10,69.025000,70.291000,65.703000,66.072000,66.072000,35269600
2000-10-11,64.859000,67.878000,64.174000,65.018000,65.018000,48462800
2000-10-12,66.863000,67.127000,62.697000,63.383000,63.383000,53223700
2000-10-13,63.014000,68.867000,62.961000,68.551000,68.551000,42410100
2000-10-16,68.445000,69.447000,67.285000,68.867000,68.867000,27634000
2000-10-17,70.133000,70.172000,65.809000,66.020000,66.020000,52082400
2000-10-18,64.754000,68.498000,62.908000,65.809000,65.809000,64770600
2000-10-19,69.513000,71.807000,68.709000,71.767000,71.767000,42443700
2000-10-20,71.293000,74.140000,71.200000,72.822000,72.822000,40690900
2000-10-23,72.716000,73.824000,70.976000,72.716000,72.716000,28988200
2000-10-24,72.927000,73.402000,69.500000,69.553000,69.553000,31457200
2000-10-25,68.551000,69.183000,64.873000,65.703000,65.703000,48633200
2000-10-26,65.967000,67.496000,62.117000,67.391000,67.391000,69995100
2000-10-27,68.221000,69.065000,65.374000,67.259000,67.259000,51045400
2000-10-30,65.967000,67.391000,63.871000,64.767000,64.767000,35494100
2000-10-31,65.809000,69.658000,65.703000,68.933000,68.933000,43862400
2000-11-01,67.760000,69.869000,66.810000,68.340000,68.340000,45185100
2000-11-02,69.342000,70.238000,68.392000,69.183000,69.183000,26594000
2000-11-03,69.922000,70.818000,68.880000,70.080000,70.080000,29836500
2000-11-06,70.554000,70.976000,69.183000,69.553000,69.553000,23478600
2000-11-07,68.709000,69.579000,67.707000,69.289000,69.289000,24339200
2000-11-08,69.289000,69.394000,63.805000,63.871000,63.871000,40330100
2000-11-09,63.067000,64.912000,61.590000,63.858000,63.858000,64953700
2000-11-10,62.645000,63.858000,60.535000,60.535000,60.535000,49227000
2000-11-13,59.863000,62.592000,57.596000,59.112000,59.112000,75015500
2000-11-14,61.590000,64.121000,61.379000,63.989000,63.989000,44828000
2000-11-15,63.752000,65.861000,63.106000,65.281000,65.281000,37757100
2000-11-16,63.594000,64.965000,61.485000,61.485000,61.485000,33888000
2000-11-17,61.748000,63.436000,59.903000,61.445000,61.445000,49911300
2000-11-20,59.850000,60.799000,58.426000,58.940000,58.940000,46860200
2000-11-21,59.217000,60.008000,57.741000,58.848000,58.848000,42124200
2000-11-22,57.741000,59.164000,56.106000,56.212000,56.212000,56618800
2000-11-24,57.688000,59.586000,57.517000,59.428000,59.428000,19980000
2000-11-27,61.221000,61.537000,58.004000,58.690000,58.690000,35415600
2000-11-28,58.163000,59.006000,55.104000,55.223000,55.223000,48807400
2000-11-29,55.526000,56.317000,52.731000,53.100000,53.100000,66173900
2000-11-30,52.098000,54.208000,51.044000,53.140000,53.140000,74865500
2000-12-01,54.050000,56.330000,52.415000,53.997000,53.997000,57110400
2000-12-04,54.102000,55.144000,52.098000,53.733000,53.733000,49076000
2000-12-05,55.737000,59.903000,55.262000,59.639000,59.639000,76517200
2000-12-06,59.560000,60.997000,57.161000,57.372000,57.372000,63346800
2000-12-07,56.528000,58.202000,55.262000,56.106000,56.106000,41471300
2000-12-08,59.982000,62.434000,57.055000,57.372000,57.372000,65840500
2000-12-11,60.796000,63.093000,59.863000,62.750000,62.750000,51822800
2000-12-12,62.012000,62.328000,60.166000,60.456000,60.456000,31047700
2000-12-13,61.959000,62.012000,57.635000,57.991000,57.991000,51659100
2000-12-14,57.807000,58.795000,55.051000,55.157000,55.157000,41511600
2000-12-15,54.208000,55.368000,52.784000,53.891000,53.891000,59023600
2000-12-18,54.972000,55.658000,52.784000,53.997000,53.997000,42734500
2000-12-19,53.535000,55.566000,49.567000,49.884000,49.884000,80489700
2000-12-20,48.355000,49.251000,46.193000,47.023000,47.023000,81399400
2000-12-21,46.417000,49.567000,45.771000,47.300000,47.300000,85869100
2000-12-22,48.618000,51.255000,48.618000,51.044000,51.044000,57243000
2000-12-26,51.123000,52.244000,48.935000,51.360000,51.360000,37078900
2000-12-27,50.358000,52.468000,49.726000,51.940000,51.940000,33952500
2000-12-28,51.281000,52.718000,50.833000,51.835000,51.835000,30996300
2000-12-29,51.940000,52.507000,48.935000,49.251000,49.251000,49190600
2001-01-02,49.409000,49.515000,44.242000,45.085000,45.085000,62512900
2001-01-03,44.031000,55.051000,44.004000,52.679000,52.679000,118227200
2001-01-04,51.993000,53.680000,50.820000,51.729000,51.729000,58452600
2001-01-05,51.729000,51.729000,47.247000,47.775000,47.775000,68776400
2001-01-08,47.511000,48.513000,45.151000,48.302000,48.302000,55546600
2001-01-09,48.724000,49.884000,47.775000,48.302000,48.302000,53307900
2001-01-10,47.353000,50.938000,47.036000,50.780000,50.780000,74232500
2001-01-11,50.002000,53.733000,49.936000,52.257000,52.257000,65401300
2001-01-12,52.945000,54.524000,51.888000,52.929000,52.929000,60792700
2001-01-16,52.784000,53.087000,51.097000,52.296000,52.296000,32137200
2001-01-17,54.419000,55.355000,53.272000,53.891000,53.891000,61377900
2001-01-18,54.102000,56.317000,52.889000,56.159000,56.159000,54874200
2001-01-19,57.490000,57.635000,55.315000,55.948000,55.948000,56280400
2001-01-22,55.579000,56.528000,54.630000,56.001000,56.001000,35771400
2001-01-23,55.605000,57.714000,55.104000,57.174000,57.174000,49829200
2001-01-24,57.424000,58.321000,56.317000,56.633000,56.633000,53866600
2001-01-25,56.422000,57.095000,54.326000,54.419000,54.419000,57076200
2001-01-26,53.628000,55.631000,53.153000,55.302000,55.302000,45679800
2001-01-29,54.630000,56.739000,54.208000,56.528000,56.528000,31507800
2001-01-30,56.654000,57.152000,55.684000,56.317000,56.317000,42830000
2001-01-31,56.739000,57.372000,54.250000,54.250000,54.250000,59310500
2001-02-01,54.461000,55.355000,53.659000,54.967000,54.967000,45153800
2001-02-02,54.790000,55.094000,50.622000,51.930000,51.930000,47438300
2001-02-05,51.626000,52.225000,50.723000,51.888000,51.888000,36015200
2001-02-06,51.879000,53.254000,51.601000,51.972000,51.972000,42399000
2001-02-07,51.052000,51.634000,49.424000,51.128000,51.128000,61951800
2001-02-08,51.381000,51.888000,49.424000,49.601000,49.601000,48146600
2001-02-09,49.146000,49.441000,47.247000,47.585000,47.585000,55403100
2001-02-12,47.458000,48.884000,46.927000,48.158000,48.158000,50540300
2001-02-13,48.639000,49.930000,46.387000,46.657000,46.657000,58908800
2001-02-14,46.741000,48.724000,45.665000,48.471000,48.471000,63039600
2001-02-15,49.610000,51.035000,49.188000,49.272000,49.272000,67767800
2001-02-16,47.213000,47.981000,46.007000,46.513000,46.513000,66756200
2001-02-20,47.028000,47.112000,44.126000,44.708000,44.708000,55293000
2001-02-21,43.493000,45.619000,42.961000,43.451000,43.451000,72319600
2001-02-22,43.408000,44.007000,41.248000,43.029000,43.029000,103867200
2001-02-23,42.261000,43.535000,40.692000,43.181000,43.181000,93314300
2001-02-26,43.941000,44.379000,42.396000,43.999000,43.999000,78335000
2001-02-27,43.484000,43.940000,41.257000,41.341000,41.341000,66727300
2001-02-28,41.721000,42.362000,39.536000,40.034000,40.034000,102211700
2001-03-01,39.629000,41.510000,38.599000,41.173000,41.173000,101703200
2001-03-02,39.823000,41.873000,38.515000,39.401000,39.401000,95924400
2001-03-05,40.076000,40.801000,39.730000,40.118000,40.118000,43869100
2001-03-06,41.594000,42.742000,41.426000,41.679000,41.679000,60815300
2001-03-07,42.522000,42.548000,41.316000,41.696000,41.696000,55187600
2001-03-08,41.637000,42.025000,40.582000,40.919000,40.919000,48927400
2001-03-09,39.865000,39.966000,37.924000,38.051000,38.051000,79986800
2001-03-12,37.123000,37.924000,35.267000,35.689000,35.689000,80650000
2001-03-13,36.093000,37.747000,35.545000,37.502000,37.502000,80001400
2001-03-14,36.026000,38.127000,35.697000,36.912000,36.912000,97182900
2001-03-15,38.135000,38.236000,35.478000,35.562000,35.562000,74099800
2001-03-16,35.334000,36.110000,34.220000,34.676000,34.676000,77770800
2001-03-19,34.963000,36.498000,34.381000,36.498000,36.498000,53233800
2001-03-20,36.650000,36.962000,33.917000,34.043000,34.043000,104988200
2001-03-21,34.187000,35.267000,33.503000,34.043000,34.043000,96083000
2001-03-22,34.254000,36.110000,33.318000,36.110000,36.110000,130194200
2001-03-23,36.743000,36.979000,35.014000,36.110000,36.110000,95267600
2001-03-26,36.676000,36.701000,35.056000,35.275000,35.275000,57662700
2001-03-27,35.267000,36.887000,34.946000,36.490000,36.490000,69925200
2001-03-28,35.351000,35.604000,33.478000,33.495000,33.495000,77963000
2001-03-29,33.225000,34.263000,32.440000,32.862000,32.862000,79633000
2001-03-30,33.157000,33.731000,32.061000,33.031000,33.031000,63658300
2001-04-02,33.048000,33.621000,31.470000,31.554000,31.554000,69702200
2001-04-03,31.386000,31.850000,29.209000,29.243000,29.243000,88979300
2001-04-04,29.286000,30.213000,28.348000,28.728000,28.728000,76426200
2001-04-05,30.373000,32.027000,30.129000,31.478000,31.478000,86971800
2001-04-06,31.133000,31.301000,29.951000,30.626000,30.626000,86117600
2001-04-09,31.040000,31.546000,30.247000,31.259000,31.259000,51630200
2001-04-10,31.976000,34.136000,31.875000,33.579000,33.579000,94167900
2001-04-11,35.570000,35.857000,34.128000,34.592000,34.592000,92773400
2001-04-12,34.001000,36.110000,33.748000,36.110000,36.110000,79520800
2001-04-16,35.386000,35.798000,33.799000,33.959000,33.959000,65200700
2001-04-17,33.707000,36.026000,33.664000,34.803000,34.803000,94431600
2001-04-18,36.887000,43.029000,36.448000,38.431000,38.431000,129098900
2001-04-19,38.895000,41.130000,38.456000,40.751000,40.751000,109699100
2001-04-20,40.649000,41.713000,39.915000,40.835000,40.835000,80571100
2001-04-23,39.645000,40.261000,37.874000,38.093000,38.093000,79313000
2001-04-24,38.051000,39.165000,36.912000,37.376000,37.376000,88875200
2001-04-25,37.038000,38.456000,36.363000,38.051000,38.051000,68399300
2001-04-26,38.726000,39.021000,37.013000,37.081000,37.081000,71105300
2001-04-27,38.093000,38.363000,37.326000,38.093000,38.093000,56462000
2001-04-30,39.021000,40.135000,38.220000,38.937000,38.937000,73852000
2001-05-01,38.979000,40.565000,38.304000,40.540000,40.540000,54476900
2001-05-02,41.173000,41.679000,40.076000,41.324000,41.324000,77552200
2001-05-03,40.413000,40.414000,38.979000,39.485000,39.485000,67121100
2001-05-04,38.220000,40.666000,38.059000,40.666000,40.666000,72670900
2001-05-07,40.498000,41.004000,39.738000,39.823000,39.823000,45558200
2001-05-08,40.751000,40.793000,39.645000,40.666000,40.666000,56891200
2001-05-09,39.696000,40.455000,39.181000,39.274000,39.274000,60981000
2001-05-10,40.430000,40.540000,38.574000,38.616000,38.616000,61115800
2001-05-11,38.675000,39.165000,38.042000,38.431000,38.431000,48757400
2001-05-14,38.220000,38.270000,37.216000,37.815000,37.815000,43047400
2001-05-15,37.882000,39.063000,37.612000,38.093000,38.093000,69004100
2001-05-16,37.384000,40.093000,37.173000,39.780000,39.780000,80090400
2001-05-17,40.034000,41.164000,39.873000,40.413000,40.413000,73781800
2001-05-18,40.194000,40.818000,39.730000,40.531000,40.531000,41091400
2001-05-21,40.641000,43.155000,40.202000,43.071000,43.071000,85420500
2001-05-22,43.290000,43.830000,42.337000,42.944000,42.944000,77228800
2001-05-23,42.564000,42.565000,41.038000,41.046000,41.046000,65610400
2001-05-24,41.316000,42.177000,40.725000,42.101000,42.101000,61738000
2001-05-25,42.151000,42.202000,41.046000,41.333000,41.333000,36188500
2001-05-29,40.919000,40.919000,38.895000,38.911000,38.911000,66603300
2001-05-30,38.336000,38.684000,37.190000,37.486000,37.486000,81392000
2001-05-31,37.578000,38.684000,37.376000,37.739000,37.739000,67973200
2001-06-01,38.422000,39.004000,37.401000,38.852000,38.852000,61868800
2001-06-04,39.095000,39.570000,38.211000,38.667000,38.667000,41679500
2001-06-05,39.064000,40.801000,38.979000,40.371000,40.371000,68143100
2001-06-06,40.565000,41.248000,39.713000,40.059000,40.059000,61160900
2001-06-07,39.770000,41.755000,39.717000,41.088000,41.088000,65357200
2001-06-08,41.105000,41.147000,39.612000,39.949000,39.949000,56389400
2001-06-11,39.570000,40.894000,38.380000,38.852000,38.852000,48870100
2001-06-12,37.857000,39.485000,37.317000,38.641000,38.641000,78444400
2001-06-13,39.041000,39.443000,37.562000,37.587000,37.587000,68526700
2001-06-14,37.144000,37.460000,35.435000,35.646000,35.646000,91025500
2001-06-15,35.267000,36.363000,34.829000,35.942000,35.942000,84583900
2001-06-18,35.975000,36.423000,34.929000,35.461000,35.461000,63415400
2001-06-19,36.549000,36.752000,34.811000,35.284000,35.284000,73378700
2001-06-20,34.845000,36.254000,34.828000,36.085000,36.085000,83583700
2001-06-21,36.001000,37.317000,35.689000,36.574000,36.574000,67204100
2001-06-22,36.803000,37.292000,35.933000,36.490000,36.490000,51868600
2001-06-25,36.794000,36.954000,35.984000,36.583000,36.583000,39194400
2001-06-26,35.891000,37.030000,35.841000,36.709000,36.709000,55150800
2001-06-27,36.854000,37.249000,36.279000,36.946000,36.946000,53286500
2001-06-28,37.462000,39.114000,37.418000,37.418000,37.418000,89940600
2001-06-29,38.042000,39.249000,37.713000,38.557000,38.557000,59719600
2001-07-02,38.517000,39.215000,38.127000,38.346000,38.346000,50873000
2001-07-03,38.177000,38.549000,37.798000,38.506000,38.506000,24758300
2001-07-05,37.857000,38.126000,36.659000,36.659000,36.659000,44376300
2001-07-06,36.288000,36.372000,35.005000,35.140000,35.140000,53427700
2001-07-09,35.349000,36.018000,35.014000,35.444000,35.444000,45536700
2001-07-10,36.077000,36.178000,34.085000,34.170000,34.170000,58598400
2001-07-11,34.102000,34.676000,33.638000,34.592000,34.592000,77386500
2001-07-12,35.967000,36.979000,35.689000,36.785000,36.785000,70337000
2001-07-13,36.600000,37.486000,36.195000,36.406000,36.406000,62472800
2001-07-16,36.591000,37.005000,35.351000,35.731000,35.731000,53371400
2001-07-17,35.291000,36.617000,35.047000,36.532000,36.532000,59775500
2001-07-18,35.671000,36.153000,34.710000,35.140000,35.140000,64711300
2001-07-19,35.824000,36.574000,35.224000,35.975000,35.975000,76495500
2001-07-20,35.005000,35.554000,34.895000,35.140000,35.140000,49006400
2001-07-23,35.638000,35.773000,34.212000,34.263000,34.263000,55316600
2001-07-24,34.069000,34.507000,33.166000,33.875000,33.875000,70420400
2001-07-25,33.867000,34.355000,33.242000,34.170000,34.170000,68844900
2001-07-26,34.128000,35.343000,33.731000,34.676000,34.676000,69152700
2001-07-27,35.132000,35.655000,34.507000,35.393000,35.393000,47484900
2001-07-30,35.545000,35.689000,34.929000,35.182000,35.182000,39455200
2001-07-31,35.300000,36.093000,35.014000,35.233000,35.233000,55701900
2001-08-01,35.973000,36.701000,35.781000,36.363000,36.363000,53861100
2001-08-02,36.953000,37.126000,36.127000,37.047000,37.047000,53163400
2001-08-03,36.726000,36.726000,35.908000,36.431000,36.431000,51510000
2001-08-06,35.890000,36.153000,35.731000,35.857000,35.857000,31099100
2001-08-07,35.520000,36.127000,35.385000,35.672000,35.672000,38353600
2001-08-08,35.309000,35.984000,34.001000,34.170000,34.170000,76057300
2001-08-09,34.094000,34.490000,33.731000,34.313000,34.313000,66830700
2001-08-10,34.110000,34.381000,33.098000,33.984000,33.984000,68480900
2001-08-13,34.246000,34.879000,33.917000,34.676000,34.676000,48420600
2001-08-14,35.005000,35.182000,34.204000,34.254000,34.254000,51157100
2001-08-15,34.271000,34.533000,32.963000,32.989000,32.989000,58797900
2001-08-16,32.608000,33.402000,32.095000,33.377000,33.377000,68197400
2001-08-17,32.433000,32.736000,31.816000,31.858000,31.858000,56641800
2001-08-20,31.934000,32.609000,31.656000,32.297000,32.297000,49921300
2001-08-21,32.305000,32.609000,30.922000,30.955000,30.955000,56401600
2001-08-22,31.597000,31.926000,30.829000,31.799000,31.799000,65213200
2001-08-23,31.790000,32.449000,31.469000,31.487000,31.487000,54614000
2001-08-24,31.942000,33.233000,31.850000,33.157000,33.157000,58447400
2001-08-27,33.141000,33.664000,32.761000,33.200000,33.200000,50918800
2001-08-28,33.174000,33.276000,32.070000,32.162000,32.162000,65266800
2001-08-29,32.373000,32.440000,31.327000,31.689000,31.689000,59040500
2001-08-30,31.048000,31.478000,30.162000,30.517000,30.517000,76090500
2001-08-31,30.405000,31.242000,30.323000,30.905000,30.905000,54299700
2001-09-04,30.810000,31.639000,29.825000,29.926000,29.926000,74060300
2001-09-05,29.943000,30.297000,28.812000,29.808000,29.808000,95447100
2001-09-06,29.310000,29.968000,28.500000,28.601000,28.601000,88601000
2001-09-07,28.366000,29.614000,28.137000,28.433000,28.433000,95522500
2001-09-10,28.256000,28.956000,28.131000,28.770000,28.770000,80367900
2001-09-17,26.366000,27.673000,26.231000,26.323000,26.323000,97736900
2001-09-18,26.602000,27.420000,25.623000,25.733000,25.733000,66274200
2001-09-19,25.851000,26.155000,23.843000,25.286000,25.286000,116627500
2001-09-20,24.720000,25.387000,24.299000,24.442000,24.442000,90830700
2001-09-21,23.126000,24.442000,22.949000,23.784000,23.784000,112285200
2001-09-24,24.535000,25.311000,24.121000,24.982000,24.982000,85674500
2001-09-25,25.066000,25.674000,24.425000,25.058000,25.058000,83856000
2001-09-26,25.269000,25.311000,23.970000,24.189000,24.189000,59735600
2001-09-27,23.961000,24.290000,23.134000,24.029000,24.029000,70034000
2001-09-28,24.332000,25.244000,23.885000,24.450000,24.450000,84805100
2001-10-01,24.341000,24.450000,23.497000,24.240000,24.240000,53450700
2001-10-02,24.172000,24.813000,23.961000,24.315000,24.315000,74170900
2001-10-03,23.986000,26.669000,23.902000,26.155000,26.155000,136211900
2001-10-04,26.703000,28.011000,26.104000,26.408000,26.408000,127386900
2001-10-05,26.155000,26.914000,25.530000,26.796000,26.796000,96560200
2001-10-08,26.264000,27.294000,26.121000,26.880000,26.880000,67779600
2001-10-09,26.880000,27.015000,26.045000,26.231000,26.231000,57547500
2001-10-10,26.046000,27.454000,25.945000,27.420000,27.420000,73838900
2001-10-11,28.004000,29.740000,27.960000,29.276000,29.276000,117223000
2001-10-12,28.964000,29.361000,27.960000,29.150000,29.150000,111900700
2001-10-15,28.787000,29.150000,28.399000,29.023000,29.023000,78295700
2001-10-16,29.250000,29.614000,28.745000,29.496000,29.496000,81141800
2001-10-17,30.264000,30.373000,27.252000,27.378000,27.378000,141490100
2001-10-18,27.589000,28.298000,27.336000,28.121000,28.121000,94346100
2001-10-19,27.732000,28.475000,26.998000,28.306000,28.306000,73418500
2001-10-22,28.213000,29.108000,28.028000,29.065000,29.065000,74105500
2001-10-23,29.379000,29.868000,28.686000,29.217000,29.217000,104050800
2001-10-24,29.192000,30.103000,28.956000,29.850000,29.850000,90165000
2001-10-25,29.281000,31.065000,28.880000,31.048000,31.048000,118522700
2001-10-26,30.795000,31.268000,30.382000,30.382000,30.382000,93816900
2001-10-29,30.373000,30.507000,28.720000,28.720000,28.720000,92131500
2001-10-30,28.441000,28.762000,27.707000,28.163000,28.163000,96075900
2001-10-31,28.720000,29.496000,28.416000,28.601000,28.601000,106165000
2001-11-01,29.057000,30.005000,28.502000,29.816000,29.816000,92676200
2001-11-02,29.758000,30.247000,29.437000,30.036000,30.036000,64913100
2001-11-05,30.593000,31.352000,30.508000,31.014000,31.014000,64281500
2001-11-06,30.887000,32.229000,30.702000,32.221000,32.221000,107185300
2001-11-07,31.732000,32.769000,31.639000,32.179000,32.179000,92542400
2001-11-08,32.525000,33.242000,31.428000,31.850000,31.850000,105882200
2001-11-09,31.721000,32.128000,31.318000,31.833000,31.833000,74112700
2001-11-12,31.217000,32.356000,30.626000,32.061000,32.061000,112981300
2001-11-13,32.930000,33.326000,32.592000,33.208000,33.208000,97911400
2001-11-14,33.714000,33.950000,32.685000,33.444000,33.444000,88629500
2001-11-15,33.041000,33.841000,32.862000,33.309000,33.309000,86342600
2001-11-16,33.309000,33.478000,32.837000,33.216000,33.216000,64034100
2001-11-19,33.571000,34.161000,33.318000,34.161000,34.161000,69180300
2001-11-20,33.815000,33.942000,32.466000,32.584000,32.584000,85209300
2001-11-21,32.457000,32.862000,32.044000,32.601000,32.601000,60827100
2001-11-23,32.702000,33.267000,32.542000,33.141000,33.141000,27042800
2001-11-26,33.394000,34.052000,32.913000,33.959000,33.959000,75256100
2001-11-27,33.790000,34.566000,33.073000,33.917000,33.917000,100259100
2001-11-28,33.520000,34.060000,32.643000,32.693000,32.693000,101523500
2001-11-29,32.934000,33.748000,30.998000,33.706000,33.706000,83820200
2001-11-30,33.520000,33.782000,33.208000,33.453000,33.453000,66020800
2001-12-03,33.149000,33.411000,32.795000,32.879000,32.879000,60391900
2001-12-04,33.191000,34.457000,32.432000,34.448000,34.448000,79390400
2001-12-05,34.767000,36.406000,34.693000,36.153000,36.153000,115730200
2001-12-06,36.034000,36.482000,35.739000,36.203000,36.203000,77684300
2001-12-07,35.847000,35.942000,34.710000,35.208000,35.208000,81629200
2001-12-10,34.866000,35.629000,34.490000,34.592000,34.592000,69086000
2001-12-11,34.980000,35.655000,34.701000,34.786000,34.786000,66045100
2001-12-12,35.014000,35.385000,34.254000,35.064000,35.064000,76091100
2001-12-13,34.347000,34.592000,33.546000,33.546000,33.546000,79566300
2001-12-14,33.640000,34.136000,33.385000,33.841000,33.841000,69999000
2001-12-17,33.765000,34.794000,33.765000,34.423000,34.423000,62448800
2001-12-18,34.727000,35.014000,33.883000,34.811000,34.811000,50841200
2001-12-19,34.220000,34.862000,34.018000,34.178000,34.178000,79590700
2001-12-20,33.832000,34.001000,32.634000,32.727000,32.727000,83034800
2001-12-21,33.260000,33.503000,33.031000,33.309000,33.309000,56203900
2001-12-24,33.360000,33.436000,33.031000,33.174000,33.174000,13660400
2001-12-26,33.220000,34.001000,33.039000,33.486000,33.486000,37693500
2001-12-27,33.621000,33.918000,33.411000,33.756000,33.756000,34249800
2001-12-28,33.994000,34.425000,33.942000,34.026000,34.026000,38242900
2001-12-31,34.010000,34.128000,32.828000,32.828000,32.828000,46173000
2002-01-02,33.385000,33.875000,32.845000,33.841000,33.841000,61704300
2002-01-03,34.010000,35.056000,33.967000,35.014000,35.014000,85762800
2002-01-04,35.393000,35.680000,34.533000,35.157000,35.157000,86868400
2002-01-07,35.535000,35.621000,33.841000,34.769000,34.769000,75096200
2002-01-08,34.683000,35.241000,34.457000,35.005000,35.005000,66932300
2002-01-09,35.469000,35.942000,34.507000,34.685000,34.685000,85104400
2002-01-10,34.739000,35.047000,34.322000,34.912000,34.912000,75530800
2002-01-11,34.893000,35.098000,34.145000,34.465000,34.465000,60821800
2002-01-14,34.161000,34.322000,33.495000,33.714000,33.714000,71298900
2002-01-15,33.778000,34.381000,33.377000,34.035000,34.035000,66891000
2002-01-16,33.358000,33.697000,32.710000,32.719000,32.719000,90940800
2002-01-17,33.309000,33.729000,32.913000,33.453000,33.453000,74828900
2002-01-18,32.761000,33.284000,32.246000,32.558000,32.558000,81983500
2002-01-22,32.904000,32.921000,31.495000,31.554000,31.554000,81764800
2002-01-23,31.765000,32.643000,31.512000,32.423000,32.423000,74961000
2002-01-24,32.854000,33.338000,32.356000,32.854000,32.854000,77212600
2002-01-25,32.459000,33.031000,32.364000,32.761000,32.761000,58828200
2002-01-28,33.034000,33.233000,32.415000,32.946000,32.946000,47785400
2002-01-29,33.016000,33.249000,31.651000,32.044000,32.044000,83329300
2002-01-30,32.061000,32.778000,31.090000,32.288000,32.288000,101371800
2002-01-31,32.548000,32.693000,32.077000,32.491000,32.491000,69653000
2002-02-01,32.399000,32.803000,31.807000,32.179000,32.179000,61202200
2002-02-04,32.028000,32.120000,30.888000,31.149000,31.149000,82754600
2002-02-05,30.871000,31.495000,30.534000,30.635000,30.635000,86839300
2002-02-06,31.082000,31.124000,30.120000,30.424000,30.424000,98524300
2002-02-07,30.370000,30.837000,29.530000,29.690000,29.690000,97704900
2002-02-08,29.918000,30.576000,29.504000,30.517000,30.517000,80470400
2002-02-11,30.491000,33.048000,30.356000,30.905000,30.905000,57618800
2002-02-12,30.636000,31.200000,30.407000,30.652000,30.652000,51465400
2002-02-13,30.982000,31.343000,30.888000,31.175000,31.175000,60978100
2002-02-14,31.343000,31.698000,30.373000,31.116000,31.116000,77498500
2002-02-15,31.080000,31.141000,30.069000,30.188000,30.188000,79829600
2002-02-19,29.846000,29.918000,28.956000,29.260000,29.260000,72417100
2002-02-20,29.452000,29.673000,28.627000,29.656000,29.656000,106536300
2002-02-21,29.352000,29.487000,28.247000,28.247000,28.247000,109293200
2002-02-22,28.364000,28.855000,27.918000,28.391000,28.391000,99812700
2002-02-25,28.693000,29.740000,28.648000,29.538000,29.538000,88992300
2002-02-26,29.725000,29.892000,28.998000,29.428000,29.428000,94679800
2002-02-27,29.864000,29.960000,28.736000,29.023000,29.023000,95150900
2002-02-28,29.119000,29.504000,28.475000,28.500000,28.500000,95705100
2002-03-01,28.816000,30.162000,28.762000,30.154000,30.154000,85998300
2002-03-04,30.122000,31.411000,27.623000,31.343000,31.343000,105721300
2002-03-05,31.165000,31.951000,31.057000,31.571000,31.571000,91438200
2002-03-06,31.284000,32.018000,30.879000,31.723000,31.723000,86833500
2002-03-07,32.162000,32.339000,31.225000,31.791000,31.791000,85502200
2002-03-08,32.255000,32.930000,32.170000,32.626000,32.626000,84446900
2002-03-11,32.356000,33.065000,32.111000,32.508000,32.508000,71055200
2002-03-12,31.705000,32.061000,31.487000,32.061000,32.061000,82664800
2002-03-13,31.563000,31.774000,30.373000,31.284000,31.284000,71383000
2002-03-14,31.275000,31.554000,30.981000,31.099000,31.099000,70726200
2002-03-15,31.132000,31.495000,30.876000,31.411000,31.411000,63973300
2002-03-18,31.753000,32.010000,31.259000,31.588000,31.588000,78950400
2002-03-19,31.731000,31.959000,31.403000,31.538000,31.538000,58947600
2002-03-20,31.115000,31.284000,30.407000,30.424000,30.424000,61823300
2002-03-21,30.500000,31.335000,30.289000,31.234000,31.234000,92291900
2002-03-22,31.170000,31.335000,30.770000,30.947000,30.947000,58930200
2002-03-25,30.955000,31.133000,29.968000,30.002000,30.002000,87435200
2002-03-26,29.890000,30.728000,29.867000,30.280000,30.280000,92457500
2002-03-27,30.067000,30.373000,29.867000,30.044000,30.044000,64537000
2002-03-28,30.390000,30.685000,30.289000,30.424000,30.424000,59573400
2002-04-01,30.204000,31.133000,29.783000,31.006000,31.006000,70732700
2002-04-02,30.361000,30.500000,29.530000,29.605000,29.605000,77764000
2002-04-03,29.783000,29.909000,28.939000,29.555000,29.555000,85768500
2002-04-04,29.114000,29.664000,28.922000,29.327000,29.327000,90533800
2002-04-05,29.538000,29.677000,28.838000,28.998000,28.998000,68433300
2002-04-08,28.246000,29.361000,28.201000,29.361000,29.361000,74959900
2002-04-09,29.344000,29.513000,28.262000,28.340000,28.340000,80925000
2002-04-10,28.483000,28.897000,27.952000,28.551000,28.551000,85758200
2002-04-11,28.399000,28.559000,27.748000,27.842000,27.842000,90671200
2002-04-12,28.116000,28.517000,27.800000,28.281000,28.281000,78359800
2002-04-15,28.520000,28.652000,28.011000,28.509000,28.509000,69329100
2002-04-16,29.049000,29.715000,29.038000,29.698000,29.698000,72092300
2002-04-17,29.867000,29.951000,29.065000,29.546000,29.546000,69130100
2002-04-18,29.348000,29.656000,28.686000,28.981000,28.981000,91120000
2002-04-19,29.578000,29.580000,29.006000,29.074000,29.074000,62431700
2002-04-22,28.694000,28.703000,28.058000,28.340000,28.340000,64641600
2002-04-23,28.347000,28.635000,27.589000,27.851000,27.851000,73101400
2002-04-24,28.022000,28.104000,27.167000,27.420000,27.420000,68965100
2002-04-25,27.258000,27.614000,26.998000,27.353000,27.353000,103085600
2002-04-26,27.557000,28.686000,26.163000,26.188000,26.188000,100194600
2002-04-29,26.361000,26.619000,25.790000,26.256000,26.256000,85336400
2002-04-30,26.182000,27.163000,26.106000,26.771000,26.771000,95421100
2002-05-01,26.720000,26.863000,25.800000,26.627000,26.627000,109968400
2002-05-02,26.490000,26.990000,25.699000,25.741000,25.741000,85858400
2002-05-03,25.708000,25.745000,20.148000,25.092000,25.092000,92128100
2002-05-06,25.005000,25.298000,24.341000,24.442000,24.442000,96519200
2002-05-07,24.695000,24.763000,23.978000,24.214000,24.214000,102059800
2002-05-08,25.421000,26.897000,25.311000,26.804000,26.804000,129922800
2002-05-09,26.642000,26.906000,25.986000,26.113000,26.113000,106527100
2002-05-10,26.167000,26.238000,24.889000,24.940000,24.940000,112373800
2002-05-13,25.201000,26.138000,25.037000,25.952000,25.952000,93973800
2002-05-14,27.045000,27.547000,26.889000,27.479000,27.479000,107841700
2002-05-15,27.068000,28.374000,26.872000,27.682000,27.682000,204584500
2002-05-16,27.456000,27.884000,27.184000,27.724000,27.724000,89899200
2002-05-17,28.087000,28.189000,27.395000,27.783000,27.783000,82720100
2002-05-20,27.505000,27.589000,26.948000,27.176000,27.176000,78157400
2002-05-21,27.310000,27.496000,26.232000,26.433000,26.433000,104169900
2002-05-22,26.146000,26.652000,25.657000,26.492000,26.492000,89542500
2002-05-23,26.686000,27.083000,25.986000,27.024000,27.024000,94453800
2002-05-24,26.654000,26.737000,26.163000,26.357000,26.357000,55876900
2002-05-28,26.552000,26.599000,25.724000,26.239000,26.239000,68838600
2002-05-29,25.872000,26.070000,25.513000,25.547000,25.547000,73479300
2002-05-30,25.322000,25.918000,25.227000,25.767000,25.767000,92089700
2002-05-31,25.952000,26.188000,25.311000,25.345000,25.345000,79907700
2002-06-03,25.318000,25.522000,24.290000,24.450000,24.450000,77072600
2002-06-04,24.257000,25.041000,24.138000,24.771000,24.771000,98375700
2002-06-05,24.822000,25.142000,24.442000,25.024000,25.024000,95370200
2002-06-06,24.898000,24.904000,23.539000,24.366000,24.366000,93207500
2002-06-07,23.311000,24.290000,23.219000,23.877000,23.877000,106055300
2002-06-10,23.927000,24.256000,23.742000,23.835000,23.835000,73149800
2002-06-11,24.130000,24.206000,23.086000,23.168000,23.168000,84609500
2002-06-12,22.990000,23.590000,22.640000,23.505000,23.505000,152986400
2002-06-13,23.425000,23.801000,23.078000,23.354000,23.354000,97610400
2002-06-14,22.663000,23.387000,22.105000,23.303000,23.303000,122091600
2002-06-17,23.625000,24.256000,23.548000,24.096000,24.096000,87635900
2002-06-18,23.891000,24.594000,23.860000,24.484000,24.484000,100205700
2002-06-19,23.711000,23.897000,22.991000,23.067000,23.067000,93516100
2002-06-20,23.008000,23.160000,21.658000,22.324000,22.324000,99923200
2002-06-21,22.246000,22.594000,21.641000,21.784000,21.784000,101815800
2002-06-24,21.478000,22.611000,21.270000,22.215000,22.215000,139673100
2002-06-25,22.429000,22.544000,21.346000,21.481000,21.481000,136737900
2002-06-26,20.618000,21.751000,20.578000,21.472000,21.472000,149032300
2002-06-27,21.936000,22.147000,17.372000,22.113000,22.113000,121381000
2002-06-28,21.978000,22.569000,21.810000,22.021000,22.021000,87860000
2002-07-01,21.918000,22.054000,20.907000,20.966000,20.966000,64782400
2002-07-02,20.762000,20.882000,19.481000,20.207000,20.207000,111611000
2002-07-03,20.124000,20.882000,19.928000,20.882000,20.882000,101076300
2002-07-05,21.315000,22.265000,21.135000,22.223000,22.223000,56771100
2002-07-08,22.105000,22.400000,21.160000,21.413000,21.413000,97348200
2002-07-09,21.304000,21.497000,20.747000,20.806000,20.806000,91053000
2002-07-10,21.091000,21.118000,20.105000,20.164000,20.164000,115303400
2002-07-11,20.052000,21.000000,19.852000,20.924000,20.924000,170214300
2002-07-12,21.303000,21.536000,20.713000,20.924000,20.924000,130025600
2002-07-15,20.829000,21.632000,20.038000,21.573000,21.573000,140525300
2002-07-16,21.305000,21.959000,21.008000,21.253000,21.253000,148231400
2002-07-17,22.001000,22.307000,21.000000,21.641000,21.641000,157983400
2002-07-18,21.421000,21.573000,20.688000,20.865000,20.865000,113974200
2002-07-19,20.529000,20.848000,20.080000,20.240000,20.240000,124783000
2002-07-22,20.126000,20.671000,19.481000,19.743000,19.743000,150017300
2002-07-23,19.787000,20.038000,18.798000,18.899000,18.899000,150829000
2002-07-24,18.406000,19.962000,18.258000,19.928000,19.928000,186473900
2002-07-25,19.623000,19.743000,18.393000,18.772000,18.772000,153921700
2002-07-26,19.041000,19.273000,18.570000,19.127000,19.127000,96037400
2002-07-29,19.639000,20.350000,19.473000,20.105000,20.105000,96715900
2002-07-30,20.022000,20.831000,19.903000,20.510000,20.510000,117358400
2002-07-31,20.251000,20.409000,19.709000,20.122000,20.122000,93840100
2002-08-01,20.029000,20.164000,19.118000,19.177000,19.177000,85188500
2002-08-02,19.219000,19.270000,18.410000,18.772000,18.772000,86720700
2002-08-05,18.654000,18.835000,17.971000,18.089000,18.089000,84911100
2002-08-06,18.396000,19.414000,18.384000,18.983000,18.983000,114818500
2002-08-07,19.575000,19.717000,18.528000,19.236000,19.236000,126214400
2002-08-08,19.200000,19.911000,18.815000,19.886000,19.886000,111674000
2002-08-09,19.580000,20.010000,19.304000,19.684000,19.684000,93577800
2002-08-12,19.447000,19.810000,19.321000,19.743000,19.743000,62889500
2002-08-13,19.599000,20.139000,19.025000,19.068000,19.068000,88333700
2002-08-14,19.127000,20.418000,18.958000,20.283000,20.283000,102656900
2002-08-15,20.454000,20.713000,20.013000,20.696000,20.696000,120286700
2002-08-16,20.358000,21.093000,20.022000,20.839000,20.839000,95853000
2002-08-19,20.898000,21.590000,20.823000,21.346000,21.346000,76021500
2002-08-20,21.251000,21.455000,20.966000,21.253000,21.253000,89981800
2002-08-21,21.427000,21.810000,21.093000,21.725000,21.725000,101371100
2002-08-22,21.724000,22.113000,21.447000,22.071000,22.071000,80359300
2002-08-23,21.769000,21.776000,21.050000,21.219000,21.219000,75212900
2002-08-26,21.346000,21.422000,20.763000,21.303000,21.303000,83341800
2002-08-27,21.456000,21.530000,20.375000,20.561000,20.561000,92351800
2002-08-28,20.271000,20.327000,19.734000,19.810000,19.810000,115697100
2002-08-29,19.574000,20.434000,19.422000,20.072000,20.072000,97065100
2002-08-30,19.928000,20.255000,19.726000,19.819000,19.819000,59501800
2002-09-03,19.456000,19.768000,18.848000,19.101000,19.101000,81871500
2002-09-04,18.983000,19.422000,18.764000,19.177000,19.177000,82711900
2002-09-05,18.899000,18.983000,18.502000,18.705000,18.705000,92293100
2002-09-06,19.118000,19.591000,19.068000,19.279000,19.279000,86010900
2002-09-09,19.133000,19.717000,18.890000,19.473000,19.473000,72684300
2002-09-10,19.599000,19.970000,19.430000,19.954000,19.954000,74622100
2002-09-11,20.350000,20.544000,19.759000,19.785000,19.785000,73908500
2002-09-12,19.605000,19.628000,19.160000,19.245000,19.245000,70772500
2002-09-13,19.068000,19.473000,19.000000,19.397000,19.397000,79653600
2002-09-16,19.287000,19.409000,18.874000,19.118000,19.118000,58853600
2002-09-17,19.447000,19.582000,18.713000,18.713000,18.713000,89176300
2002-09-18,18.570000,19.025000,18.376000,18.502000,18.502000,92396200
2002-09-19,18.308000,18.671000,18.182000,18.207000,18.207000,86253100
2002-09-20,18.419000,18.477000,18.123000,18.283000,18.283000,78120200
2002-09-23,18.097000,18.156000,17.557000,17.735000,17.735000,72763300
2002-09-24,17.454000,18.097000,17.422000,17.743000,17.743000,91502100
2002-09-25,18.013000,18.595000,17.802000,18.452000,18.452000,98052400
2002-09-26,18.696000,18.840000,18.030000,18.224000,18.224000,104434300
2002-09-27,18.182000,18.739000,17.979000,17.979000,17.979000,92254600
2002-09-30,17.777000,17.920000,17.287000,17.481000,17.481000,91527000
2002-10-01,17.642000,18.553000,17.271000,18.545000,18.545000,102096200
2002-10-02,18.148000,18.536000,17.692000,17.929000,17.929000,94883500
2002-10-03,17.768000,18.055000,17.448000,17.498000,17.498000,74364600
2002-10-04,17.667000,17.735000,16.967000,17.169000,17.169000,81850400
2002-10-07,17.093000,17.372000,16.747000,17.009000,17.009000,79871300
2002-10-08,17.110000,17.389000,16.672000,17.043000,17.043000,94102600
2002-10-09,16.823000,17.321000,16.739000,16.925000,16.925000,103305600
2002-10-10,16.958000,17.895000,16.798000,17.785000,17.785000,109583000
2002-10-11,18.182000,18.882000,18.072000,18.747000,18.747000,124799500
2002-10-14,18.452000,18.983000,18.376000,18.966000,18.966000,78913400
2002-10-15,19.776000,19.940000,19.557000,19.878000,19.878000,118106100
2002-10-16,19.167000,19.540000,18.620000,19.219000,19.219000,97493600
2002-10-17,19.911000,20.088000,19.051000,19.869000,19.869000,95857200
2002-10-18,19.641000,20.122000,19.346000,20.088000,20.088000,85208000
2002-10-21,19.844000,20.628000,19.658000,20.493000,20.493000,85705300
2002-10-22,20.028000,20.536000,19.954000,20.367000,20.367000,90275200
2002-10-23,20.122000,20.780000,19.970000,20.755000,20.755000,88296900
2002-10-24,20.823000,20.974000,20.181000,20.232000,20.232000,88944000
2002-10-25,20.240000,20.882000,20.240000,20.772000,20.772000,71738700
2002-10-28,21.093000,21.126000,20.392000,20.662000,20.662000,90285700
2002-10-29,20.510000,20.645000,19.717000,20.181000,20.181000,90364100
2002-10-30,20.306000,20.915000,20.122000,20.721000,20.721000,103512000
2002-10-31,20.806000,21.126000,20.553000,20.713000,20.713000,81518600
2002-11-01,20.568000,21.430000,20.367000,21.303000,21.303000,86668800
2002-11-04,21.978000,22.628000,21.767000,21.852000,21.852000,110564800
2002-11-05,21.692000,22.080000,21.565000,22.021000,22.021000,79619200
2002-11-06,22.181000,22.451000,21.632000,22.333000,22.333000,116768000
2002-11-07,21.928000,22.021000,21.354000,21.548000,21.548000,82741400
2002-11-08,21.506000,21.827000,21.059000,21.152000,21.152000,77013600
2002-11-11,21.050000,21.109000,20.375000,20.510000,20.510000,74621500
2002-11-12,20.586000,21.430000,20.586000,21.033000,21.033000,88867600
2002-11-13,20.839000,21.472000,20.665000,21.287000,21.287000,119372600
2002-11-14,21.582000,22.291000,21.531000,22.021000,22.021000,86195900
2002-11-15,21.854000,22.316000,21.725000,22.307000,22.307000,69316100
2002-11-18,22.539000,22.586000,21.928000,21.978000,21.978000,76934800
2002-11-19,21.767000,21.978000,21.346000,21.641000,21.641000,88217900
2002-11-20,21.565000,22.569000,21.548000,22.561000,22.561000,75625500
2002-11-21,22.721000,25.058000,22.569000,23.396000,23.396000,105595400
2002-11-22,23.092000,23.573000,23.050000,23.387000,23.387000,73821600
2002-11-25,23.421000,23.797000,23.235000,23.615000,23.615000,72711000
2002-11-26,23.438000,23.565000,22.696000,22.822000,22.822000,80053600
2002-11-27,23.227000,23.792000,23.191000,23.548000,23.548000,73686800
2002-11-29,23.801000,23.868000,22.966000,23.387000,23.387000,34652100
2002-12-02,23.978000,24.290000,23.261000,23.624000,23.624000,85998600
2002-12-03,23.244000,23.269000,22.721000,22.923000,22.923000,76699100
2002-12-04,22.409000,22.738000,22.113000,22.417000,22.417000,130339900
2002-12-05,22.738000,22.780000,22.046000,22.105000,22.105000,85192500
2002-12-06,21.776000,22.544000,21.717000,22.333000,22.333000,81765000
2002-12-09,22.122000,22.400000,21.261000,21.278000,21.278000,75950500
2002-12-10,21.447000,21.894000,21.388000,21.599000,21.599000,69645500
2002-12-11,21.464000,21.995000,21.362000,21.700000,21.700000,64276700
2002-12-12,21.936000,22.080000,21.565000,21.818000,21.818000,62382400
2002-12-13,21.531000,21.573000,21.101000,21.126000,21.126000,72695600
2002-12-16,21.278000,21.902000,21.152000,21.810000,21.810000,60359200
2002-12-17,21.776000,22.105000,21.649000,21.877000,21.877000,62797100
2002-12-18,21.557000,21.599000,21.135000,21.413000,21.413000,67548500
2002-12-19,21.237000,21.751000,20.932000,21.143000,21.143000,96176500
2002-12-20,21.371000,21.472000,21.152000,21.362000,21.362000,65596600
2002-12-23,21.244000,21.734000,21.202000,21.658000,21.658000,46003800
2002-12-24,21.514000,21.708000,21.362000,21.388000,21.388000,16773100
2002-12-26,21.540000,21.860000,21.236000,21.329000,21.329000,33816800
2002-12-27,21.244000,21.810000,20.882000,20.941000,20.941000,42540600
2002-12-30,20.958000,21.067000,20.553000,20.780000,20.780000,57458700
2002-12-31,20.704000,20.848000,20.485000,20.561000,20.561000,46028000
2003-01-02,20.856000,21.557000,20.628000,21.430000,21.430000,66305100
2003-01-03,21.481000,21.692000,21.329000,21.666000,21.666000,39091300
2003-01-06,21.692000,22.434000,21.261000,22.206000,22.206000,67359300
2003-01-07,22.282000,22.721000,22.147000,22.485000,22.485000,88784000
2003-01-08,22.265000,22.755000,21.801000,21.852000,21.852000,75091000
2003-01-09,22.139000,22.763000,22.125000,22.527000,22.527000,75427900
2003-01-10,22.231000,22.999000,22.122000,22.864000,22.864000,82638000
2003-01-13,23.058000,23.176000,22.552000,22.729000,22.729000,72945200
2003-01-14,22.704000,23.050000,22.653000,22.847000,22.847000,47262500
2003-01-15,22.982000,23.078000,22.426000,22.561000,22.561000,55450400
2003-01-16,22.603000,22.763000,22.147000,22.307000,22.307000,69707500
2003-01-17,21.855000,21.886000,21.320000,21.354000,21.354000,77452100
2003-01-21,21.438000,21.557000,21.109000,21.118000,21.118000,68031200
2003-01-22,21.066000,21.540000,20.983000,21.033000,21.033000,80967000
2003-01-23,21.430000,21.801000,21.185000,21.523000,21.523000,78658800
2003-01-24,21.540000,21.541000,20.789000,20.941000,20.941000,74576300
2003-01-27,20.628000,21.118000,20.561000,20.696000,20.696000,76589600
2003-01-28,20.898000,21.135000,20.603000,20.907000,20.907000,65295100
2003-01-29,20.890000,21.472000,20.536000,21.219000,21.219000,95805100
2003-01-30,21.362000,21.447000,20.662000,20.704000,20.704000,70503100
2003-01-31,20.299000,20.890000,20.257000,20.620000,20.620000,90548000
2003-02-03,20.694000,20.920000,20.569000,20.662000,20.662000,53194500
2003-02-04,20.401000,20.502000,20.097000,20.409000,20.409000,69504100
2003-02-05,20.527000,20.974000,20.257000,20.316000,20.316000,80168100
2003-02-06,20.283000,20.544000,20.131000,20.426000,20.426000,103594700
2003-02-07,20.553000,20.628000,19.954000,20.088000,20.088000,72338900
2003-02-10,20.164000,20.460000,19.928000,20.266000,20.266000,67603300
2003-02-11,20.460000,20.763000,20.181000,20.375000,20.375000,78007300
2003-02-12,20.308000,20.527000,20.063000,20.097000,20.097000,51815000
2003-02-13,20.122000,20.232000,19.675000,20.198000,20.198000,77763000
2003-02-14,20.105000,20.671000,19.928000,20.662000,20.662000,67562000
2003-02-18,20.839000,21.379000,20.823000,21.303000,21.303000,74026500
2003-02-19,21.261000,21.295000,20.848000,21.160000,21.160000,45608800
2003-02-20,21.219000,21.320000,20.958000,21.076000,21.076000,59952900
2003-02-21,21.033000,21.405000,20.679000,21.236000,21.236000,70344700
2003-02-24,21.202000,21.271000,20.848000,20.873000,20.873000,56709200
2003-02-25,20.628000,21.050000,20.316000,20.898000,20.898000,74635200
2003-02-26,20.823000,21.042000,20.418000,20.434000,20.434000,60143700
2003-02-27,20.603000,21.025000,20.477000,20.898000,20.898000,66519200
2003-02-28,20.932000,21.278000,20.856000,21.227000,21.227000,50595200
2003-03-03,21.320000,21.497000,20.721000,20.797000,20.797000,60441200
2003-03-04,20.806000,20.898000,20.603000,20.671000,20.671000,56092600
2003-03-05,20.586000,20.907000,20.519000,20.713000,20.713000,69205500
2003-03-06,20.612000,20.823000,20.443000,20.662000,20.662000,59550300
2003-03-07,20.316000,21.050000,20.215000,20.704000,20.704000,73329800
2003-03-10,20.527000,20.634000,20.173000,20.257000,20.257000,55990500
2003-03-11,20.299000,20.451000,20.063000,20.080000,20.080000,54945100
2003-03-12,20.046000,20.451000,19.861000,20.443000,20.443000,77964100
2003-03-13,20.789000,21.641000,20.586000,21.616000,21.616000,128537600
2003-03-14,21.708000,21.919000,21.396000,21.700000,21.700000,89832300
2003-03-17,21.455000,22.611000,21.388000,22.442000,22.442000,141198400
2003-03-18,22.611000,22.755000,22.291000,22.721000,22.721000,97193000
2003-03-19,22.653000,23.421000,22.215000,22.527000,22.527000,91369800
2003-03-20,22.392000,22.898000,22.080000,22.611000,22.611000,93099800
2003-03-21,22.957000,23.101000,22.105000,22.923000,22.923000,93395200
2003-03-24,22.333000,22.442000,21.911000,21.970000,21.970000,85300700
2003-03-25,22.070000,22.577000,21.945000,22.282000,22.282000,78789200
2003-03-26,22.358000,22.586000,22.240000,22.409000,22.409000,68026600
2003-03-27,22.164000,22.485000,22.021000,22.248000,22.248000,64201400
2003-03-28,22.054000,22.299000,21.894000,22.004000,22.004000,45395700
2003-03-31,21.599000,21.708000,21.270000,21.303000,21.303000,89399200
2003-04-01,21.464000,21.658000,21.303000,21.472000,21.472000,73423500
2003-04-02,21.987000,22.409000,21.962000,22.240000,22.240000,75971000
2003-04-03,22.476000,22.653000,22.198000,22.341000,22.341000,71118300
2003-04-04,22.417000,22.442000,21.911000,21.978000,21.978000,65743900
2003-04-07,22.873000,22.949000,21.995000,22.012000,22.012000,83879400
2003-04-08,22.063000,22.181000,21.835000,21.987000,21.987000,54282600
2003-04-09,22.021000,22.172000,21.438000,21.481000,21.481000,76543600
2003-04-10,21.481000,21.742000,21.346000,21.742000,21.742000,57234700
2003-04-11,21.953000,22.078000,21.396000,21.523000,21.523000,67992400
2003-04-14,21.599000,22.054000,21.507000,21.962000,21.962000,53422600
2003-04-15,21.911000,22.324000,21.809000,22.172000,22.172000,64621300
2003-04-16,22.485000,22.636000,22.037000,22.122000,22.122000,70747200
2003-04-17,22.073000,22.763000,22.063000,22.628000,22.628000,70275000
2003-04-21,22.736000,22.869000,22.459000,22.712000,22.712000,52750100
2003-04-22,22.558000,23.168000,22.485000,23.143000,23.143000,70905800
2003-04-23,23.202000,23.413000,22.999000,23.311000,23.311000,70578300
2003-04-24,23.084000,23.413000,23.008000,23.185000,23.185000,72510800
2003-04-25,23.050000,23.134000,22.662000,22.738000,22.738000,63355800
2003-04-28,22.822000,23.311000,22.738000,23.185000,23.185000,59685000
2003-04-29,23.320000,23.674000,23.126000,23.396000,23.396000,80373400
2003-04-30,23.328000,23.446000,23.143000,23.160000,23.160000,60413100
2003-05-01,23.151000,23.514000,22.940000,23.362000,23.362000,66057500
2003-05-02,23.292000,23.868000,23.261000,23.860000,23.860000,85039600
2003-05-05,23.898000,24.223000,23.767000,23.835000,23.835000,80670700
2003-05-06,23.809000,24.383000,23.801000,24.138000,24.138000,77620900
2003-05-07,23.970000,24.206000,23.725000,23.868000,23.868000,70379700
2003-05-08,23.501000,23.784000,23.421000,23.430000,23.430000,80333800
2003-05-09,23.657000,24.029000,23.619000,23.970000,23.970000,58580500
2003-05-12,23.927000,24.434000,23.767000,24.332000,24.332000,67597100
2003-05-13,24.155000,24.459000,24.079000,24.180000,24.180000,65188000
2003-05-14,24.361000,24.442000,23.927000,24.130000,24.130000,62228300
2003-05-15,24.256000,24.450000,24.096000,24.400000,24.400000,62485100
2003-05-16,24.240000,24.417000,24.029000,24.214000,24.214000,70645900
2003-05-19,24.062000,24.197000,23.295000,23.362000,23.362000,91762900
2003-05-20,23.421000,23.590000,23.126000,23.430000,23.430000,72017400
2003-05-21,23.328000,23.413000,23.151000,23.362000,23.362000,64102800
2003-05-22,23.421000,23.894000,23.303000,23.700000,23.700000,62474100
2003-05-23,23.658000,23.835000,23.581000,23.708000,23.708000,37940600
2003-05-27,23.565000,24.653000,23.539000,24.552000,24.552000,101570300
2003-05-28,24.602000,24.805000,24.434000,24.628000,24.628000,76399000
2003-05-29,24.661000,25.142000,24.602000,24.729000,24.729000,97637300
2003-05-30,24.914000,25.201000,24.847000,25.134000,25.134000,78160900
2003-06-02,25.378000,25.480000,24.729000,24.957000,24.957000,103101300
2003-06-03,24.839000,25.210000,24.180000,25.193000,25.193000,82208000
2003-06-04,25.151000,25.800000,25.075000,25.665000,25.665000,87114900
2003-06-05,25.421000,25.885000,25.286000,25.851000,25.851000,89486600
2003-06-06,26.298000,26.551000,25.328000,25.421000,25.421000,157178100
2003-06-09,25.311000,25.497000,24.914000,25.083000,25.083000,94981100
2003-06-10,25.193000,25.480000,25.041000,25.463000,25.463000,69923600
2003-06-11,25.370000,25.851000,25.142000,25.750000,25.750000,87395900
2003-06-12,25.849000,25.944000,25.530000,25.859000,25.859000,79562100
2003-06-13,25.864000,25.927000,25.193000,25.277000,25.277000,83365900
2003-06-16,25.454000,26.070000,25.311000,26.053000,26.053000,71592800
2003-06-17,26.172000,26.248000,25.783000,25.952000,25.952000,67724600
2003-06-18,25.868000,26.345000,25.691000,26.087000,26.087000,80241000
2003-06-19,26.138000,26.357000,25.632000,25.665000,25.665000,79539600
2003-06-20,25.893000,25.969000,25.522000,25.632000,25.632000,71569200
2003-06-23,25.589000,25.624000,24.940000,25.235000,25.235000,86598500
2003-06-24,25.083000,25.421000,24.914000,25.041000,25.041000,83041100
2003-06-25,25.033000,25.463000,24.864000,24.906000,24.906000,94353100
2003-06-26,25.066000,25.547000,24.982000,25.497000,25.497000,79266700
2003-06-27,25.522000,25.792000,25.119000,25.168000,25.168000,82545500
2003-06-30,25.446000,25.598000,25.142000,25.269000,25.269000,72086000
2003-07-01,25.058000,25.632000,24.687000,25.606000,25.606000,105918200
2003-07-02,25.659000,26.146000,25.632000,26.129000,26.129000,81992000
2003-07-03,25.902000,26.239000,25.708000,25.800000,25.800000,50050800
2003-07-07,26.129000,26.914000,26.123000,26.906000,26.906000,88708200
2003-07-08,26.813000,27.260000,26.678000,27.235000,27.235000,82302500
2003-07-09,27.150000,27.412000,26.939000,27.167000,27.167000,89848500
2003-07-10,26.872000,26.990000,26.433000,26.661000,26.661000,103214800
2003-07-11,26.705000,26.990000,26.669000,26.863000,26.863000,67778400
2003-07-14,27.289000,27.631000,27.057000,27.184000,27.184000,84558100
2003-07-15,27.446000,27.547000,26.948000,27.218000,27.218000,76114700
2003-07-16,27.387000,27.420000,26.771000,27.133000,27.133000,81709600
2003-07-17,26.720000,26.863000,26.191000,26.307000,26.307000,110496700
2003-07-18,26.492000,26.965000,26.087000,26.391000,26.391000,80587600
2003-07-21,26.357000,26.408000,25.826000,26.053000,26.053000,111931700
2003-07-22,26.248000,26.577000,26.037000,26.442000,26.442000,91610700
2003-07-23,26.484000,26.695000,26.146000,26.661000,26.661000,69189600
2003-07-24,26.872000,27.015000,26.222000,26.307000,26.307000,83615500
2003-07-25,26.264000,26.863000,25.960000,26.830000,26.830000,83055600
2003-07-28,26.880000,26.988000,26.661000,26.906000,26.906000,56219000
2003-07-29,26.939000,27.015000,26.349000,26.703000,26.703000,80601600
2003-07-30,26.754000,26.779000,26.433000,26.509000,26.509000,56642300
2003-07-31,26.821000,27.277000,26.593000,26.830000,26.830000,85711100
2003-08-01,26.737000,26.821000,26.408000,26.543000,26.543000,73569600
2003-08-04,26.509000,26.931000,26.020000,26.534000,26.534000,96430300
2003-08-05,26.501000,26.560000,25.463000,25.488000,25.488000,111179700
2003-08-06,25.615000,25.961000,25.395000,25.471000,25.471000,96848100
2003-08-07,25.497000,25.741000,25.328000,25.573000,25.573000,67364300
2003-08-08,25.674000,25.775000,25.252000,25.370000,25.370000,66706600
2003-08-11,25.378000,25.817000,25.336000,25.648000,25.648000,63737300
2003-08-12,25.741000,26.070000,25.586000,26.037000,26.037000,59770000
2003-08-13,26.138000,26.210000,25.859000,26.045000,26.045000,58071600
2003-08-14,26.053000,26.315000,25.876000,26.070000,26.070000,51191200
2003-08-15,26.155000,26.399000,26.096000,26.298000,26.298000,28131300
2003-08-18,26.416000,27.007000,26.197000,26.973000,26.973000,67352700
2003-08-19,27.091000,27.319000,26.868000,27.311000,27.311000,68390800
2003-08-20,27.083000,27.437000,27.015000,27.243000,27.243000,58280300
2003-08-21,27.496000,27.690000,27.226000,27.538000,27.538000,77253800
2003-08-22,28.061000,28.154000,27.277000,27.370000,27.370000,93034400
2003-08-25,27.302000,27.429000,27.176000,27.429000,27.429000,43082300
2003-08-26,27.235000,27.496000,26.838000,27.454000,27.454000,79913300
2003-08-27,27.412000,27.699000,27.311000,27.673000,27.673000,47272000
2003-08-28,27.791000,27.943000,27.437000,27.918000,27.918000,55356800
2003-08-29,27.876000,28.230000,27.825000,28.171000,28.171000,53194600
2003-09-02,28.256000,28.593000,27.952000,28.576000,28.576000,80504300
2003-09-03,28.770000,28.855000,28.391000,28.559000,28.559000,85258000
2003-09-04,28.542000,28.871000,28.433000,28.821000,28.821000,63903100
2003-09-05,28.657000,28.973000,28.407000,28.635000,28.635000,91046700
2003-09-08,28.686000,29.133000,28.644000,29.108000,29.108000,69355000
2003-09-09,28.964000,29.011000,28.618000,28.762000,28.762000,88014700
2003-09-10,28.475000,28.593000,27.935000,28.070000,28.070000,111708900
2003-09-11,28.077000,28.500000,27.851000,28.382000,28.382000,96963100
2003-09-12,28.129000,28.551000,27.884000,28.534000,28.534000,105031500
2003-09-15,28.551000,28.610000,28.217000,28.256000,28.256000,54625000
2003-09-16,28.281000,29.049000,28.281000,29.023000,29.023000,87608900
2003-09-17,28.964000,29.108000,28.711000,28.905000,28.905000,79821700
2003-09-18,28.829000,29.411000,28.686000,29.344000,29.344000,91633300
2003-09-19,29.352000,29.411000,28.990000,29.175000,29.175000,69834500
2003-09-22,28.795000,28.855000,28.492000,28.618000,28.618000,97494700
2003-09-23,28.660000,29.158000,28.610000,29.125000,29.125000,77858300
2003-09-24,29.116000,29.361000,27.986000,28.028000,28.028000,115575800
2003-09-25,28.163000,28.669000,27.640000,27.665000,27.665000,117989100
2003-09-26,27.749000,27.986000,27.437000,27.488000,27.488000,106691700
2003-09-29,27.640000,27.986000,27.378000,27.960000,27.960000,97110300
2003-09-30,27.775000,27.808000,27.300000,27.353000,27.353000,119186300
2003-10-01,27.513000,28.036000,27.353000,27.969000,27.969000,106833700
2003-10-02,27.926000,28.205000,27.783000,28.061000,28.061000,83940700
2003-10-03,28.559000,29.082000,28.534000,28.846000,28.846000,112935900
2003-10-06,28.922000,29.065000,28.736000,29.057000,29.057000,49243900
2003-10-07,28.821000,29.234000,28.694000,29.234000,29.234000,80178600
2003-10-08,29.369000,29.395000,28.871000,29.049000,29.049000,71430500
2003-10-09,29.454000,29.757000,29.049000,29.268000,29.268000,118275100
2003-10-10,29.335000,29.555000,29.226000,29.538000,29.538000,68398200
2003-10-13,29.648000,29.842000,29.462000,29.732000,29.732000,60980600
2003-10-14,29.614000,29.892000,29.496000,29.808000,29.808000,64216900
2003-10-15,30.204000,30.247000,29.555000,29.681000,29.681000,97791100
2003-10-16,29.614000,29.977000,29.530000,29.918000,29.918000,74087600
2003-10-17,29.878000,29.943000,29.192000,29.200000,29.200000,98011000
2003-10-20,29.234000,30.103000,28.753000,29.563000,29.563000,76162200
2003-10-21,29.648000,29.909000,29.478000,29.740000,29.740000,75015200
2003-10-22,29.437000,29.470000,29.057000,29.167000,29.167000,88815200
2003-10-23,28.812000,29.114000,28.728000,28.829000,28.829000,99351400
2003-10-24,28.509000,28.880000,28.256000,28.855000,28.855000,101828500
2003-10-27,28.922000,29.065000,28.720000,28.863000,28.863000,63646100
2003-10-28,29.049000,29.875000,28.998000,29.833000,29.833000,107497400
2003-10-29,29.698000,29.875000,29.589000,29.799000,29.799000,74110900
2003-10-30,30.213000,30.373000,29.648000,29.859000,29.859000,95149600
2003-10-31,29.901000,29.943000,29.580000,29.681000,29.681000,55497200
2003-11-03,29.892000,30.356000,29.833000,30.171000,30.171000,71175280
2003-11-04,30.112000,30.264000,29.906000,29.968000,29.968000,60072509
2003-11-05,29.968000,30.280000,29.656000,30.238000,30.238000,68430500
2003-11-06,30.196000,30.345000,29.816000,30.322000,30.322000,90631600
2003-11-07,30.441000,30.525000,30.036000,30.061000,30.061000,63605800
2003-11-10,30.120000,30.156000,29.605000,29.690000,29.690000,68950500
2003-11-11,29.655000,29.783000,29.403000,29.580000,29.580000,75928500
2003-11-12,29.673000,30.342000,29.648000,30.213000,30.213000,81156200
2003-11-13,30.129000,30.289000,29.994000,30.179000,30.179000,64326000
2003-11-14,30.214000,30.390000,29.487000,29.563000,29.563000,91047900
2003-11-17,29.395000,29.454000,28.902000,29.260000,29.260000,108519300
2003-11-18,29.420000,29.504000,28.534000,28.585000,28.585000,108732000
2003-11-19,28.694000,29.023000,28.585000,28.863000,28.863000,86402500
2003-11-20,28.593000,29.260000,28.525000,28.586000,28.586000,117403200
2003-11-21,28.753000,28.909000,28.458000,28.882000,28.882000,81824400
2003-11-24,29.125000,29.740000,29.082000,29.681000,29.681000,92188500
2003-11-25,29.774000,29.909000,29.605000,29.681000,29.681000,72575000
2003-11-26,29.867000,29.968000,29.369000,29.816000,29.816000,72865600
2003-11-28,29.749000,29.951000,29.705000,29.850000,29.850000,24809100
2003-12-01,30.129000,30.382000,29.926000,30.289000,30.289000,82815900
2003-12-02,30.221000,30.415000,30.019000,30.120000,30.120000,65084600
2003-12-03,30.238000,30.474000,29.740000,29.740000,29.740000,107817200
2003-12-04,29.850000,30.129000,29.597000,30.061000,30.061000,102447200
2003-12-05,29.757000,29.951000,29.494000,29.563000,29.563000,87631200
2003-12-08,29.546000,29.808000,29.344000,29.728000,29.728000,87125700
2003-12-09,29.909000,29.918000,28.981000,29.049000,29.049000,109997100
2003-12-10,29.133000,29.276000,28.795000,29.158000,29.158000,103567400
2003-12-11,29.108000,29.859000,29.102000,29.783000,29.783000,108425400
2003-12-12,29.774000,29.816000,29.445000,29.732000,29.732000,72224600
2003-12-15,30.314000,30.365000,29.234000,29.344000,29.344000,106241800
2003-12-16,29.352000,29.549000,29.040000,29.403000,29.403000,89884900
2003-12-17,29.369000,29.530000,29.170000,29.454000,29.454000,68579800
2003-12-18,29.487000,30.069000,29.486000,30.002000,30.002000,90025600
2003-12-19,30.044000,30.078000,29.698000,29.918000,29.918000,89768400
2003-12-22,29.825000,30.103000,29.774000,30.010000,30.010000,63610600
2003-12-23,30.036000,30.390000,29.977000,30.238000,30.238000,67049200
2003-12-24,30.249000,30.401000,30.215000,30.300000,30.300000,44840300
2003-12-26,30.350000,30.460000,30.232000,30.257000,30.257000,25499000
2003-12-29,30.409000,30.831000,30.401000,30.755000,30.755000,63368100
2003-12-30,30.831000,30.874000,30.637000,30.857000,30.857000,48266900
2003-12-31,30.907000,30.924000,30.595000,30.772000,30.772000,60522600
2004-01-02,30.941000,31.051000,30.570000,30.688000,30.688000,55259000
2004-01-05,30.874000,31.361000,30.857000,31.304000,31.304000,69748000
2004-01-06,31.296000,31.582000,31.186000,31.515000,31.515000,60068800
2004-01-07,31.464000,31.802000,31.287000,31.802000,31.802000,71864800
2004-01-08,31.945000,32.072000,31.734000,32.054000,32.054000,78254800
2004-01-09,31.827000,32.367000,31.726000,31.844000,31.844000,94320000
2004-01-12,31.945000,32.367000,31.802000,32.351000,32.351000,77691600
2004-01-13,32.300000,32.376000,31.734000,32.029000,32.029000,93054700
2004-01-14,32.165000,32.283000,31.861000,32.140000,32.140000,69028600
2004-01-15,32.013000,32.460000,31.760000,32.224000,32.224000,104554100
2004-01-16,32.393000,32.604000,32.215000,32.553000,32.553000,77353700
2004-01-20,32.688000,32.916000,32.331000,32.528000,32.528000,82061900
2004-01-21,32.401000,32.629000,32.072000,32.393000,32.393000,112286600
2004-01-22,32.536000,32.654000,32.123000,32.199000,32.199000,90937500
2004-01-23,32.249000,32.460000,31.886000,32.080000,32.080000,88798000
2004-01-26,32.055000,32.621000,31.937000,32.570000,32.570000,84668100
2004-01-27,32.502000,32.604000,31.810000,31.853000,31.853000,97342200
2004-01-28,32.021000,32.123000,31.231000,31.312000,31.312000,128136100
2004-01-29,31.422000,31.490000,30.941000,31.431000,31.431000,144018800
2004-01-30,31.397000,31.599000,31.203000,31.287000,31.287000,84304900
2004-02-02,31.397000,31.633000,31.076000,31.203000,31.203000,94528300
2004-02-03,31.152000,31.431000,30.992000,31.169000,31.169000,73805500
2004-02-04,30.907000,31.869000,30.662000,30.663000,30.663000,110027700
2004-02-05,30.814000,30.983000,30.663000,30.781000,30.781000,96939900
2004-02-06,30.890000,31.464000,30.831000,31.339000,31.339000,107239000
2004-02-09,31.515000,31.549000,31.270000,31.329000,31.329000,58882500
2004-02-10,31.270000,31.574000,31.253000,31.380000,31.380000,65095800
2004-02-11,31.428000,31.793000,31.228000,31.718000,31.718000,92485700
2004-02-12,31.667000,31.819000,31.431000,31.431000,31.431000,70728500
2004-02-13,31.557000,31.718000,31.025000,31.177000,31.177000,90596900
2004-02-17,31.464000,31.751000,31.414000,31.599000,31.599000,69765200
2004-02-18,31.658000,31.793000,31.498000,31.692000,31.692000,71116100
2004-02-19,31.929000,31.988000,31.076000,31.211000,31.211000,100889400
2004-02-20,31.203000,31.346000,30.848000,31.110000,31.110000,132369400
2004-02-23,31.228000,31.253000,30.300000,30.764000,30.764000,125298100
2004-02-24,30.612000,30.949000,30.384000,30.688000,30.688000,124564600
2004-02-25,30.747000,30.949000,30.663000,30.874000,30.874000,74520600
2004-02-26,30.781000,31.093000,30.641000,30.949000,30.949000,71463400
2004-02-27,31.025000,31.177000,30.612000,30.865000,30.865000,99452100
2004-03-01,30.958000,31.287000,30.781000,31.270000,31.270000,79781000
2004-03-02,31.214000,31.380000,30.899000,30.907000,30.907000,91604900
2004-03-03,30.814000,30.916000,30.561000,30.738000,30.738000,84023200
2004-03-04,30.755000,31.085000,30.713000,31.025000,31.025000,66033600
2004-03-05,30.730000,31.355000,30.688000,30.916000,30.916000,118130800
2004-03-08,30.966000,31.076000,30.156000,30.190000,30.190000,112721900
2004-03-09,30.241000,30.367000,29.979000,30.097000,30.097000,126229200
2004-03-10,30.173000,30.383000,29.650000,29.700000,29.700000,134315600
2004-03-11,29.599000,29.987000,29.371000,29.430000,29.430000,152504700
2004-03-12,29.709000,30.038000,29.667000,29.970000,29.970000,118398800
2004-03-15,29.844000,29.878000,29.380000,29.447000,29.447000,115887600
2004-03-16,29.633000,29.751000,29.228000,29.498000,29.498000,123745400
2004-03-17,29.717000,30.063000,29.692000,29.962000,29.962000,91960100
2004-03-18,29.852000,29.928000,29.515000,29.827000,29.827000,111342400
2004-03-19,29.776000,29.925000,29.308000,29.329000,29.329000,100132600
2004-03-22,29.143000,29.160000,28.721000,28.958000,28.958000,134556300
2004-03-23,29.194000,29.245000,28.701000,28.721000,28.721000,126105000
2004-03-24,28.823000,29.228000,28.704000,29.050000,29.050000,118985300
2004-03-25,29.245000,29.928000,29.219000,29.829000,29.829000,142146600
2004-03-26,29.793000,30.033000,29.709000,29.726000,29.726000,78444100
2004-03-29,29.970000,30.350000,29.954000,30.207000,30.207000,103919600
2004-03-30,30.105000,30.336000,29.976000,30.308000,30.308000,95854500
2004-03-31,30.316000,30.384000,30.055000,30.249000,30.249000,86058000
2004-04-01,30.224000,30.595000,30.198000,30.519000,30.519000,93091900
2004-04-02,31.135000,31.363000,30.823000,31.312000,31.312000,146006600
2004-04-05,31.262000,31.650000,31.203000,31.608000,31.608000,67379400
2004-04-06,31.363000,31.566000,31.160000,31.211000,31.211000,98707700
2004-04-07,31.223000,31.321000,30.941000,31.177000,31.177000,91091700
2004-04-08,31.523000,31.557000,31.009000,31.177000,31.177000,77246700
2004-04-12,31.287000,31.431000,31.211000,31.371000,31.371000,55325500
2004-04-13,31.515000,31.532000,30.772000,30.916000,30.916000,100740700
2004-04-14,30.730000,31.186000,30.688000,31.068000,31.068000,113763800
2004-04-15,31.017000,31.110000,30.401000,30.511000,30.511000,123788500
2004-04-16,30.553000,30.654000,30.207000,30.460000,30.460000,110813700
2004-04-19,30.392000,30.882000,30.367000,30.831000,30.831000,85887400
2004-04-20,30.899000,31.051000,30.080000,30.114000,30.114000,119746700
2004-04-21,30.300000,30.477000,29.920000,30.376000,30.376000,119168300
2004-04-22,30.384000,31.236000,30.367000,31.160000,31.160000,137853000
2004-04-23,31.296000,31.447000,31.144000,31.405000,31.405000,92016600
2004-04-26,31.380000,31.473000,30.933000,31.177000,31.177000,74493200
2004-04-27,31.186000,31.388000,30.966000,31.118000,31.118000,87639500
2004-04-28,30.983000,30.992000,30.400000,30.553000,30.553000,111768700
2004-04-29,30.460000,30.671000,29.793000,30.080000,30.080000,156988800
2004-04-30,30.097000,30.215000,29.304000,29.346000,29.346000,150908900
2004-05-03,29.540000,29.979000,29.447000,29.624000,29.624000,117051400
2004-05-04,29.717000,30.173000,29.565000,29.751000,29.751000,126233300
2004-05-05,29.894000,30.131000,29.709000,29.987000,29.987000,97566800
2004-05-06,29.709000,29.981000,29.413000,29.759000,29.759000,102722500
2004-05-07,29.616000,30.080000,29.464000,29.515000,29.515000,137713100
2004-05-10,29.261000,29.456000,29.050000,29.262000,29.262000,157122900
2004-05-11,29.515000,29.861000,29.472000,29.700000,29.700000,120803600
2004-05-12,29.641000,29.835000,28.924000,29.759000,29.759000,197861300
2004-05-13,29.591000,29.920000,29.472000,29.548000,29.548000,138093300
2004-05-14,29.709000,29.805000,29.236000,29.329000,29.329000,133742900
2004-05-17,29.017000,29.215000,28.789000,29.050000,29.050000,150694900
2004-05-18,29.253000,29.456000,29.202000,29.312000,29.312000,96712000
2004-05-19,29.675000,29.971000,29.232000,29.278000,29.278000,141760500
2004-05-20,29.354000,29.557000,29.169000,29.413000,29.413000,95036000
2004-05-21,29.557000,29.683000,29.319000,29.556000,29.556000,111482400
2004-05-24,29.793000,29.928000,29.540000,29.759000,29.759000,100146500
2004-05-25,29.667000,30.452000,29.497000,30.350000,30.350000,146419700
2004-05-26,30.266000,30.545000,30.224000,30.544000,30.544000,93840900
2004-05-27,30.629000,30.806000,30.384000,30.738000,30.738000,110216800
2004-05-28,30.705000,30.848000,30.561000,30.848000,30.848000,56403300
2004-06-01,30.603000,30.848000,30.477000,30.806000,30.806000,90659100
2004-06-02,30.857000,30.941000,30.527000,30.738000,30.738000,103543800
2004-06-03,30.637000,30.689000,30.232000,30.367000,30.367000,97710700
2004-06-04,30.679000,30.907000,30.527000,30.544000,30.544000,91290200
2004-06-07,30.755000,31.312000,30.671000,31.270000,31.270000,107680000
2004-06-08,31.144000,31.388000,31.101000,31.314000,31.314000,72579300
2004-06-09,31.211000,31.271000,30.696000,30.873000,30.873000,98242400
2004-06-10,30.966000,31.093000,30.848000,31.093000,31.093000,57137000
2004-06-14,30.899000,30.899000,30.468000,30.654000,30.654000,85281200
2004-06-15,30.857000,31.220000,30.857000,31.051000,31.051000,91983500
2004-06-16,31.017000,31.144000,30.933000,31.000000,31.000000,65478600
2004-06-17,30.933000,30.938000,30.595000,30.713000,30.713000,77857400
2004-06-18,30.637000,31.093000,30.603000,30.755000,30.755000,78778200
2004-06-21,30.823000,30.916000,30.435000,30.511000,30.511000,65453800
2004-06-22,30.519000,30.975000,30.397000,30.958000,30.958000,101630500
2004-06-23,30.865000,31.388000,30.814000,31.329000,31.329000,95323300
2004-06-24,31.245000,31.523000,31.160000,31.270000,31.270000,92382900
2004-06-25,31.228000,31.557000,31.211000,31.507000,31.507000,81028400
2004-06-28,31.642000,31.667000,31.144000,31.246000,31.246000,94237900
2004-06-29,31.312000,31.726000,31.296000,31.540000,31.540000,68362400
2004-06-30,31.608000,31.988000,31.523000,31.853000,31.853000,97879400
2004-07-01,31.785000,31.785000,31.034000,31.262000,31.262000,122182800
2004-07-02,31.262000,31.388000,30.916000,31.076000,31.076000,74089900
2004-07-06,30.890000,30.890000,30.241000,30.409000,30.409000,130381200
2004-07-07,30.350000,30.629000,30.316000,30.465000,30.465000,96161600
2004-07-08,30.224000,30.494000,30.004000,30.131000,30.131000,108939500
2004-07-09,30.249000,30.418000,30.072000,30.173000,30.173000,86044900
2004-07-12,30.021000,30.122000,29.295000,30.046000,30.046000,81863800
2004-07-13,30.122000,30.224000,29.886000,30.004000,30.004000,81627900
2004-07-14,29.709000,30.089000,29.582000,29.700000,29.700000,119867700
2004-07-15,29.810000,29.954000,29.591000,29.599000,29.599000,90553500
2004-07-16,29.911000,29.920000,29.218000,29.261000,29.261000,120434100
2004-07-19,29.354000,29.515000,29.093000,29.202000,29.202000,106431600
2004-07-20,29.321000,30.035000,29.295000,29.903000,29.903000,120053900
2004-07-21,30.038000,30.089000,28.983000,29.034000,29.034000,136156300
2004-07-22,29.101000,29.633000,28.907000,29.430000,29.430000,132842500
2004-07-23,29.236000,29.253000,28.721000,28.873000,28.873000,107145200
2004-07-26,28.899000,29.042000,28.443000,28.747000,28.747000,113051300
2004-07-27,28.856000,29.295000,28.730000,29.143000,29.143000,103529400
2004-07-28,29.042000,29.224000,28.536000,29.017000,29.017000,155066200
2004-07-29,29.295000,29.472000,29.118000,29.354000,29.354000,99079200
2004-07-30,29.337000,29.624000,29.245000,29.447000,29.447000,83039800
2004-08-02,29.211000,29.557000,29.084000,29.506000,29.506000,81363000
2004-08-03,29.405000,29.481000,28.855000,28.890000,28.890000,85839200
2004-08-04,28.823000,29.085000,28.704000,28.899000,28.899000,86875300
2004-08-05,28.991000,29.034000,28.357000,28.358000,28.358000,109939200
2004-08-06,28.190000,28.198000,27.008000,27.616000,27.616000,148859800
2004-08-09,27.692000,27.818000,27.557000,27.683000,27.683000,78649000
2004-08-10,27.827000,28.259000,27.784000,28.029000,28.029000,106347100
2004-08-11,27.725000,27.886000,27.472000,27.784000,27.784000,121295700
2004-08-12,27.590000,27.731000,27.320000,27.405000,27.405000,114044000
2004-08-13,27.557000,27.633000,27.303000,27.447000,27.447000,91431200
2004-08-16,27.523000,28.012000,27.503000,27.757000,27.757000,77887100
2004-08-17,27.953000,28.223000,27.842000,28.071000,28.071000,89590000
2004-08-18,27.903000,28.620000,27.860000,28.569000,28.569000,107996400
2004-08-19,28.468000,28.569000,28.198000,28.419000,28.419000,106839000
2004-08-20,28.333000,28.815000,28.282000,28.704000,28.704000,92054900
2004-08-23,28.738000,28.924000,28.620000,28.772000,28.772000,83583900
2004-08-24,28.907000,28.958000,28.536000,28.764000,28.764000,86881200
2004-08-25,28.747000,29.202000,28.612000,29.160000,29.160000,88421200
2004-08-26,29.084000,29.160000,28.958000,29.034000,29.034000,57789200
2004-08-27,29.084000,29.270000,29.067000,29.169000,29.169000,58623100
2004-08-30,29.042000,29.059000,28.649000,28.679000,28.679000,62423200
2004-08-31,28.713000,28.798000,28.401000,28.713000,28.713000,81401200
2004-09-01,28.637000,29.093000,28.527000,28.924000,28.924000,96703000
2004-09-02,28.848000,29.439000,28.831000,29.354000,29.354000,83288600
2004-09-03,29.067000,29.261000,28.738000,28.815000,28.815000,90264800
2004-09-07,29.034000,29.211000,28.797000,29.059000,29.059000,96621800
2004-09-08,28.958000,29.270000,28.848000,28.948000,28.948000,101706800
2004-09-09,29.076000,29.329000,28.806000,29.194000,29.194000,104577000
2004-09-10,29.219000,29.700000,29.093000,29.641000,29.641000,108640200
2004-09-13,29.751000,30.148000,29.658000,30.030000,30.030000,109452800
2004-09-14,29.920000,30.156000,29.844000,30.072000,30.072000,76928600
2004-09-15,29.894000,29.920000,29.624000,29.754000,29.754000,90500000
2004-09-16,29.759000,30.021000,29.650000,29.810000,29.810000,67154300
2004-09-17,29.734000,29.979000,29.675000,29.903000,29.903000,84071200
2004-09-20,29.785000,30.190000,29.692000,29.905000,29.905000,111328800
2004-09-21,29.998000,30.257000,29.894000,30.021000,30.021000,93737000
2004-09-22,29.911000,29.928000,29.430000,29.498000,29.498000,101516200
2004-09-23,29.523000,29.667000,29.436000,29.472000,29.472000,92599200
2004-09-24,29.532000,29.700000,29.329000,29.370000,29.370000,103282000
2004-09-27,29.219000,29.321000,29.017000,29.118000,29.118000,86108900
2004-09-28,29.160000,29.278000,28.890000,29.177000,29.177000,87265200
2004-09-29,29.169000,29.641000,29.143000,29.608000,29.608000,95886100
2004-09-30,29.582000,29.768000,29.447000,29.658000,29.658000,74676800
2004-10-01,29.920000,30.511000,29.844000,30.468000,30.468000,118325700
2004-10-04,30.688000,30.907000,30.595000,30.648000,30.648000,108512600
2004-10-05,30.578000,30.798000,30.519000,30.688000,30.688000,89827200
2004-10-06,30.646000,31.186000,30.477000,30.933000,30.933000,88007800
2004-10-07,30.840000,30.949000,30.527000,30.587000,30.587000,82456100
2004-10-08,30.452000,30.587000,29.962000,30.030000,30.030000,115122600
2004-10-11,30.122000,30.266000,30.046000,30.173000,30.173000,51312100
2004-10-12,29.903000,30.249000,29.709000,30.122000,30.122000,98308200
2004-10-13,30.435000,30.502000,29.903000,30.055000,30.055000,132823100
2004-10-14,30.122000,30.198000,29.819000,29.920000,29.920000,99445600
2004-10-15,29.954000,30.262000,29.776000,30.072000,30.072000,129195000
2004-10-18,29.970000,30.595000,29.878000,30.502000,30.502000,109313300
2004-10-19,30.705000,30.865000,30.207000,30.283000,30.283000,130141500
2004-10-20,30.241000,30.578000,30.089000,30.425000,30.425000,106851800
2004-10-21,30.587000,31.051000,30.468000,30.890000,30.890000,124414300
2004-10-22,30.899000,30.933000,30.165000,30.215000,30.215000,114377600
2004-10-25,30.156000,30.224000,29.954000,30.068000,30.068000,102980000
2004-10-26,30.089000,30.249000,29.886000,30.232000,30.232000,98245200
2004-10-27,30.249000,31.144000,30.139000,31.000000,31.000000,152572900
2004-10-28,30.958000,31.329000,30.865000,31.194000,31.194000,111151200
2004-10-29,31.152000,31.431000,30.949000,31.144000,31.144000,100828500
2004-11-01,31.211000,31.380000,31.059000,31.260000,31.260000,72528500
2004-11-02,31.304000,31.692000,31.236000,31.364000,31.364000,109171700
2004-11-03,31.878000,31.988000,31.355000,31.574000,31.574000,141197600
2004-11-04,31.447000,31.886000,31.321000,31.751000,31.751000,112608500
2004-11-05,32.089000,32.207000,31.743000,32.038000,32.038000,117078400
2004-11-08,32.030000,32.156000,31.945000,32.072000,32.072000,66505700
2004-11-09,32.013000,32.199000,31.912000,32.004000,32.004000,85250200
2004-11-10,32.013000,32.123000,31.768000,31.895000,31.895000,95167000
2004-11-11,31.996000,32.393000,31.954000,32.317000,32.317000,99805800
2004-11-12,32.359000,32.713000,32.215000,32.629000,32.629000,102697500
2004-11-15,32.612000,32.798000,32.494000,32.773000,32.773000,82736400
2004-11-16,32.629000,32.646000,32.342000,32.572000,32.572000,97452600
2004-11-17,32.773000,33.186000,32.773000,33.009000,33.009000,125450100
2004-11-18,32.899000,33.220000,32.821000,33.161000,33.161000,94980200
2004-11-19,33.119000,33.161000,32.570000,32.646000,32.646000,118558400
2004-11-22,32.587000,32.975000,32.477000,32.958000,32.958000,79973100
2004-11-23,32.924000,33.043000,32.587000,32.908000,32.908000,91926500
2004-11-24,32.992000,33.245000,32.975000,33.195000,33.195000,74091000
2004-11-26,33.228000,33.321000,33.059000,33.093000,33.093000,31303200
2004-11-29,33.304000,33.456000,32.891000,33.087000,33.087000,94786900
2004-11-30,33.169000,33.245000,32.967000,33.019000,33.019000,87703900
2004-12-01,33.144000,33.727000,33.144000,33.692000,33.692000,102435015
2004-12-02,33.608000,34.089000,33.557000,33.819000,33.819000,122306130
2004-12-03,34.022000,34.258000,33.828000,33.870000,33.870000,114276522
2004-12-06,33.861000,34.120000,33.684000,33.988000,33.988000,70505197
2004-12-07,34.039000,34.182000,33.363000,33.406000,33.406000,121669485
2004-12-08,33.473000,33.743000,32.756000,33.600000,33.600000,96436614
2004-12-09,33.338000,33.920000,33.119000,33.802000,33.802000,134422537
2004-12-10,33.633000,33.819000,33.541000,33.701000,33.701000,86252389
2004-12-13,33.946000,34.047000,33.743000,33.996000,33.996000,74339241
2004-12-14,33.979000,34.258000,33.971000,34.163000,34.163000,92019769
2004-12-15,34.174000,34.334000,33.891000,34.039000,34.039000,95229970
2004-12-16,34.030000,34.140000,33.608000,33.718000,33.718000,86265069
2004-12-17,33.786000,33.922000,31.707000,33.637000,33.637000,102213970
2004-12-20,33.718000,33.889000,33.309000,33.402000,33.402000,106719878
2004-12-21,33.556000,33.837000,33.469000,33.811000,33.811000,83240677
2004-12-22,33.688000,34.024000,33.648000,33.854000,33.854000,75507430
2004-12-23,33.752000,34.007000,33.692000,33.878000,33.878000,45816379
2004-12-27,34.067000,34.101000,33.573000,33.735000,33.735000,67278365
2004-12-28,33.803000,34.085000,33.752000,34.058000,34.058000,62616686
2004-12-29,34.016000,34.220000,33.999000,34.101000,34.101000,50112182
2004-12-30,34.144000,34.189000,34.024000,34.075000,34.075000,41728204
2004-12-31,34.110000,34.187000,33.999000,34.012000,34.012000,44145564
2005-01-03,34.152000,34.333000,33.547000,33.657000,33.657000,101052208
2005-01-04,33.820000,33.862000,32.848000,33.044000,33.044000,136759292
2005-01-05,32.959000,33.198000,32.780000,32.840000,32.840000,128424276
2005-01-06,32.917000,32.985000,32.670000,32.675000,32.675000,103981120
2005-01-07,32.865000,33.124000,32.559000,32.848000,32.848000,123159230
2005-01-10,32.755000,33.121000,32.711000,32.831000,32.831000,88824600
2005-01-11,32.695000,32.802000,32.439000,32.600000,32.600000,107283390
2005-01-12,32.755000,32.891000,32.388000,32.874000,32.874000,127885823
2005-01-13,32.891000,33.104000,32.388000,32.439000,32.439000,102117505
2005-01-14,32.550000,32.823000,32.542000,32.746000,32.746000,93530063
2005-01-18,32.618000,33.053000,32.567000,32.993000,32.993000,92042101
2005-01-19,33.002000,33.019000,32.431000,32.448000,32.448000,105302893
2005-01-20,32.082000,32.219000,31.800000,31.826000,31.826000,121107333
2005-01-21,31.945000,31.996000,31.519000,31.570000,31.570000,115496664
2005-01-24,31.630000,31.698000,31.068000,31.127000,31.127000,137586438
2005-01-25,31.332000,31.604000,31.238000,31.281000,31.281000,120045513
2005-01-26,31.494000,31.775000,31.378000,31.656000,31.656000,107711314
2005-01-27,31.604000,31.758000,31.417000,31.613000,31.613000,109788764
2005-01-28,31.707000,31.758000,31.204000,31.460000,31.460000,111793283
2005-01-31,31.834000,31.979000,31.749000,31.869000,31.869000,89381338
2005-02-01,31.928000,32.080000,31.843000,31.971000,31.971000,76815285
2005-02-02,32.082000,32.150000,31.792000,32.022000,32.022000,101911126
2005-02-03,31.851000,31.880000,31.528000,31.659000,31.659000,90926345
2005-02-04,31.656000,32.226000,31.656000,32.167000,32.167000,99370375
2005-02-07,32.209000,32.303000,31.971000,32.102000,32.102000,71633078
2005-02-08,32.082000,32.388000,32.056000,32.158000,32.158000,73225164
2005-02-09,32.184000,32.209000,31.583000,31.621000,31.621000,93432520
2005-02-10,31.749000,31.800000,31.425000,31.656000,31.656000,110426553
2005-02-11,31.579000,32.252000,31.465000,32.124000,32.124000,108768906
2005-02-14,32.133000,32.329000,32.114000,32.268000,32.268000,55056970
2005-02-15,32.286000,32.789000,32.226000,32.482000,32.482000,133212243
2005-02-16,32.405000,32.516000,32.235000,32.363000,32.363000,80616379
2005-02-17,32.422000,32.499000,31.894000,31.928000,31.928000,116323034
2005-02-18,31.937000,32.013000,31.749000,31.826000,31.826000,69387152
2005-02-22,31.553000,31.995000,31.349000,31.434000,31.434000,122634973
2005-02-23,31.562000,31.587000,31.270000,31.477000,31.477000,95421038
2005-02-24,31.400000,31.903000,31.323000,31.877000,31.877000,99841020
2005-02-25,31.851000,32.124000,31.775000,32.056000,32.056000,80143675
2005-02-28,31.920000,32.039000,31.462000,31.715000,31.715000,96018828
2005-03-01,31.843000,32.124000,31.809000,32.065000,32.065000,79293542
2005-03-02,31.894000,32.397000,31.831000,32.047000,32.047000,107985175
2005-03-03,32.133000,32.150000,31.545000,31.783000,31.783000,90101320
2005-03-04,32.030000,32.167000,31.869000,31.971000,31.971000,86649866
2005-03-07,32.047000,32.627000,32.005000,32.431000,32.431000,94886351
2005-03-08,32.354000,32.559000,32.082000,32.107000,32.107000,89618428
2005-03-09,32.099000,32.320000,31.928000,32.013000,32.013000,98090870
2005-03-10,32.047000,32.099000,31.596000,31.971000,31.971000,98047627
2005-03-11,32.116000,32.228000,31.545000,31.673000,31.673000,102865410
2005-03-14,31.732000,31.834000,31.554000,31.817000,31.817000,71602364
2005-03-15,31.903000,31.937000,31.519000,31.562000,31.562000,93917510
2005-03-16,31.460000,31.681000,31.127000,31.200000,31.200000,159757441
2005-03-17,31.187000,31.434000,31.136000,31.281000,31.281000,101801139
2005-03-18,31.306000,31.344000,30.974000,31.110000,31.110000,109185283
2005-03-21,31.195000,31.315000,30.889000,31.170000,31.170000,92838632
2005-03-22,31.212000,31.315000,30.769000,30.786000,30.786000,114134328
2005-03-23,30.752000,31.097000,30.735000,30.897000,30.897000,97523974
2005-03-24,31.008000,31.229000,30.906000,30.906000,30.906000,77711689
2005-03-28,31.025000,31.196000,30.940000,30.965000,30.965000,59773984
2005-03-29,30.906000,31.170000,30.624000,30.718000,30.718000,119633330
2005-03-30,30.872000,31.340000,30.863000,31.298000,31.298000,115019584
2005-03-31,31.315000,31.315000,31.051000,31.161000,31.161000,86651191
2005-04-01,31.374000,31.429000,30.786000,30.846000,30.846000,143853526
2005-04-04,30.897000,31.187000,30.701000,31.068000,31.068000,100153714
2005-04-05,31.102000,31.246000,31.029000,31.153000,31.153000,66463065
2005-04-06,31.238000,31.447000,31.033000,31.102000,31.102000,82219312
2005-04-07,31.119000,31.487000,31.110000,31.477000,31.477000,88708926
2005-04-08,31.545000,31.587000,31.187000,31.221000,31.221000,92409842
2005-04-11,31.315000,31.340000,31.016000,31.085000,31.085000,71013459
2005-04-12,31.051000,31.306000,30.599000,31.238000,31.238000,145341318
2005-04-13,31.153000,31.187000,30.659000,30.727000,30.727000,109071067
2005-04-14,30.744000,30.761000,30.250000,30.292000,30.292000,158933964
2005-04-15,30.019000,30.139000,29.551000,29.602000,29.602000,170274398
2005-04-18,29.585000,29.909000,29.517000,29.610000,29.610000,110713926
2005-04-19,29.841000,29.909000,29.610000,29.815000,29.815000,97511449
2005-04-20,30.002000,30.071000,29.474000,29.571000,29.571000,140456063
2005-04-21,29.900000,30.428000,29.789000,30.352000,30.352000,125000946
2005-04-22,30.224000,30.224000,29.668000,29.900000,29.900000,115150749
2005-04-25,30.079000,30.218000,29.950000,30.143000,30.143000,72220029
2005-04-26,30.062000,30.420000,29.858000,29.866000,29.866000,108099464
2005-04-27,29.713000,30.037000,29.593000,29.909000,29.909000,112639749
2005-04-28,29.764000,29.951000,29.585000,29.610000,29.610000,98661337
2005-04-29,29.824000,29.878000,29.270000,29.806000,29.806000,144508387
2005-05-02,29.883000,30.048000,29.726000,29.926000,29.926000,68205394
2005-05-03,29.866000,30.335000,29.849000,30.079000,30.079000,104075336
2005-05-04,30.071000,30.532000,30.028000,30.444000,30.444000,90934885
2005-05-05,30.471000,30.611000,30.275000,30.471000,30.471000,79625223
2005-05-06,30.650000,30.693000,30.440000,30.554000,30.554000,77397625
2005-05-09,30.565000,30.727000,30.383000,30.701000,30.701000,66371706
2005-05-10,30.548000,30.642000,30.351000,30.476000,30.476000,77475651
2005-05-11,30.531000,30.698000,30.079000,30.633000,30.633000,132093966
2005-05-12,30.684000,30.846000,30.382000,30.548000,30.548000,116671463
2005-05-13,30.667000,31.076000,30.580000,30.880000,30.880000,133310016
2005-05-16,30.880000,31.134000,30.786000,31.088000,31.088000,79136957
2005-05-17,30.973000,31.306000,30.855000,31.272000,31.272000,91708996
2005-05-18,31.357000,31.834000,31.281000,31.698000,31.698000,128146759
2005-05-19,31.783000,31.971000,31.698000,31.964000,31.964000,93998428
2005-05-20,31.911000,32.116000,31.826000,32.090000,32.090000,66708477
2005-05-23,32.090000,32.368000,32.039000,32.252000,32.252000,93084800
2005-05-24,32.167000,32.380000,32.124000,32.354000,32.354000,100988450
2005-05-25,32.235000,32.278000,32.030000,32.218000,32.218000,76490880
2005-05-26,32.363000,32.610000,32.363000,32.542000,32.542000,84087865
2005-05-27,32.508000,32.593000,32.397000,32.559000,32.559000,50134134
2005-05-31,32.542000,32.584000,32.312000,32.448000,32.448000,75294958
2005-06-01,32.405000,32.959000,32.397000,32.729000,32.729000,110985243
2005-06-02,32.661000,32.942000,32.635000,32.942000,32.942000,76148728
2005-06-03,32.917000,32.925000,32.397000,32.465000,32.465000,97066527
2005-06-06,32.482000,32.542000,32.346000,32.474000,32.474000,53078551
2005-06-07,32.508000,32.781000,32.157000,32.201000,32.201000,109623127
2005-06-08,32.278000,32.337000,32.005000,32.133000,32.133000,79250426
2005-06-09,32.090000,32.431000,31.954000,32.337000,32.337000,99440618
2005-06-10,32.295000,32.295000,31.851000,31.994000,31.994000,86005691
2005-06-13,31.937000,32.337000,31.920000,32.150000,32.150000,82360374
2005-06-14,32.116000,32.243000,31.954000,32.022000,32.022000,62764610
2005-06-15,32.235000,32.269000,31.741000,32.124000,32.124000,104082266
2005-06-16,32.158000,32.380000,32.090000,32.295000,32.295000,90509327
2005-06-17,32.513000,32.589000,32.197000,32.299000,32.299000,89171244
2005-06-20,32.171000,32.478000,32.052000,32.299000,32.299000,68165272
2005-06-21,32.265000,32.420000,32.154000,32.282000,32.282000,97916236
2005-06-22,32.419000,32.495000,32.095000,32.248000,32.248000,75517520
2005-06-23,32.308000,32.564000,31.839000,31.890000,31.890000,122223734
2005-06-24,31.881000,31.907000,31.521000,31.532000,31.532000,142329993
2005-06-27,31.515000,31.608000,31.301000,31.387000,31.387000,72888203
2005-06-28,31.515000,31.779000,31.472000,31.685000,31.685000,73382074
2005-06-29,31.771000,31.779000,31.532000,31.615000,31.615000,71580396
2005-06-30,31.677000,31.736000,31.344000,31.370000,31.370000,87963270
2005-07-01,31.438000,31.558000,31.284000,31.323000,31.323000,55292742
2005-07-05,31.250000,31.719000,31.216000,31.651000,31.651000,79288691
2005-07-06,31.583000,31.796000,31.441000,31.498000,31.498000,79331938
2005-07-07,31.199000,31.634000,31.173000,31.608000,31.608000,120216319
2005-07-08,31.626000,32.248000,31.551000,32.214000,32.214000,101469272
2005-07-11,32.299000,32.547000,32.240000,32.513000,32.513000,96455481
2005-07-12,32.513000,32.803000,32.419000,32.666000,32.666000,86105577
2005-07-13,32.692000,32.777000,32.555000,32.743000,32.743000,72552503
2005-07-14,32.965000,33.161000,32.854000,33.067000,33.067000,103210918
2005-07-15,33.135000,33.263000,32.964000,33.169000,33.169000,67732850
2005-07-18,33.058000,33.169000,32.997000,33.035000,33.035000,59117177
2005-07-19,33.195000,33.430000,33.127000,33.417000,33.417000,78687487
2005-07-20,33.212000,33.749000,33.178000,33.655000,33.655000,91982299
2005-07-21,33.741000,33.854000,33.442000,33.664000,33.664000,127792685
2005-07-22,33.655000,33.766000,33.451000,33.621000,33.621000,71717398
2005-07-25,33.638000,33.797000,33.434000,33.493000,33.493000,52058534
2005-07-26,33.570000,33.715000,33.425000,33.621000,33.621000,69662887
2005-07-27,33.638000,33.911000,33.456000,33.877000,33.877000,83631468
2005-07-28,33.903000,34.049000,33.809000,34.039000,34.039000,67122748
2005-07-29,34.005000,34.048000,33.707000,33.754000,33.754000,74758605
2005-08-01,33.809000,33.971000,33.707000,33.817000,33.817000,59877291
2005-08-02,33.852000,34.235000,33.821000,34.184000,34.184000,79724703
2005-08-03,34.022000,34.227000,34.014000,34.167000,34.167000,61975627
2005-08-04,34.014000,34.065000,33.749000,33.837000,33.837000,72061763
2005-08-05,33.783000,33.937000,33.627000,33.672000,33.672000,71262794
2005-08-08,33.707000,33.783000,33.383000,33.425000,33.425000,64634750
2005-08-09,33.579000,33.766000,33.524000,33.647000,33.647000,64615442
2005-08-10,33.732000,33.847000,33.238000,33.357000,33.357000,104471008
2005-08-11,33.374000,33.725000,33.348000,33.632000,33.632000,93638060
2005-08-12,33.365000,33.536000,33.238000,33.442000,33.442000,86470098
2005-08-15,33.383000,33.800000,33.329000,33.643000,33.643000,63066320
2005-08-16,33.519000,33.545000,33.041000,33.101000,33.101000,94913030
2005-08-17,33.195000,33.408000,33.084000,33.297000,33.297000,75633803
2005-08-18,33.152000,33.348000,33.067000,33.129000,33.129000,72727102
2005-08-19,33.169000,33.264000,33.084000,33.110000,33.110000,52177680
2005-08-22,33.161000,33.417000,32.919000,33.127000,33.127000,93266714
2005-08-23,33.127000,33.195000,32.930000,33.033000,33.033000,57532051
2005-08-24,32.964000,33.417000,32.803000,32.837000,32.837000,95038020
2005-08-25,32.862000,33.000000,32.828000,32.912000,32.912000,52338697
2005-08-26,32.862000,32.922000,32.640000,32.802000,32.802000,63884156
2005-08-29,32.632000,33.135000,32.632000,33.058000,33.058000,74971199
2005-08-30,32.888000,32.969000,32.683000,32.939000,32.939000,87506257
2005-08-31,32.956000,33.272000,32.818000,33.246000,33.246000,93451985
2005-09-01,33.255000,33.391000,33.075000,33.195000,33.195000,74917176
2005-09-02,33.246000,33.290000,33.041000,33.067000,33.067000,53270335
2005-09-06,33.212000,33.613000,33.178000,33.553000,33.553000,78129723
2005-09-07,33.519000,33.672000,33.442000,33.612000,33.612000,57470407
2005-09-08,33.510000,33.749000,33.493000,33.604000,33.604000,73544572
2005-09-09,33.613000,33.852000,33.527000,33.791000,33.791000,75389962
2005-09-12,33.800000,33.999000,33.758000,33.886000,33.886000,51700997
2005-09-13,33.842000,34.039000,33.724000,33.800000,33.800000,66186141
2005-09-14,33.817000,33.843000,33.391000,33.417000,33.417000,98671668
2005-09-15,33.485000,33.553000,33.306000,33.400000,33.400000,80476183
2005-09-16,33.476000,33.655000,33.356000,33.604000,33.604000,71052746
2005-09-19,33.536000,33.587000,33.186000,33.340000,33.340000,73395504
2005-09-20,33.400000,33.725000,33.100000,33.203000,33.203000,115514289
2005-09-21,33.110000,33.152000,32.811000,32.837000,32.837000,116424060
2005-09-22,32.785000,33.033000,32.615000,32.956000,32.956000,119165195
2005-09-23,32.837000,33.161000,32.760000,33.050000,33.050000,70170150
2005-09-26,33.238000,33.289000,32.879000,33.058000,33.058000,69345114
2005-09-27,33.093000,33.178000,32.845000,32.982000,32.982000,64094331
2005-09-28,33.067000,33.220000,32.886000,32.990000,32.990000,72059497
2005-09-29,32.948000,33.443000,32.790000,33.434000,33.434000,117774063
2005-09-30,33.400000,33.672000,33.374000,33.655000,33.655000,79260099
2005-10-03,33.732000,33.903000,33.698000,33.741000,33.741000,81694217
2005-10-04,33.792000,34.014000,33.510000,33.519000,33.519000,85379643
2005-10-05,33.527000,33.553000,33.033000,33.058000,33.058000,106227405
2005-10-06,33.033000,33.144000,32.342000,32.623000,32.623000,162273346
2005-10-07,32.760000,32.896000,32.563000,32.700000,32.700000,91132545
2005-10-10,32.658000,32.803000,32.461000,32.521000,32.521000,64031810
2005-10-11,32.589000,32.615000,32.240000,32.359000,32.359000,114769611
2005-10-12,32.206000,32.458000,31.924000,31.973000,31.973000,146123799
2005-10-13,31.958000,32.333000,31.839000,32.223000,32.223000,138583649
2005-10-14,32.299000,32.470000,32.103000,32.461000,32.461000,131480594
2005-10-17,32.461000,32.572000,32.257000,32.564000,32.564000,64214160
2005-10-18,32.530000,32.564000,32.333000,32.333000,32.333000,88096078
2005-10-19,32.188000,32.983000,32.078000,32.982000,32.982000,132942280
2005-10-20,32.982000,33.135000,32.495000,32.671000,32.671000,132676911
2005-10-21,33.006000,33.144000,32.691000,32.879000,32.879000,110053023
2005-10-24,33.017000,33.417000,32.809000,33.400000,33.400000,111785120
2005-10-25,33.331000,33.425000,33.067000,33.272000,33.272000,86963965
2005-10-26,33.229000,33.497000,33.058000,33.101000,33.101000,90028088
2005-10-27,33.075000,33.093000,32.436000,32.436000,32.436000,135443141
2005-10-28,32.555000,32.745000,32.342000,32.685000,32.685000,95367478
2005-10-31,32.777000,33.306000,32.768000,33.152000,33.152000,115430994
2005-11-01,33.058000,33.272000,33.016000,33.127000,33.127000,73633507
2005-11-02,33.029000,33.655000,33.016000,33.559000,33.559000,101555811
2005-11-03,33.894000,34.193000,33.843000,34.065000,34.065000,137053991
2005-11-04,34.111000,34.312000,33.980000,34.184000,34.184000,100944407
2005-11-07,34.287000,34.363000,34.073000,34.227000,34.227000,65366511
2005-11-08,34.171000,34.415000,34.107000,34.235000,34.235000,78859604
2005-11-09,34.227000,34.397000,34.142000,34.252000,34.252000,72458775
2005-11-10,34.270000,34.705000,34.048000,34.628000,34.628000,120763063
2005-11-11,34.773000,34.899000,34.696000,34.722000,34.722000,80107131
2005-11-14,34.764000,34.849000,34.630000,34.725000,34.725000,53652320
2005-11-15,34.739000,34.884000,34.440000,34.560000,34.560000,79543420
2005-11-16,34.670000,34.781000,34.508000,34.771000,34.771000,65912623
2005-11-17,34.892000,35.242000,34.841000,35.231000,35.231000,94448324
2005-11-18,35.395000,35.524000,34.990000,35.353000,35.353000,108820140
2005-11-21,35.308000,35.464000,35.174000,35.437000,35.437000,69731364
2005-11-22,35.353000,35.711000,35.276000,35.566000,35.566000,88819199
2005-11-23,35.592000,35.839000,35.574000,35.651000,35.651000,64101105
2005-11-25,35.685000,35.771000,35.592000,35.728000,35.728000,22930184
2005-11-28,35.788000,35.822000,35.395000,35.429000,35.429000,74716175
2005-11-29,35.617000,35.694000,35.259000,35.261000,35.261000,77444739
2005-11-30,35.216000,35.387000,35.130000,35.174000,35.174000,88044400
2005-12-01,35.404000,35.864000,35.395000,35.828000,35.828000,91914037
2005-12-02,35.771000,35.935000,35.711000,35.913000,35.913000,72929167
2005-12-05,35.864000,35.873000,35.505000,35.651000,35.651000,61585506
2005-12-06,35.856000,36.086000,35.737000,35.767000,35.767000,81509365
2005-12-07,35.830000,35.847000,35.505000,35.702000,35.702000,83885425
2005-12-08,35.788000,35.822000,35.199000,35.447000,35.447000,112043175
2005-12-09,35.456000,35.626000,35.293000,35.579000,35.579000,56531746
2005-12-12,35.711000,35.771000,35.549000,35.708000,35.708000,44869979
2005-12-13,35.677000,36.002000,35.617000,35.860000,35.860000,76611599
2005-12-14,35.796000,35.904000,35.573000,35.736000,35.736000,73581550
2005-12-15,35.822000,35.882000,35.487000,35.796000,35.796000,72678244
2005-12-16,35.799000,35.859000,35.524000,35.551000,35.551000,63742939
2005-12-19,35.645000,35.662000,34.970000,34.987000,34.987000,75415030
2005-12-20,35.004000,35.183000,34.841000,35.012000,35.012000,70257635
2005-12-21,35.072000,35.406000,35.012000,35.166000,35.166000,68934959
2005-12-22,35.149000,35.450000,35.038000,35.394000,35.394000,59156975
2005-12-23,35.491000,35.559000,35.311000,35.400000,35.400000,38000400
2005-12-27,35.483000,35.636000,35.029000,35.087000,35.087000,55669207
2005-12-28,35.106000,35.252000,34.944000,35.046000,35.046000,50315397
2005-12-29,35.081000,35.158000,34.756000,34.816000,34.816000,47308168
2005-12-30,34.670000,34.696000,34.508000,34.552000,34.552000,60052840
2006-01-03,34.747000,35.474000,34.337000,35.320000,35.320000,109422192
2006-01-04,35.397000,35.688000,35.325000,35.688000,35.688000,92780152
2006-01-05,35.696000,35.910000,35.659000,35.842000,35.842000,77692071
2006-01-06,36.132000,36.509000,35.961000,36.491000,36.491000,110120922
2006-01-09,36.466000,36.697000,36.355000,36.637000,36.637000,80775256
2006-01-10,36.457000,36.697000,36.380000,36.662000,36.662000,84420431
2006-01-11,36.774000,37.030000,36.654000,36.945000,36.945000,100777623
2006-01-12,36.893000,37.013000,36.637000,36.765000,36.765000,82429110
2006-01-13,36.714000,36.808000,36.534000,36.748000,36.748000,64586061
2006-01-17,36.483000,36.585000,36.338000,36.509000,36.509000,78109615
2006-01-18,35.944000,36.303000,35.927000,36.090000,36.090000,122426531
2006-01-19,36.252000,36.611000,36.158000,36.355000,36.355000,111105162
2006-01-20,36.295000,36.329000,35.183000,35.269000,35.269000,188671125
2006-01-23,35.363000,35.440000,35.123000,35.277000,35.277000,111432050
2006-01-24,35.363000,35.654000,35.320000,35.431000,35.431000,77967258
2006-01-25,35.602000,35.628000,35.123000,35.277000,35.277000,99830921
2006-01-26,35.500000,35.645000,35.252000,35.525000,35.525000,112779786
2006-01-27,35.748000,36.243000,35.688000,36.004000,36.004000,110836097
2006-01-30,36.030000,36.184000,35.970000,36.072000,36.072000,53942774
2006-01-31,36.030000,36.141000,35.748000,35.910000,35.910000,101424250
2006-02-01,35.705000,36.055000,35.654000,36.038000,36.038000,89240235
2006-02-02,35.936000,35.978000,35.406000,35.423000,35.423000,94051510
2006-02-03,35.149000,35.252000,34.867000,34.987000,34.987000,121104031
2006-02-06,34.961000,35.064000,34.704000,34.893000,34.893000,58171412
2006-02-07,34.833000,34.995000,34.576000,34.739000,34.739000,87377388
2006-02-08,34.991000,35.183000,34.790000,35.141000,35.141000,89928249
2006-02-09,35.226000,35.371000,34.739000,34.807000,34.807000,78220268
2006-02-10,34.790000,35.106000,34.422000,35.021000,35.021000,102575845
2006-02-13,34.816000,34.833000,34.457000,34.619000,34.619000,70655982
2006-02-14,34.670000,35.072000,34.551000,34.970000,34.970000,94758477
2006-02-15,34.858000,35.277000,34.824000,35.192000,35.192000,92268318
2006-02-16,35.320000,35.525000,35.183000,35.517000,35.517000,103879199
2006-02-17,35.448000,35.448000,35.226000,35.235000,35.235000,81770143
2006-02-21,35.243000,35.286000,34.722000,34.841000,34.841000,85106042
2006-02-22,34.893000,35.517000,34.781000,35.277000,35.277000,90997709
2006-02-23,35.243000,35.517000,35.123000,35.183000,35.183000,66530589
2006-02-24,35.183000,35.303000,35.064000,35.277000,35.277000,57087915
2006-02-27,35.371000,35.799000,35.337000,35.671000,35.671000,64960242
2006-02-28,35.559000,35.671000,35.029000,35.141000,35.141000,117638927
2006-03-01,35.243000,35.713000,35.183000,35.619000,35.619000,80979384
2006-03-02,35.525000,35.773000,35.406000,35.645000,35.645000,69878146
2006-03-03,35.431000,35.919000,35.388000,35.440000,35.440000,112081666
2006-03-06,35.508000,35.594000,35.021000,35.132000,35.132000,99593596
2006-03-07,35.081000,35.115000,34.756000,34.927000,34.927000,96498119
2006-03-08,34.858000,35.132000,34.628000,34.944000,34.944000,104013376
2006-03-09,35.055000,35.183000,34.602000,34.645000,34.645000,108641563
2006-03-10,34.610000,34.875000,34.362000,34.679000,34.679000,124486257
2006-03-13,34.850000,35.004000,34.730000,34.781000,34.781000,69171046
2006-03-14,34.756000,35.414000,34.747000,35.371000,35.371000,118215325
2006-03-15,35.508000,35.671000,35.329000,35.671000,35.671000,84396103
2006-03-16,35.782000,35.842000,35.337000,35.371000,35.371000,101385916
2006-03-17,35.353000,35.584000,35.276000,35.465000,35.465000,78228437
2006-03-20,35.576000,35.661000,35.422000,35.550000,35.550000,60240179
2006-03-21,35.516000,35.944000,35.148000,35.174000,35.174000,136565994
2006-03-22,34.977000,35.319000,34.960000,35.259000,35.259000,112323505
2006-03-23,35.157000,35.268000,34.926000,35.157000,35.157000,75220667
2006-03-24,35.276000,35.507000,35.097000,35.336000,35.336000,81809167
2006-03-27,35.319000,35.516000,35.285000,35.345000,35.345000,54405618
2006-03-28,35.396000,35.653000,35.071000,35.199000,35.199000,100534374
2006-03-29,35.251000,36.021000,35.225000,35.867000,35.867000,130733520
2006-03-30,35.935000,36.192000,35.756000,35.978000,35.978000,115943447
2006-03-31,36.055000,36.098000,35.798000,35.875000,35.875000,71090453
2006-04-03,36.064000,36.252000,35.850000,35.918000,35.918000,80733294
2006-04-04,35.965000,36.200000,35.875000,36.115000,36.115000,90039798
2006-04-05,36.192000,36.508000,36.115000,36.457000,36.457000,91662248
2006-04-06,36.431000,36.739000,36.312000,36.560000,36.560000,91712997
2006-04-07,36.701000,36.834000,36.192000,36.209000,36.209000,116609375
2006-04-10,36.277000,36.363000,36.012000,36.158000,36.158000,58988051
2006-04-11,36.277000,36.303000,35.687000,35.867000,35.867000,91488640
2006-04-12,35.892000,36.004000,35.764000,35.875000,35.875000,58884695
2006-04-13,35.850000,36.218000,35.756000,36.021000,36.021000,63482405
2006-04-17,35.969000,36.115000,35.413000,35.644000,35.644000,104085141
2006-04-18,35.751000,36.414000,35.738000,36.329000,36.329000,124333392
2006-04-19,36.397000,36.491000,36.192000,36.491000,36.491000,79128313
2006-04-20,36.466000,36.637000,36.260000,36.363000,36.363000,81412978
2006-04-21,36.508000,36.671000,35.781000,35.935000,35.935000,130186988
2006-04-24,35.901000,35.995000,35.696000,35.901000,35.901000,78556475
2006-04-25,36.004000,36.021000,35.636000,35.824000,35.824000,77660788
2006-04-26,35.824000,35.987000,35.679000,35.815000,35.815000,82566672
2006-04-27,35.653000,36.354000,35.507000,36.158000,36.158000,174121982
2006-04-28,35.935000,36.123000,35.747000,35.807000,35.807000,88883223
2006-05-01,35.875000,36.192000,35.345000,35.456000,35.456000,92933660
2006-05-02,35.602000,35.704000,35.422000,35.550000,35.550000,85173540
2006-05-03,35.576000,35.627000,35.319000,35.499000,35.499000,74982425
2006-05-04,35.533000,35.927000,35.533000,35.790000,35.790000,88713481
2006-05-05,36.029000,36.115000,35.884000,36.072000,36.072000,80394384
2006-05-08,36.004000,36.175000,35.995000,36.106000,36.106000,45093337
2006-05-09,36.021000,36.089000,35.910000,35.969000,35.969000,48566783
2006-05-10,35.875000,35.918000,35.550000,35.653000,35.653000,92440514
2006-05-11,35.619000,35.636000,34.763000,34.857000,34.857000,141027564
2006-05-12,34.712000,34.874000,34.190000,34.387000,34.387000,153954450
2006-05-15,34.250000,34.515000,34.044000,34.361000,34.361000,127902521
2006-05-16,34.361000,34.446000,34.027000,34.104000,34.104000,132405520
2006-05-17,33.950000,34.061000,33.565000,33.642000,33.642000,207927819
2006-05-18,33.788000,33.933000,33.368000,33.411000,33.411000,139722870
2006-05-19,33.522000,33.771000,33.155000,33.668000,33.668000,194311800
2006-05-22,33.386000,33.574000,33.043000,33.343000,33.343000,169606643
2006-05-23,33.591000,33.694000,33.000000,33.018000,33.018000,142649419
2006-05-24,32.966000,33.403000,32.710000,33.240000,33.240000,234998203
2006-05-25,33.437000,33.694000,33.214000,33.676000,33.676000,123529903
2006-05-26,33.753000,33.865000,33.565000,33.788000,33.788000,91329329
2006-05-30,33.634000,33.651000,33.035000,33.060000,33.060000,105610216
2006-05-31,33.129000,33.420000,32.975000,33.214000,33.214000,137104477
2006-06-01,33.291000,34.002000,33.232000,34.002000,34.002000,119438755
2006-06-02,34.198000,34.224000,33.634000,33.918000,33.918000,128865492
2006-06-05,33.839000,33.848000,33.180000,33.180000,33.180000,103300548
2006-06-06,33.240000,33.326000,32.812000,33.155000,33.155000,127304218
2006-06-07,33.197000,33.514000,32.898000,32.906000,32.906000,130867576
2006-06-08,32.744000,32.992000,32.076000,32.855000,32.855000,280562157
2006-06-09,32.975000,33.146000,32.607000,32.641000,32.641000,144146189
2006-06-12,32.684000,32.735000,31.991000,31.999000,31.999000,145634471
2006-06-13,32.106000,32.342000,31.794000,31.871000,31.871000,207140244
2006-06-14,31.965000,32.265000,31.828000,32.196000,32.196000,201888252
2006-06-15,32.376000,33.189000,32.342000,33.069000,33.069000,200727654
2006-06-16,33.003000,33.114000,32.703000,32.823000,32.823000,120017376
2006-06-19,32.960000,32.994000,32.455000,32.557000,32.557000,129464799
2006-06-20,32.609000,32.943000,32.480000,32.600000,32.600000,102888558
2006-06-21,32.652000,33.379000,32.643000,33.114000,33.114000,129566304
2006-06-22,33.045000,33.114000,32.523000,32.694000,32.694000,143831509
2006-06-23,32.669000,32.986000,32.472000,32.660000,32.660000,88050200
2006-06-26,32.677000,32.866000,32.592000,32.746000,32.746000,65157609
2006-06-27,32.772000,32.814000,32.095000,32.129000,32.129000,128227495
2006-06-28,32.219000,32.395000,32.001000,32.369000,32.369000,91578394
2006-06-29,32.498000,33.354000,32.446000,33.354000,33.354000,182431073
2006-06-30,33.491000,33.508000,33.114000,33.191000,33.191000,82721238
2006-07-03,33.285000,33.388000,33.225000,33.388000,33.388000,21598542
2006-07-05,33.080000,33.114000,32.609000,32.660000,32.660000,93732118
2006-07-06,32.754000,32.943000,32.540000,32.626000,32.626000,70634553
2006-07-07,32.438000,32.677000,32.164000,32.266000,32.266000,108071595
2006-07-10,32.352000,32.472000,31.821000,31.984000,31.984000,105125940
2006-07-11,31.915000,32.309000,31.744000,32.224000,32.224000,136121590
2006-07-12,32.155000,32.224000,31.539000,31.616000,31.616000,154458865
2006-07-13,31.385000,31.710000,31.085000,31.085000,31.085000,177745415
2006-07-14,31.085000,31.145000,30.640000,30.768000,30.768000,172448477
2006-07-17,30.781000,31.034000,30.708000,30.845000,30.845000,134358093
2006-07-18,31.008000,31.102000,30.426000,30.948000,30.948000,207274677
2006-07-19,30.905000,31.530000,30.897000,31.350000,31.350000,193014681
2006-07-20,31.457000,31.504000,30.854000,30.888000,30.888000,152346656
2006-07-21,30.717000,30.785000,30.494000,30.563000,30.563000,119379886
2006-07-24,30.691000,31.188000,30.648000,31.171000,31.171000,130301523
2006-07-25,31.222000,31.453000,31.025000,31.350000,31.350000,108869562
2006-07-26,31.248000,31.564000,31.017000,31.325000,31.325000,107193127
2006-07-27,31.445000,31.710000,31.034000,31.119000,31.119000,99707252
2006-07-28,31.295000,31.796000,31.248000,31.770000,31.770000,93570326
2006-07-31,31.744000,31.950000,31.582000,31.761000,31.761000,78096497
2006-08-01,31.496000,31.504000,31.042000,31.231000,31.231000,98573511
2006-08-02,31.342000,31.787000,31.342000,31.582000,31.582000,87398979
2006-08-03,31.282000,31.967000,31.231000,31.778000,31.778000,99296001
2006-08-04,32.040000,32.215000,31.350000,31.633000,31.633000,123504696
2006-08-07,31.607000,31.624000,31.273000,31.427000,31.427000,69670953
2006-08-08,31.513000,31.590000,31.042000,31.231000,31.231000,124510764
2006-08-09,31.684000,31.941000,31.188000,31.273000,31.273000,145388244
2006-08-10,31.209000,31.573000,31.085000,31.496000,31.496000,102511912
2006-08-11,31.376000,31.410000,31.136000,31.273000,31.273000,86930474
2006-08-14,31.556000,31.907000,31.419000,31.479000,31.479000,109350755
2006-08-15,31.864000,32.318000,31.753000,32.275000,32.275000,133719823
2006-08-16,32.523000,33.054000,32.395000,33.028000,33.028000,135470050
2006-08-17,32.934000,33.371000,32.908000,33.157000,33.157000,129697874
2006-08-18,33.088000,33.242000,32.772000,33.208000,33.208000,97774825
2006-08-21,32.934000,33.011000,32.754000,32.891000,32.891000,66671704
2006-08-22,32.844000,33.225000,32.703000,32.900000,32.900000,102133232
2006-08-23,32.934000,33.105000,32.463000,32.652000,32.652000,96067499
2006-08-24,32.754000,32.831000,32.463000,32.746000,32.746000,79002027
2006-08-25,32.677000,33.080000,32.583000,32.806000,32.806000,73588175
2006-08-28,32.772000,33.208000,32.737000,33.054000,33.054000,80085884
2006-08-29,33.028000,33.182000,32.686000,33.157000,33.157000,104869211
2006-08-30,33.165000,33.414000,33.045000,33.311000,33.311000,75714760
2006-08-31,33.337000,33.414000,33.182000,33.277000,33.277000,61215492
2006-09-01,33.448000,33.568000,33.302000,33.456000,33.456000,69390571
2006-09-05,33.482000,33.799000,33.259000,33.782000,33.782000,85588633
2006-09-06,33.456000,33.551000,33.054000,33.105000,33.105000,97898589
2006-09-07,33.020000,33.302000,32.840000,32.943000,32.943000,115901235
2006-09-08,32.994000,33.234000,32.926000,33.148000,33.148000,96629978
2006-09-11,32.883000,33.516000,32.806000,33.354000,33.354000,142377744
2006-09-12,33.345000,34.073000,33.345000,33.970000,33.970000,124108425
2006-09-13,34.013000,34.229000,33.927000,34.210000,34.210000,116096212
2006-09-14,34.116000,34.432000,34.039000,34.235000,34.235000,98115993
2006-09-15,34.564000,34.658000,34.264000,34.358000,34.358000,137846021
2006-09-18,34.367000,34.607000,34.213000,34.358000,34.358000,117821649
2006-09-19,34.470000,34.478000,33.853000,34.136000,34.136000,159077217
2006-09-20,34.435000,34.727000,34.427000,34.632000,34.632000,116644047
2006-09-21,34.709000,34.838000,34.333000,34.418000,34.418000,126895936
2006-09-22,34.392000,34.401000,34.007000,34.153000,34.153000,101036330
2006-09-25,34.307000,34.829000,33.990000,34.752000,34.752000,136551723
2006-09-26,34.709000,34.949000,34.607000,34.924000,34.924000,113548945
2006-09-27,34.868000,35.078000,34.692000,34.881000,34.881000,113144194
2006-09-28,34.924000,35.026000,34.632000,34.975000,34.975000,86019989
2006-09-29,35.026000,35.061000,34.795000,34.821000,34.821000,85447832
2006-10-02,34.778000,34.864000,34.333000,34.384000,34.384000,97139177
2006-10-03,34.307000,34.675000,34.161000,34.530000,34.530000,116268390
2006-10-04,34.452000,35.386000,34.384000,35.378000,35.378000,149487167
2006-10-05,35.360000,35.600000,35.275000,35.549000,35.549000,92177158
2006-10-06,35.446000,35.600000,35.326000,35.472000,35.472000,85451550
2006-10-09,35.442000,35.754000,35.395000,35.592000,35.592000,62817047
2006-10-10,35.643000,35.763000,35.386000,35.652000,35.652000,98189560
2006-10-11,35.489000,35.832000,35.266000,35.583000,35.583000,136568089
2006-10-12,35.772000,36.191000,35.720000,36.174000,36.174000,95322556
2006-10-13,36.166000,36.423000,36.097000,36.346000,36.346000,80470112
2006-10-16,36.346000,36.508000,36.320000,36.363000,36.363000,62026740
2006-10-17,36.123000,36.149000,35.772000,35.977000,35.977000,146149121
2006-10-18,36.166000,36.243000,35.677000,35.806000,35.806000,121156320
2006-10-19,35.712000,36.072000,35.626000,35.892000,35.892000,108220425
2006-10-20,36.020000,36.049000,35.669000,35.977000,35.977000,105456136
2006-10-23,35.909000,36.474000,35.823000,36.346000,36.346000,126988955
2006-10-24,36.226000,36.363000,35.909000,36.089000,36.089000,103668385
2006-10-25,36.097000,36.423000,36.020000,36.346000,36.346000,125403984
2006-10-26,36.465000,36.765000,36.166000,36.680000,36.680000,130818397
2006-10-27,36.603000,36.680000,36.046000,36.157000,36.157000,129374921
2006-10-30,36.123000,36.534000,36.029000,36.388000,36.388000,103951224
2006-10-31,36.457000,36.628000,36.243000,36.474000,36.474000,135825470
2006-11-01,36.603000,36.637000,35.823000,35.977000,35.977000,148966634
2006-11-02,35.819000,36.097000,35.754000,36.011000,36.011000,100228053
2006-11-03,36.063000,36.140000,35.643000,35.917000,35.917000,119295816
2006-11-06,36.029000,36.585000,36.029000,36.440000,36.440000,101354957
2006-11-07,36.431000,36.911000,36.380000,36.688000,36.688000,139877100
2006-11-08,36.474000,37.005000,36.380000,36.859000,36.859000,180439317
2006-11-09,37.065000,37.134000,36.551000,36.662000,36.662000,124279967
2006-11-10,36.684000,36.868000,36.551000,36.859000,36.859000,82421706
2006-11-13,36.885000,37.296000,36.834000,37.228000,37.228000,89165314
2006-11-14,37.262000,37.665000,37.039000,37.630000,37.630000,121965241
2006-11-15,37.678000,38.033000,37.622000,37.785000,37.785000,116575830
2006-11-16,37.905000,38.050000,37.708000,37.947000,37.947000,113541073
2006-11-17,37.742000,37.947000,37.648000,37.947000,37.947000,95171628
2006-11-20,37.827000,38.102000,37.699000,38.024000,38.024000,107197522
2006-11-21,38.050000,38.127000,37.905000,38.076000,38.076000,68135325
2006-11-22,38.187000,38.333000,37.913000,38.316000,38.316000,69867627
2006-11-24,38.033000,38.427000,38.016000,38.247000,38.247000,51794514
2006-11-27,38.136000,38.213000,37.382000,37.399000,37.399000,159521235
2006-11-28,37.279000,37.553000,37.125000,37.493000,37.493000,118270453
2006-11-29,37.690000,37.845000,37.399000,37.750000,37.750000,139546204
2006-11-30,37.733000,37.930000,37.511000,37.725000,37.725000,124969937
2006-12-01,37.690000,37.990000,37.057000,37.399000,37.399000,144574965
2006-12-04,37.511000,38.102000,37.511000,37.913000,37.913000,89957512
2006-12-05,38.024000,38.162000,37.853000,38.050000,38.050000,84708510
2006-12-06,37.939000,38.033000,37.750000,37.913000,37.913000,78243932
2006-12-07,37.982000,38.102000,37.433000,37.433000,37.433000,124961605
2006-12-08,37.322000,37.913000,37.236000,37.605000,37.605000,133805489
2006-12-11,37.549000,38.007000,37.476000,37.742000,37.742000,72938764
2006-12-12,37.716000,37.802000,37.313000,37.519000,37.519000,111239598
2006-12-13,37.780000,37.785000,37.365000,37.588000,37.588000,79035343
2006-12-14,37.665000,38.179000,37.639000,38.007000,38.007000,109111153
2006-12-15,38.305000,38.391000,38.039000,38.108000,38.108000,99944429
2006-12-18,38.236000,38.382000,37.567000,37.730000,37.730000,121593089
2006-12-19,37.439000,37.790000,37.207000,37.610000,37.610000,136540261
2006-12-20,37.644000,37.833000,37.456000,37.473000,37.473000,67318567
2006-12-21,37.533000,37.559000,37.061000,37.207000,37.207000,102955398
2006-12-22,37.216000,37.233000,36.821000,36.821000,36.821000,92861893
2006-12-26,36.821000,36.984000,36.778000,36.975000,36.975000,50857350
2006-12-27,37.044000,37.224000,36.967000,37.164000,37.164000,54128637
2006-12-28,37.053000,37.207000,36.924000,36.984000,36.984000,69024221
2006-12-29,37.061000,37.404000,36.984000,37.018000,37.018000,75163488
2007-01-03,37.276000,37.790000,36.469000,37.087000,37.087000,167740260
2007-01-04,37.138000,37.919000,37.010000,37.790000,37.790000,136881952
2007-01-05,37.679000,37.696000,37.293000,37.610000,37.610000,138981601
2007-01-08,37.636000,37.842000,37.430000,37.636000,37.636000,106445673
2007-01-09,37.739000,37.988000,37.421000,37.825000,37.825000,121616403
2007-01-10,37.704000,38.305000,37.584000,38.271000,38.271000,121114789
2007-01-11,38.348000,38.802000,38.296000,38.665000,38.665000,174062248
2007-01-12,38.614000,38.897000,38.571000,38.862000,38.862000,104220411
2007-01-16,38.880000,38.940000,38.708000,38.837000,38.837000,95896416
2007-01-17,38.674000,38.845000,38.451000,38.519000,38.519000,127569939
2007-01-18,38.416000,38.459000,37.696000,37.807000,37.807000,189062589
2007-01-19,37.722000,37.979000,37.662000,37.885000,37.885000,127558074
2007-01-22,37.919000,37.936000,37.319000,37.473000,37.473000,123465244
2007-01-23,37.430000,37.722000,37.310000,37.379000,37.379000,133213727
2007-01-24,37.627000,38.013000,37.542000,37.996000,37.996000,117660675
2007-01-25,38.056000,38.142000,37.379000,37.507000,37.507000,158405309
2007-01-26,37.576000,37.593000,37.130000,37.370000,37.370000,146284249
2007-01-29,37.267000,37.662000,37.224000,37.404000,37.404000,104197024
2007-01-30,37.464000,37.559000,37.327000,37.421000,37.421000,69951238
2007-01-31,37.396000,37.902000,37.164000,37.799000,37.799000,157934853
2007-02-01,37.970000,38.082000,37.610000,37.756000,37.756000,147389423
2007-02-02,37.833000,37.953000,37.687000,37.876000,37.876000,98188867
2007-02-05,37.859000,38.048000,37.704000,37.842000,37.842000,96371487
2007-02-06,37.910000,37.936000,37.430000,37.782000,37.782000,121128495
2007-02-07,37.988000,38.296000,37.842000,38.133000,38.133000,117932934
2007-02-08,38.073000,38.253000,37.936000,38.125000,38.125000,89538991
2007-02-09,38.228000,38.356000,37.507000,37.602000,37.602000,133482775
2007-02-12,37.636000,37.644000,37.387000,37.481000,37.481000,126939982
2007-02-13,37.559000,37.739000,37.481000,37.619000,37.619000,93679596
2007-02-14,37.782000,38.348000,37.773000,38.253000,38.253000,133439011
2007-02-15,38.279000,38.476000,38.211000,38.476000,38.476000,110463548
2007-02-16,38.322000,38.451000,38.228000,38.348000,38.348000,72352467
2007-02-20,38.296000,38.699000,38.108000,38.639000,38.639000,93673916
2007-02-21,38.528000,38.777000,38.451000,38.759000,38.759000,95875554
2007-02-22,38.905000,39.068000,38.657000,38.957000,38.957000,116330038
2007-02-23,38.952000,38.991000,38.648000,38.820000,38.820000,113475800
2007-02-26,39.008000,39.025000,38.391000,38.631000,38.631000,102242625
2007-02-27,38.048000,38.150000,36.933000,37.044000,37.044000,317927925
2007-02-28,37.018000,37.533000,36.821000,37.164000,37.164000,217497049
2007-03-01,36.495000,37.344000,36.229000,36.993000,36.993000,231931928
2007-03-02,36.692000,37.001000,36.427000,36.435000,36.435000,183383248
2007-03-05,36.161000,36.710000,36.075000,36.152000,36.152000,172004200
2007-03-06,36.504000,36.873000,36.452000,36.752000,36.752000,155643550
2007-03-07,36.761000,36.864000,36.581000,36.607000,36.607000,116592902
2007-03-08,36.993000,37.087000,36.744000,36.855000,36.855000,121036837
2007-03-09,37.164000,37.173000,36.581000,36.821000,36.821000,128609317
2007-03-12,36.778000,37.121000,36.735000,37.061000,37.061000,81347842
2007-03-13,36.881000,37.087000,36.332000,36.341000,36.341000,171185359
2007-03-14,36.392000,36.881000,36.109000,36.873000,36.873000,192476961
2007-03-15,36.795000,36.933000,36.641000,36.787000,36.787000,111608459
2007-03-16,36.851000,36.937000,36.568000,36.757000,36.757000,108331284
2007-03-19,36.954000,37.237000,36.860000,37.134000,37.134000,95920055
2007-03-20,37.126000,37.409000,37.083000,37.400000,37.400000,81025090
2007-03-21,37.443000,38.138000,37.203000,38.121000,38.121000,173902343
2007-03-22,38.138000,38.147000,37.838000,37.984000,37.984000,114877071
2007-03-23,37.984000,38.078000,37.821000,37.864000,37.864000,68602682
2007-03-26,37.881000,38.035000,37.443000,38.018000,38.018000,114239462
2007-03-27,37.958000,37.967000,37.718000,37.752000,37.752000,76552035
2007-03-28,37.576000,37.787000,37.340000,37.349000,37.349000,144630236
2007-03-29,37.623000,37.632000,36.988000,37.392000,37.392000,124430564
2007-03-30,37.383000,37.649000,37.093000,37.357000,37.357000,120431769
2007-04-02,37.478000,37.555000,37.160000,37.409000,37.409000,89618085
2007-04-03,37.606000,38.027000,37.581000,37.898000,37.898000,105852942
2007-04-04,37.932000,38.087000,37.872000,38.053000,38.053000,85167053
2007-04-05,38.010000,38.259000,37.958000,38.241000,38.241000,54245329
2007-04-09,38.370000,38.404000,38.087000,38.147000,38.147000,63054136
2007-04-10,38.138000,38.344000,38.113000,38.344000,38.344000,76420170
2007-04-11,38.310000,38.327000,37.821000,37.941000,37.941000,116874437
2007-04-12,37.877000,38.293000,37.718000,38.241000,38.241000,114810473
2007-04-13,38.250000,38.379000,38.010000,38.319000,38.319000,94573444
2007-04-16,38.473000,38.748000,38.473000,38.670000,38.670000,73009645
2007-04-17,38.739000,38.791000,38.585000,38.756000,38.756000,81867796
2007-04-18,38.559000,38.816000,38.473000,38.628000,38.628000,82028549
2007-04-19,38.456000,38.834000,38.379000,38.748000,38.748000,95458474
2007-04-20,39.065000,39.194000,38.791000,38.962000,38.962000,122425313
2007-04-23,38.997000,39.134000,38.911000,39.022000,39.022000,85394210
2007-04-24,39.160000,39.331000,38.902000,39.220000,39.220000,108180295
2007-04-25,39.348000,39.752000,39.220000,39.743000,39.743000,106889846
2007-04-26,39.838000,40.035000,39.760000,39.949000,39.949000,99400760
2007-04-27,39.795000,40.078000,39.726000,39.966000,39.966000,96556859
2007-04-30,39.906000,39.932000,39.409000,39.443000,39.443000,93433807
2007-05-01,39.451000,39.597000,39.185000,39.572000,39.572000,135060560
2007-05-02,39.554000,39.975000,39.520000,39.838000,39.838000,91980938
2007-05-03,39.932000,40.095000,39.846000,39.984000,39.984000,98013834
2007-05-04,40.138000,40.241000,39.838000,40.018000,40.018000,93601578
2007-05-07,40.035000,40.147000,39.966000,40.018000,40.018000,47671498
2007-05-08,39.881000,40.138000,39.735000,40.104000,40.104000,95182545
2007-05-09,39.898000,40.310000,39.872000,40.190000,40.190000,116026536
2007-05-10,40.052000,40.147000,39.537000,39.640000,39.640000,171249022
2007-05-11,39.683000,40.147000,39.632000,40.147000,40.147000,102189251
2007-05-14,40.138000,40.232000,39.640000,39.872000,39.872000,118943627
2007-05-15,39.829000,40.078000,39.469000,39.563000,39.563000,179469603
2007-05-16,39.657000,39.958000,39.400000,39.949000,39.949000,144717416
2007-05-17,39.906000,39.966000,39.726000,39.760000,39.760000,110221889
2007-05-18,39.889000,40.087000,39.803000,40.087000,40.087000,104965919
2007-05-21,40.112000,40.541000,40.052000,40.344000,40.344000,112880732
2007-05-22,40.370000,40.576000,40.224000,40.378000,40.378000,98130974
2007-05-23,40.498000,40.653000,40.164000,40.190000,40.190000,119406382
2007-05-24,40.211000,40.370000,39.451000,39.615000,39.615000,206285176
2007-05-25,39.700000,39.958000,39.632000,39.863000,39.863000,87143103
2007-05-29,39.898000,40.215000,39.829000,40.172000,40.172000,99705986
2007-05-30,39.889000,40.507000,39.778000,40.498000,40.498000,134470585
2007-05-31,40.610000,40.782000,40.516000,40.687000,40.687000,110695260
2007-06-01,40.833000,40.996000,40.653000,40.713000,40.713000,125090708
2007-06-04,40.567000,40.885000,40.541000,40.833000,40.833000,65379891
2007-06-05,40.704000,40.833000,40.335000,40.833000,40.833000,151167625
2007-06-06,40.653000,40.662000,40.302000,40.395000,40.395000,183196938
2007-06-07,40.258000,40.516000,39.752000,39.769000,39.769000,221448481
2007-06-08,39.760000,40.275000,39.615000,40.258000,40.258000,177603363
2007-06-11,40.241000,40.498000,40.129000,40.181000,40.181000,97135190
2007-06-12,39.966000,40.370000,39.863000,39.941000,39.941000,154028018
2007-06-13,40.112000,40.413000,39.941000,40.378000,40.378000,147994417
2007-06-14,40.421000,40.756000,40.413000,40.644000,40.644000,101547460
2007-06-15,41.012000,41.116000,40.927000,40.995000,40.995000,100395271
2007-06-18,41.098000,41.116000,40.944000,41.030000,41.030000,75748215
2007-06-19,40.909000,41.107000,40.806000,41.021000,41.021000,109648653
2007-06-20,41.081000,41.158000,40.574000,40.635000,40.635000,161910132
2007-06-21,40.630000,41.047000,40.437000,41.004000,41.004000,143186223
2007-06-22,40.918000,40.978000,40.489000,40.617000,40.617000,153411750
2007-06-25,40.635000,40.866000,40.214000,40.446000,40.446000,136607447
2007-06-26,40.643000,40.643000,40.145000,40.214000,40.214000,128146511
2007-06-27,40.145000,40.849000,40.111000,40.832000,40.832000,141226256
2007-06-28,40.815000,41.098000,40.772000,40.815000,40.815000,116577540
2007-06-29,41.047000,41.124000,40.549000,40.884000,40.884000,124789250
2007-07-02,40.978000,41.268000,40.952000,41.236000,41.236000,80904825
2007-07-03,41.313000,41.502000,41.262000,41.493000,41.493000,34793229
2007-07-05,41.528000,41.889000,41.476000,41.794000,41.794000,73578209
2007-07-06,41.837000,42.009000,41.657000,41.966000,41.966000,65805487
2007-07-09,42.000000,42.069000,41.846000,41.992000,41.992000,66769099
2007-07-10,41.760000,42.000000,41.597000,41.639000,41.639000,104391333
2007-07-11,41.545000,41.923000,41.502000,41.923000,41.923000,99583564
2007-07-12,42.129000,42.662000,42.017000,42.567000,42.567000,107659221
2007-07-13,42.619000,42.919000,42.576000,42.859000,42.859000,74212673
2007-07-16,42.859000,43.014000,42.739000,42.816000,42.816000,77664633
2007-07-17,42.919000,43.203000,42.876000,43.143000,43.143000,124721469
2007-07-18,42.893000,43.091000,42.636000,43.091000,43.091000,144849415
2007-07-19,43.297000,43.512000,43.211000,43.220000,43.220000,116498619
2007-07-20,43.194000,43.254000,42.722000,42.988000,42.988000,163696403
2007-07-23,43.125000,43.211000,42.876000,43.005000,43.005000,107449886
2007-07-24,42.696000,43.031000,42.129000,42.370000,42.370000,175521543
2007-07-25,42.576000,42.662000,42.138000,42.430000,42.430000,170786421
2007-07-26,42.146000,42.490000,41.270000,42.069000,42.069000,318571302
2007-07-27,41.992000,42.189000,41.219000,41.219000,41.219000,246373038
2007-07-30,41.408000,41.854000,41.184000,41.700000,41.700000,165934518
2007-07-31,42.060000,42.078000,40.738000,40.824000,40.824000,260234975
2007-08-01,40.703000,41.167000,40.351000,41.141000,41.141000,301155797
2007-08-02,41.176000,41.597000,41.047000,41.519000,41.519000,177369964
2007-08-03,41.442000,41.493000,40.497000,40.729000,40.729000,166029067
2007-08-06,40.763000,41.244000,40.394000,41.201000,41.201000,190869069
2007-08-07,41.124000,41.760000,40.781000,41.493000,41.493000,167364106
2007-08-08,41.665000,42.138000,41.571000,41.949000,41.949000,164838454
2007-08-09,41.390000,42.060000,40.961000,40.978000,40.978000,242420717
2007-08-10,40.549000,41.081000,40.051000,40.609000,40.609000,246994504
2007-08-13,40.952000,41.124000,40.781000,40.884000,40.884000,116937316
2007-08-14,40.961000,41.004000,40.136000,40.188000,40.188000,153528064
2007-08-15,40.093000,40.446000,39.349000,39.424000,39.424000,214791014
2007-08-16,39.114000,39.432000,34.828000,39.037000,39.037000,362401324
2007-08-17,39.776000,40.016000,39.156000,39.776000,39.776000,223226537
2007-08-20,39.922000,40.128000,39.578000,39.965000,39.965000,144675599
2007-08-21,39.922000,40.478000,39.844000,40.385000,40.385000,115016800
2007-08-22,40.690000,40.970000,40.600000,40.935000,40.935000,115399684
2007-08-23,41.073000,41.098000,40.566000,40.824000,40.824000,118647713
2007-08-24,40.695000,41.433000,40.643000,41.399000,41.399000,88181951
2007-08-27,41.270000,41.399000,41.090000,41.124000,41.124000,72472246
2007-08-28,40.884000,40.970000,40.119000,40.145000,40.145000,105748599
2007-08-29,40.411000,41.330000,40.411000,41.296000,41.296000,113164020
2007-08-30,41.081000,41.863000,41.012000,41.511000,41.511000,138910446
2007-08-31,41.966000,42.138000,41.751000,41.974000,41.974000,94645217
2007-09-04,42.017000,42.945000,42.009000,42.670000,42.670000,98453620
2007-09-05,42.558000,42.644000,41.974000,42.241000,42.241000,113989717
2007-09-06,42.284000,42.395000,41.923000,42.206000,42.206000,99211037
2007-09-07,41.682000,41.743000,41.184000,41.425000,41.425000,152405805
2007-09-10,41.760000,41.871000,41.064000,41.399000,41.399000,125186304
2007-09-11,41.665000,42.076000,41.597000,42.026000,42.026000,103033088
2007-09-12,41.949000,42.404000,41.897000,42.035000,42.035000,93994837
2007-09-13,42.335000,42.387000,42.035000,42.241000,42.241000,80732705
2007-09-14,41.914000,42.352000,41.854000,42.275000,42.275000,99782615
2007-09-17,42.078000,42.172000,41.734000,41.923000,41.923000,84877167
2007-09-18,42.163000,45.324000,41.940000,42.979000,42.979000,151412217
2007-09-19,43.194000,43.452000,42.928000,43.091000,43.091000,126863124
2007-09-20,42.997000,43.168000,42.876000,42.971000,42.971000,109953010
2007-09-21,43.206000,43.412000,42.977000,43.274000,43.274000,86835596
2007-09-24,43.386000,43.790000,43.249000,43.472000,43.472000,107181199
2007-09-25,43.326000,43.884000,43.274000,43.884000,43.884000,101038057
2007-09-26,44.134000,44.263000,43.927000,44.099000,44.099000,96099960
2007-09-27,44.357000,44.383000,44.134000,44.323000,44.323000,73419670
2007-09-28,44.288000,44.409000,43.979000,44.177000,44.177000,75434544
2007-10-01,44.211000,44.821000,44.151000,44.684000,44.684000,100370607
2007-10-02,44.718000,44.735000,44.443000,44.692000,44.692000,71035918
2007-10-03,44.546000,44.744000,44.254000,44.383000,44.383000,106743446
2007-10-04,44.469000,44.538000,44.116000,44.486000,44.486000,84114301
2007-10-05,44.830000,45.457000,44.735000,45.387000,45.387000,115667687
2007-10-08,45.371000,45.680000,45.294000,45.672000,45.672000,63004254
2007-10-09,45.775000,45.930000,45.569000,45.870000,45.870000,94197090
2007-10-10,45.878000,46.033000,45.723000,45.981000,45.981000,91766573
2007-10-11,46.222000,46.351000,44.924000,45.251000,45.251000,239746861
2007-10-12,45.457000,46.007000,45.371000,45.998000,45.998000,131652856
2007-10-15,46.067000,46.153000,45.285000,45.646000,45.646000,121523453
2007-10-16,45.362000,45.784000,45.268000,45.431000,45.431000,193617382
2007-10-17,46.076000,46.110000,45.268000,46.016000,46.016000,183967845
2007-10-18,45.826000,46.308000,45.646000,46.213000,46.213000,144491134
2007-10-19,46.205000,46.205000,45.019000,45.062000,45.062000,245090266
2007-10-22,44.821000,45.645000,44.701000,45.603000,45.603000,206904924
2007-10-23,46.067000,46.583000,45.835000,46.557000,46.557000,162288688
2007-10-24,46.179000,46.351000,44.684000,46.205000,46.205000,298323651
2007-10-25,46.299000,46.385000,45.328000,45.586000,45.586000,233618109
2007-10-26,46.471000,46.574000,45.921000,46.342000,46.342000,146681066
2007-10-29,46.565000,46.686000,46.265000,46.540000,46.540000,101883546
2007-10-30,46.351000,46.883000,46.316000,46.626000,46.626000,114600934
2007-10-31,46.806000,47.322000,46.437000,47.287000,47.287000,148405682
2007-11-01,46.987000,47.064000,46.376000,46.402000,46.402000,181936821
2007-11-02,46.763000,46.875000,46.058000,46.763000,46.763000,217867190
2007-11-05,46.282000,46.746000,46.050000,46.462000,46.462000,150572959
2007-11-06,46.686000,46.995000,46.213000,46.987000,46.987000,131861234
2007-11-07,46.591000,46.901000,45.809000,45.844000,45.844000,197763761
2007-11-08,45.663000,45.826000,43.652000,44.452000,44.452000,380564604
2007-11-09,43.592000,43.927000,42.965000,42.965000,42.965000,309385735
2007-11-12,42.896000,43.171000,41.805000,41.874000,41.874000,283136756
2007-11-13,42.441000,43.644000,42.406000,43.601000,43.601000,255280691
2007-11-14,44.159000,44.202000,42.879000,43.042000,43.042000,263213625
2007-11-15,42.965000,43.429000,42.424000,42.810000,42.810000,251008971
2007-11-16,43.085000,43.386000,42.398000,43.206000,43.206000,263611354
2007-11-19,43.111000,43.352000,42.458000,42.707000,42.707000,197784841
2007-11-20,42.922000,43.635000,42.046000,42.879000,42.879000,300707994
2007-11-21,42.475000,43.111000,41.977000,42.372000,42.372000,212547683
2007-11-23,42.647000,42.939000,42.426000,42.828000,42.828000,46464843
2007-11-26,42.948000,43.283000,42.020000,42.089000,42.089000,150190847
2007-11-27,42.441000,43.008000,42.192000,42.931000,42.931000,211323430
2007-11-28,43.506000,44.426000,43.481000,44.237000,44.237000,214679066
2007-11-29,44.056000,44.589000,43.996000,44.426000,44.426000,171648258
2007-11-30,44.864000,44.898000,43.781000,44.091000,44.091000,171403991
2007-12-03,43.945000,44.280000,43.670000,43.721000,43.721000,108386281
2007-12-04,43.360000,43.773000,43.292000,43.541000,43.541000,113341289
2007-12-05,43.996000,44.684000,43.962000,44.314000,44.314000,137521691
2007-12-06,44.366000,45.002000,44.348000,44.959000,44.959000,99763571
2007-12-07,44.933000,45.148000,44.752000,44.967000,44.967000,88992298
2007-12-10,45.062000,45.277000,44.959000,45.148000,45.148000,75657874
2007-12-11,45.208000,45.405000,44.005000,44.099000,44.099000,167064664
2007-12-12,44.898000,45.053000,43.730000,44.495000,44.495000,162975125
2007-12-13,44.108000,44.366000,43.807000,44.254000,44.254000,153682083
2007-12-14,43.902000,44.340000,43.756000,43.799000,43.799000,128407935
2007-12-17,43.635000,43.814000,42.716000,42.733000,42.733000,134377521
2007-12-18,43.171000,43.197000,42.260000,42.870000,42.870000,154251626
2007-12-19,42.870000,43.137000,42.630000,42.862000,42.862000,137971798
2007-12-20,43.541000,43.790000,43.137000,43.738000,43.738000,167342283
2007-12-21,44.481000,44.644000,44.283000,44.601000,44.601000,107613153
2007-12-24,44.739000,45.074000,44.687000,44.937000,44.937000,34499893
2007-12-26,44.859000,45.272000,44.730000,45.161000,45.161000,58492079
2007-12-27,45.014000,45.161000,44.481000,44.670000,44.670000,65778895
2007-12-28,44.765000,44.868000,44.240000,44.610000,44.610000,67559859
2007-12-31,44.352000,44.455000,44.051000,44.059000,44.059000,70137773
2008-01-02,44.102000,44.274000,43.122000,43.397000,43.397000,152344477
2008-01-03,43.354000,43.664000,43.139000,43.543000,43.543000,114105510
2008-01-04,42.829000,42.864000,41.470000,41.634000,41.634000,212658574
2008-01-07,41.642000,41.806000,40.799000,41.436000,41.436000,235083589
2008-01-08,41.539000,41.943000,40.361000,40.361000,40.361000,261699993
2008-01-09,40.507000,41.255000,39.965000,41.221000,41.221000,254110742
2008-01-10,40.791000,41.642000,40.679000,41.281000,41.281000,249963616
2008-01-11,41.049000,41.092000,40.171000,40.472000,40.472000,211685127
2008-01-14,41.023000,41.298000,40.696000,41.178000,41.178000,168048431
2008-01-15,40.756000,40.877000,39.870000,40.042000,40.042000,241791958
2008-01-16,39.733000,40.352000,39.105000,39.612000,39.612000,265725123
2008-01-17,39.776000,40.068000,38.881000,39.062000,39.062000,254455987
2008-01-18,39.260000,39.690000,38.503000,39.010000,39.010000,273063208
2008-01-22,36.842000,38.511000,36.756000,38.004000,38.004000,325732226
2008-01-23,36.593000,37.978000,35.793000,37.866000,37.866000,390156448
2008-01-24,38.012000,38.649000,37.900000,38.632000,38.632000,250249051
2008-01-25,39.449000,39.457000,37.797000,37.840000,37.840000,199299091
2008-01-28,37.866000,38.227000,37.479000,38.133000,38.133000,163711180
2008-01-29,38.331000,38.434000,37.883000,38.201000,38.201000,138519982
2008-01-30,38.055000,38.984000,38.004000,38.167000,38.167000,220824400
2008-01-31,37.737000,39.217000,37.694000,38.821000,38.821000,246824010
2008-02-01,39.156000,39.466000,38.606000,39.216000,39.216000,161920253
2008-02-04,39.208000,39.234000,38.657000,38.666000,38.666000,100209834
2008-02-05,37.952000,38.365000,37.539000,37.565000,37.565000,188990379
2008-02-06,37.780000,37.995000,36.791000,36.825000,36.825000,178284962
2008-02-07,36.429000,37.668000,36.257000,37.083000,37.083000,286342201
2008-02-08,37.143000,37.651000,36.937000,37.505000,37.505000,173781243
2008-02-11,37.660000,38.038000,37.453000,37.909000,37.909000,119562293
2008-02-12,38.133000,38.434000,37.427000,37.694000,37.694000,145412357
2008-02-13,38.184000,38.606000,37.986000,38.520000,38.520000,148685818
2008-02-14,38.571000,38.580000,37.754000,37.823000,37.823000,170868895
2008-02-15,37.651000,37.832000,37.376000,37.694000,37.694000,100053230
2008-02-19,38.184000,38.279000,37.221000,37.625000,37.625000,110507578
2008-02-20,37.204000,37.926000,37.195000,37.797000,37.797000,137338773
2008-02-21,38.158000,38.253000,37.281000,37.436000,37.436000,127856974
2008-02-22,37.565000,37.582000,36.645000,37.574000,37.574000,157364607
2008-02-25,37.522000,37.909000,37.281000,37.763000,37.763000,121444230
2008-02-26,37.548000,38.262000,37.307000,37.909000,37.909000,148375824
2008-02-27,37.651000,38.244000,37.565000,38.098000,38.098000,125682592
2008-02-28,37.943000,38.305000,37.806000,37.952000,37.952000,129196647
2008-02-29,37.548000,37.651000,36.860000,36.946000,36.946000,188724544
2008-03-03,36.928000,36.980000,36.335000,36.705000,36.705000,133641955
2008-03-04,36.481000,37.023000,36.146000,36.911000,36.911000,183850962
2008-03-05,36.980000,37.453000,36.774000,37.092000,37.092000,183208205
2008-03-06,37.066000,37.221000,36.214000,36.275000,36.275000,152752159
2008-03-07,36.051000,36.679000,35.595000,36.189000,36.189000,242552368
2008-03-10,36.137000,36.249000,35.414000,35.492000,35.492000,146964132
2008-03-11,36.008000,36.860000,35.707000,36.842000,36.842000,196888180
2008-03-12,37.006000,37.367000,36.645000,36.739000,36.739000,155566029
2008-03-13,36.309000,37.272000,35.965000,37.023000,37.023000,208991739
2008-03-14,37.298000,37.315000,35.905000,36.343000,36.343000,309589728
2008-03-17,35.492000,36.137000,35.311000,35.681000,35.681000,193130557
2008-03-18,36.335000,37.281000,36.223000,37.272000,37.272000,216300368
2008-03-19,37.427000,37.505000,36.326000,36.352000,36.352000,216157167
2008-03-20,36.459000,37.105000,36.244000,37.096000,37.096000,128396981
2008-03-24,37.260000,38.534000,37.260000,38.379000,38.379000,125075618
2008-03-25,38.465000,38.801000,38.121000,38.594000,38.594000,118219647
2008-03-26,38.474000,38.611000,38.121000,38.482000,38.482000,124824584
2008-03-27,38.258000,38.319000,37.630000,37.630000,37.630000,143868548
2008-03-28,37.905000,38.172000,37.303000,37.441000,37.441000,111838105
2008-03-31,37.578000,37.897000,37.406000,37.639000,37.639000,113644759
2008-04-01,38.267000,39.266000,38.233000,39.248000,39.248000,137494358
2008-04-02,39.335000,39.619000,38.887000,39.162000,39.162000,132486770
2008-04-03,38.990000,39.524000,38.861000,39.248000,39.248000,140033769
2008-04-04,39.412000,39.903000,39.085000,39.481000,39.481000,139275842
2008-04-07,39.731000,39.954000,39.300000,39.395000,39.395000,102610742
2008-04-08,39.093000,39.360000,38.895000,39.093000,39.093000,97565928
2008-04-09,39.145000,39.162000,38.422000,38.654000,38.654000,127256916
2008-04-10,38.680000,39.464000,38.680000,39.205000,39.205000,112800408
2008-04-11,38.758000,38.827000,37.983000,38.121000,38.121000,120135376
2008-04-14,38.060000,38.293000,37.837000,37.948000,37.948000,89274579
2008-04-15,38.086000,38.181000,37.604000,38.000000,38.000000,124232274
2008-04-16,38.474000,39.154000,38.439000,39.059000,39.059000,134027892
2008-04-17,39.102000,39.386000,38.723000,38.973000,38.973000,125056809
2008-04-18,40.040000,40.402000,39.791000,40.213000,40.213000,133022442
2008-04-21,40.127000,40.531000,40.023000,40.497000,40.497000,83303164
2008-04-22,40.230000,40.264000,39.541000,39.894000,39.894000,104689529
2008-04-23,40.187000,40.514000,39.837000,40.333000,40.333000,131086179
2008-04-24,40.350000,41.142000,39.937000,40.695000,40.695000,166694557
2008-04-25,40.729000,40.764000,40.092000,40.591000,40.591000,121945352
2008-04-28,40.678000,40.996000,40.574000,40.669000,40.669000,71243949
2008-04-29,40.591000,41.117000,40.514000,40.979000,40.979000,91270601
2008-04-30,41.056000,41.375000,40.488000,40.643000,40.643000,132152671
2008-05-01,40.669000,41.943000,40.652000,41.926000,41.926000,143596884
2008-05-02,42.348000,42.348000,41.616000,41.986000,41.986000,124989913
2008-05-05,41.952000,42.210000,41.668000,41.866000,41.866000,75624625
2008-05-06,41.745000,42.296000,41.444000,42.124000,42.124000,139582514
2008-05-07,42.124000,42.382000,41.213000,41.358000,41.358000,140008268
2008-05-08,41.530000,41.926000,41.375000,41.668000,41.668000,128058662
2008-05-09,41.349000,41.719000,41.237000,41.504000,41.504000,97061976
2008-05-12,41.564000,42.348000,41.495000,42.262000,42.262000,89636010
2008-05-13,42.296000,42.468000,41.977000,42.373000,42.373000,85448028
2008-05-14,42.546000,42.985000,42.219000,42.279000,42.279000,143598133
2008-05-15,42.279000,43.062000,42.167000,43.019000,43.019000,157248829
2008-05-16,43.122000,43.140000,42.572000,43.054000,43.054000,146563169
2008-05-19,43.088000,43.450000,42.477000,42.744000,42.744000,140179612
2008-05-20,42.572000,42.589000,42.089000,42.417000,42.417000,137163640
2008-05-21,42.451000,42.701000,41.340000,41.478000,41.478000,192807639
2008-05-22,41.581000,41.917000,41.418000,41.625000,41.625000,153198168
2008-05-23,41.478000,41.625000,41.168000,41.495000,41.495000,121708036
2008-05-27,41.599000,42.279000,41.573000,42.227000,42.227000,106987732
2008-05-28,42.425000,42.494000,41.969000,42.399000,42.399000,121369145
2008-05-29,42.417000,43.019000,42.399000,42.778000,42.778000,143992992
2008-05-30,42.950000,43.252000,42.830000,43.054000,43.054000,94163587
2008-06-02,42.976000,42.976000,42.150000,42.528000,42.528000,144359885
2008-06-03,42.692000,42.959000,41.900000,42.296000,42.296000,167679844
2008-06-04,42.158000,43.131000,42.132000,42.838000,42.838000,174967403
2008-06-05,42.933000,43.570000,42.787000,43.518000,43.518000,126653645
2008-06-06,43.140000,43.226000,42.201000,42.210000,42.210000,189135933
2008-06-09,42.279000,42.348000,41.280000,41.986000,41.986000,208897240
2008-06-10,41.564000,42.132000,41.461000,41.788000,41.788000,162798493
2008-06-11,41.711000,41.771000,40.764000,40.789000,40.789000,170367269
2008-06-12,41.074000,41.418000,40.462000,40.824000,40.824000,189917130
2008-06-13,41.065000,41.728000,40.858000,41.642000,41.642000,167854994
2008-06-16,41.427000,42.201000,41.383000,42.012000,42.012000,136343825
2008-06-17,42.141000,42.236000,41.728000,41.788000,41.788000,122952587
2008-06-18,41.547000,41.711000,41.177000,41.340000,41.340000,169338079
2008-06-19,41.254000,42.193000,40.987000,41.986000,41.986000,221366486
2008-06-20,41.645000,41.654000,40.671000,40.852000,40.852000,197434104
2008-06-23,41.025000,41.128000,40.473000,40.534000,40.534000,131548505
2008-06-24,40.344000,40.809000,39.982000,40.327000,40.327000,178293711
2008-06-25,40.499000,41.352000,40.439000,40.982000,40.982000,179023355
2008-06-26,40.232000,40.232000,39.319000,39.327000,39.327000,190028233
2008-06-27,39.267000,39.543000,38.742000,39.327000,39.327000,181351771
2008-06-30,39.224000,39.483000,38.897000,38.914000,38.914000,132929401
2008-07-01,38.647000,39.508000,38.492000,39.465000,39.465000,245494254
2008-07-02,39.595000,39.741000,38.457000,38.518000,38.518000,199725486
2008-07-03,38.750000,38.836000,38.147000,38.449000,38.449000,123118206
2008-07-07,38.811000,39.164000,38.113000,38.681000,38.681000,181011239
2008-07-08,38.724000,39.638000,38.569000,39.603000,39.603000,206255301
2008-07-09,39.595000,39.655000,38.535000,38.552000,38.552000,168576293
2008-07-10,38.612000,39.129000,38.233000,39.009000,39.009000,238811433
2008-07-11,38.604000,39.000000,37.777000,38.388000,38.388000,265514634
2008-07-14,38.879000,38.923000,37.966000,38.104000,38.104000,177389787
2008-07-15,37.915000,38.707000,37.303000,38.113000,38.113000,283891074
2008-07-16,38.164000,39.095000,37.837000,39.060000,39.060000,186047787
2008-07-17,39.250000,39.474000,38.750000,39.319000,39.319000,197555054
2008-07-18,38.914000,38.914000,38.414000,38.414000,38.414000,160660977
2008-07-21,38.768000,38.931000,38.328000,38.578000,38.578000,128107755
2008-07-22,37.923000,38.604000,37.785000,38.578000,38.578000,152524415
2008-07-23,38.630000,39.534000,38.526000,39.086000,39.086000,169259091
2008-07-24,39.276000,39.293000,38.466000,38.500000,38.500000,145560926
2008-07-25,38.750000,39.181000,38.561000,39.000000,39.000000,111616700
2008-07-28,39.000000,39.215000,38.087000,38.268000,38.268000,124028416
2008-07-29,38.449000,39.233000,38.397000,39.060000,39.060000,142291409
2008-07-30,39.164000,39.474000,38.664000,39.259000,39.259000,165679874
2008-07-31,38.862000,39.758000,38.785000,39.164000,39.164000,180730831
2008-08-01,39.215000,39.241000,38.251000,38.664000,38.664000,180377372
2008-08-04,38.656000,38.699000,38.164000,38.276000,38.276000,116306830
2008-08-05,38.681000,39.603000,38.630000,39.569000,39.569000,151727012
2008-08-06,39.569000,40.327000,39.267000,40.172000,40.172000,133463695
2008-08-07,39.931000,40.361000,39.698000,39.862000,39.862000,152805763
2008-08-08,39.844000,40.870000,39.758000,40.766000,40.766000,143121409
2008-08-11,40.749000,41.593000,40.611000,41.137000,41.137000,157291110
2008-08-12,41.145000,41.490000,40.930000,41.180000,41.180000,140596918
2008-08-13,41.128000,41.455000,40.706000,41.094000,41.094000,169664515
2008-08-14,40.956000,41.748000,40.913000,41.567000,41.567000,158069122
2008-08-15,41.654000,41.843000,41.318000,41.490000,41.490000,123115981
2008-08-18,41.602000,41.619000,40.714000,41.007000,41.007000,151399004
2008-08-19,40.801000,40.999000,40.275000,40.499000,40.499000,155418537
2008-08-20,40.801000,40.973000,40.267000,40.568000,40.568000,155466659
2008-08-21,40.258000,40.559000,39.956000,40.379000,40.379000,118920908
2008-08-22,40.594000,41.076000,40.559000,40.913000,40.913000,96525453
2008-08-25,40.620000,40.671000,39.948000,40.051000,40.051000,128076434
2008-08-26,40.068000,40.292000,39.732000,39.999000,39.999000,107233846
2008-08-27,40.017000,40.568000,39.879000,40.258000,40.258000,108489879
2008-08-28,40.422000,40.732000,40.344000,40.585000,40.585000,112808575
2008-08-29,40.155000,40.595000,39.560000,39.732000,39.732000,133272097
2008-09-02,40.370000,40.559000,39.060000,39.241000,39.241000,162403164
2008-09-03,39.151000,39.317000,38.587000,38.871000,38.871000,161682806
2008-09-04,38.638000,38.690000,37.613000,37.613000,37.613000,219363713
2008-09-05,37.303000,37.716000,36.881000,37.432000,37.432000,247977452
2008-09-08,37.940000,38.096000,36.769000,37.312000,37.312000,311074015
2008-09-09,37.346000,37.725000,36.485000,36.571000,36.571000,214180573
2008-09-10,36.933000,37.200000,36.571000,36.872000,36.872000,160658075
2008-09-11,36.329000,37.639000,36.329000,37.561000,37.561000,203440964
2008-09-12,37.243000,37.656000,36.958000,37.415000,37.415000,172094276
2008-09-15,36.528000,37.294000,36.209000,36.252000,36.252000,616795277
2008-09-16,35.726000,36.907000,35.692000,36.536000,36.536000,349551310
2008-09-17,36.045000,36.546000,34.624000,34.641000,34.641000,340087946
2008-09-18,35.425000,36.157000,34.029000,35.813000,35.813000,423934463
2008-09-19,37.777000,37.786000,36.294000,36.984000,36.984000,263401424
2008-09-22,36.855000,36.932000,35.174000,35.243000,35.243000,164698164
2008-09-23,35.501000,35.993000,34.863000,34.975000,34.975000,185954509
2008-09-24,35.217000,35.570000,34.932000,35.217000,35.217000,159305214
2008-09-25,35.528000,36.225000,35.372000,35.777000,35.777000,148586974
2008-09-26,34.743000,35.769000,34.674000,35.415000,35.415000,182678550
2008-09-29,34.708000,34.812000,32.053000,32.605000,32.605000,307954348
2008-09-30,32.536000,33.881000,32.415000,33.544000,33.544000,195512753
2008-10-01,33.475000,33.596000,32.786000,33.191000,33.191000,174122954
2008-10-02,32.975000,32.975000,31.587000,31.682000,31.682000,192185789
2008-10-03,32.122000,32.915000,31.122000,31.191000,31.191000,272144023
2008-10-06,30.398000,30.630000,28.372000,30.053000,30.053000,394158016
2008-10-07,30.294000,30.346000,27.820000,28.148000,28.148000,329540153
2008-10-08,27.544000,29.415000,27.449000,27.923000,27.923000,452568314
2008-10-09,28.579000,29.036000,26.699000,27.173000,27.173000,352617181
2008-10-10,26.311000,28.001000,25.328000,27.001000,27.001000,472453186
2008-10-13,28.329000,30.389000,27.932000,30.286000,30.286000,277347002
2008-10-14,31.122000,31.165000,28.613000,28.975000,28.975000,342311616
2008-10-15,28.648000,28.751000,26.329000,26.380000,26.380000,312088417
2008-10-16,26.570000,27.820000,25.216000,27.811000,27.811000,494913283
2008-10-17,27.260000,29.010000,27.079000,27.846000,27.846000,326593086
2008-10-20,28.268000,28.673000,27.329000,28.622000,28.622000,232783304
2008-10-21,28.156000,28.671000,27.139000,27.139000,27.139000,239932393
2008-10-22,27.061000,27.242000,25.613000,26.389000,26.389000,289993539
2008-10-23,26.260000,26.803000,24.915000,26.285000,26.285000,377966829
2008-10-24,24.251000,26.079000,24.216000,25.441000,25.441000,322129446
2008-10-27,25.122000,26.035000,24.708000,24.734000,24.734000,239493669
2008-10-28,25.587000,27.484000,24.872000,27.467000,27.467000,327367565
2008-10-29,27.544000,28.518000,26.941000,27.398000,27.398000,341390788
2008-10-30,28.165000,28.501000,27.570000,28.311000,28.311000,255292076
2008-10-31,27.898000,28.820000,27.665000,28.354000,28.354000,224280329
2008-11-03,28.286000,28.703000,28.027000,28.294000,28.294000,128502428
2008-11-04,28.872000,29.320000,28.432000,29.096000,29.096000,182533013
2008-11-05,28.872000,28.967000,27.518000,27.579000,27.579000,184147880
2008-11-06,27.156000,27.475000,26.208000,26.346000,26.346000,220780463
2008-11-07,26.656000,27.139000,26.372000,26.889000,26.889000,176977636
2008-11-10,27.535000,27.561000,26.208000,26.527000,26.527000,142737868
2008-11-11,26.268000,26.518000,25.622000,25.949000,25.949000,162921209
2008-11-12,25.561000,25.691000,24.699000,24.751000,24.751000,184936240
2008-11-13,24.682000,26.320000,23.518000,26.260000,26.260000,318269146
2008-11-14,25.691000,26.225000,24.889000,24.984000,24.984000,259407099
2008-11-17,24.561000,25.199000,24.363000,24.458000,24.458000,202894875
2008-11-18,24.622000,24.785000,23.613000,24.432000,24.432000,252794212
2008-11-19,24.484000,24.811000,23.096000,23.156000,23.156000,244288925
2008-11-20,22.880000,23.665000,21.958000,22.035000,22.035000,342471382
2008-11-21,22.380000,23.001000,21.596000,22.992000,22.992000,282766446
2008-11-24,23.466000,24.691000,23.259000,24.397000,24.397000,225212492
2008-11-25,24.673000,24.691000,23.725000,24.285000,24.285000,203052528
2008-11-26,24.035000,25.311000,23.975000,25.303000,25.303000,165061342
2008-11-28,25.035000,25.165000,24.854000,25.104000,25.104000,41242835
2008-12-01,24.570000,24.578000,23.182000,23.216000,23.216000,149331088
2008-12-02,23.518000,24.044000,23.139000,23.992000,23.992000,181779303
2008-12-03,23.389000,24.751000,23.337000,24.673000,24.673000,231010703
2008-12-04,24.268000,24.811000,23.553000,23.975000,23.975000,188924185
2008-12-05,23.708000,25.061000,23.234000,24.949000,24.949000,212310887
2008-12-08,25.475000,26.260000,25.380000,25.932000,25.932000,185853287
2008-12-09,25.587000,26.579000,25.492000,25.872000,25.872000,178390054
2008-12-10,25.941000,26.260000,25.535000,25.785000,25.785000,162457541
2008-12-11,25.691000,26.096000,24.949000,25.078000,25.078000,167448871
2008-12-12,24.734000,25.742000,24.544000,25.587000,25.587000,158613787
2008-12-15,25.630000,25.656000,24.777000,25.139000,25.139000,107938929
2008-12-16,25.363000,26.432000,25.087000,26.346000,26.346000,172053683
2008-12-17,26.061000,26.380000,25.708000,26.027000,26.027000,159965350
2008-12-18,26.027000,26.208000,25.311000,25.570000,25.570000,142773809
2008-12-19,25.882000,26.218000,25.605000,25.778000,25.778000,118332946
2008-12-22,25.778000,25.830000,24.811000,25.217000,25.217000,95416288
2008-12-23,25.277000,25.571000,24.941000,25.087000,25.087000,68804643
2008-12-24,25.208000,25.217000,25.018000,25.157000,25.157000,27210316
2008-12-26,25.200000,25.234000,25.010000,25.148000,25.148000,20946302
2008-12-29,25.234000,25.243000,24.570000,24.941000,24.941000,52742522
2008-12-30,25.018000,25.545000,24.984000,25.459000,25.459000,77131105
2008-12-31,25.450000,25.968000,25.424000,25.675000,25.675000,89221187
2009-01-02,25.700000,26.875000,25.631000,26.788000,26.788000,107920235
2009-01-05,26.607000,27.047000,26.408000,26.780000,26.780000,91816603
2009-01-06,27.004000,27.306000,26.857000,27.047000,27.047000,136819993
2009-01-07,26.598000,26.676000,26.063000,26.279000,26.279000,134061870
2009-01-08,26.193000,26.590000,25.968000,26.555000,26.555000,131926048
2009-01-09,26.581000,26.581000,25.830000,25.959000,25.959000,117168319
2009-01-12,26.003000,26.028000,25.208000,25.485000,25.485000,102778875
2009-01-13,25.485000,25.882000,25.191000,25.493000,25.493000,186387347
2009-01-14,25.182000,25.277000,24.578000,24.716000,24.716000,137103247
2009-01-15,24.647000,25.329000,24.233000,25.121000,25.121000,192790728
2009-01-16,25.493000,25.554000,24.777000,25.398000,25.398000,175490357
2009-01-20,25.286000,25.407000,24.138000,24.138000,24.138000,135250974
2009-01-21,24.544000,25.200000,24.259000,25.165000,25.165000,149242661
2009-01-22,24.621000,25.234000,24.397000,24.829000,24.829000,200602616
2009-01-23,24.440000,25.338000,24.293000,24.949000,24.949000,170164091
2009-01-26,25.001000,25.545000,24.820000,25.131000,25.131000,140480978
2009-01-27,25.157000,25.528000,25.139000,25.312000,25.312000,110914811
2009-01-28,25.752000,26.460000,25.735000,26.201000,26.201000,139797234
2009-01-29,25.873000,26.245000,25.450000,25.536000,25.536000,130772841
2009-01-30,25.744000,25.839000,24.984000,25.087000,25.087000,140355212
2009-02-02,24.837000,25.562000,24.811000,25.390000,25.390000,126883395
2009-02-03,25.433000,26.268000,25.062000,25.787000,25.787000,120609316
2009-02-04,25.839000,26.647000,25.718000,25.821000,25.821000,175780814
2009-02-05,25.441000,26.564000,25.433000,26.391000,26.391000,217569553
2009-02-06,26.512000,27.203000,26.400000,27.082000,27.082000,164509610
2009-02-09,27.099000,27.341000,26.926000,27.194000,27.194000,98853886
2009-02-10,27.021000,27.349000,25.985000,26.193000,26.193000,232790536
2009-02-11,26.193000,26.357000,25.666000,26.072000,26.072000,169172553
2009-02-12,25.752000,26.426000,25.588000,26.391000,26.391000,201151398
2009-02-13,26.296000,26.572000,26.149000,26.270000,26.270000,145060587
2009-02-17,25.441000,25.614000,25.087000,25.226000,25.226000,157782517
2009-02-18,25.390000,25.614000,24.923000,25.243000,25.243000,161268253
2009-02-19,25.407000,25.562000,24.794000,24.854000,24.854000,155322371
2009-02-20,24.570000,25.165000,24.509000,24.923000,24.923000,210752398
2009-02-23,25.062000,25.079000,23.939000,24.052000,24.052000,169469878
2009-02-24,24.172000,25.018000,24.138000,24.846000,24.846000,181335783
2009-02-25,24.708000,25.182000,24.293000,24.682000,24.682000,220222983
2009-02-26,24.846000,24.993000,23.913000,23.991000,23.991000,211282792
2009-02-27,23.732000,24.155000,23.646000,23.767000,23.767000,204492546
2009-03-02,23.413000,23.749000,22.852000,22.998000,22.998000,188175935
2009-03-03,23.180000,23.447000,22.808000,22.981000,22.981000,158739966
2009-03-04,23.318000,23.922000,23.240000,23.594000,23.594000,164906096
2009-03-05,23.335000,23.516000,22.808000,22.886000,22.886000,199616447
2009-03-06,22.990000,23.145000,22.195000,22.705000,22.705000,218421537
2009-03-09,22.489000,23.145000,22.126000,22.221000,22.221000,181154015
2009-03-10,22.670000,23.646000,22.584000,23.594000,23.594000,175068132
2009-03-11,23.853000,24.164000,23.534000,23.957000,23.957000,173147912
2009-03-12,23.931000,24.829000,23.689000,24.751000,24.751000,184511048
2009-03-13,24.759000,24.898000,24.449000,24.811000,24.811000,156783498
2009-03-16,24.949000,25.018000,24.336000,24.397000,24.397000,190329439
2009-03-17,24.526000,25.321000,24.431000,25.321000,25.321000,169852396
2009-03-18,25.234000,26.072000,25.105000,25.640000,25.640000,208146881
2009-03-19,26.003000,26.011000,25.433000,25.623000,25.623000,146766511
2009-03-20,25.650000,25.970000,25.062000,25.235000,25.235000,149437356
2009-03-23,25.823000,26.757000,25.251000,26.722000,26.722000,179642565
2009-03-24,26.506000,26.705000,26.212000,26.230000,26.230000,120849455
2009-03-25,26.446000,26.852000,25.650000,26.350000,26.350000,190601573
2009-03-26,26.705000,27.207000,26.305000,27.163000,27.163000,182459446
2009-03-27,26.869000,26.964000,26.558000,26.653000,26.653000,156108009
2009-03-30,26.195000,26.221000,25.615000,25.996000,25.996000,162919640
2009-03-31,26.212000,26.766000,26.177000,26.221000,26.221000,150243791
2009-04-01,25.892000,26.705000,25.762000,26.610000,26.610000,137949921
2009-04-02,27.103000,27.907000,27.008000,27.466000,27.466000,212272326
2009-04-03,27.717000,28.020000,27.527000,27.976000,27.976000,134577245
2009-04-06,27.648000,27.959000,27.371000,27.907000,27.907000,160413612
2009-04-07,27.587000,27.604000,26.990000,27.172000,27.172000,147531195
2009-04-08,27.431000,27.803000,27.233000,27.630000,27.630000,126125970
2009-04-09,28.132000,28.547000,28.045000,28.487000,28.487000,131871447
2009-04-13,28.365000,28.599000,28.132000,28.443000,28.443000,119310408
2009-04-14,28.270000,28.435000,27.907000,28.097000,28.097000,124068950
2009-04-15,27.881000,28.045000,27.544000,28.020000,28.020000,124808143
2009-04-16,28.391000,28.910000,28.115000,28.746000,28.746000,171167985
2009-04-17,28.677000,28.971000,28.478000,28.806000,28.806000,129835395
2009-04-20,28.279000,28.383000,27.725000,27.881000,27.881000,123080472
2009-04-21,27.751000,28.314000,27.743000,28.270000,28.270000,145490151
2009-04-22,28.106000,28.997000,28.011000,28.357000,28.357000,165040476
2009-04-23,28.547000,28.659000,28.097000,28.634000,28.634000,181848784
2009-04-24,28.841000,29.343000,28.599000,29.135000,29.135000,141169941
2009-04-27,28.902000,29.455000,28.841000,29.170000,29.170000,120749086
2009-04-28,28.988000,29.325000,28.850000,28.954000,28.954000,108967966
2009-04-29,29.187000,29.749000,29.092000,29.351000,29.351000,141413571
2009-04-30,29.723000,30.182000,29.438000,29.645000,29.645000,144120353
2009-05-01,29.645000,29.870000,29.412000,29.723000,29.723000,100111971
2009-05-04,29.983000,30.346000,29.853000,30.311000,30.311000,119317320
2009-05-05,30.259000,30.320000,29.948000,30.285000,30.285000,113638114
2009-05-06,30.545000,30.562000,29.801000,30.294000,30.294000,178840474
2009-05-07,30.484000,30.501000,29.299000,29.585000,29.585000,216484625
2009-05-08,29.706000,30.043000,29.299000,29.602000,29.602000,183507282
2009-05-11,29.213000,30.026000,29.126000,29.706000,29.706000,142775884
2009-05-12,29.766000,29.818000,28.988000,29.343000,29.343000,147842117
2009-05-13,29.083000,29.101000,28.504000,28.556000,28.556000,175548207
2009-05-14,28.625000,29.144000,28.608000,28.876000,28.876000,140021617
2009-05-15,28.850000,29.248000,28.737000,28.858000,28.858000,121326308
2009-05-18,29.049000,29.645000,28.876000,29.611000,29.611000,114333401
2009-05-19,29.524000,30.043000,29.360000,29.749000,29.749000,129086394
2009-05-20,29.870000,30.303000,29.559000,29.645000,29.645000,131873676
2009-05-21,29.420000,29.628000,28.806000,29.101000,29.101000,139253125
2009-05-22,29.213000,29.377000,28.815000,29.005000,29.005000,83520293
2009-05-26,28.703000,30.121000,28.694000,30.086000,30.086000,144857122
2009-05-27,29.991000,30.432000,29.775000,29.879000,29.879000,121393094
2009-05-28,30.069000,30.329000,29.585000,30.225000,30.225000,118931250
2009-05-29,30.251000,30.700000,30.060000,30.597000,30.597000,111535656
2009-06-01,30.899000,31.565000,30.796000,31.470000,31.470000,119192163
2009-06-02,31.297000,31.816000,31.228000,31.513000,31.513000,126858554
2009-06-03,31.375000,31.453000,31.072000,31.418000,31.418000,93329716
2009-06-04,31.479000,31.816000,31.427000,31.773000,31.773000,89280573
2009-06-05,31.963000,32.067000,31.496000,31.807000,31.807000,121963044
2009-06-08,31.591000,31.954000,31.237000,31.712000,31.712000,89194096
2009-06-09,31.859000,32.145000,31.712000,31.954000,31.954000,109187759
2009-06-10,32.145000,32.153000,31.384000,31.842000,31.842000,133404603
2009-06-11,31.790000,32.197000,31.781000,31.842000,31.842000,147909735
2009-06-12,31.712000,31.755000,31.306000,31.695000,31.695000,109452462
2009-06-15,31.375000,31.418000,30.770000,31.046000,31.046000,112152898
2009-06-16,31.185000,31.297000,30.718000,30.744000,30.744000,110550209
2009-06-17,30.847000,31.314000,30.657000,31.037000,31.037000,153421778
2009-06-18,30.986000,31.185000,30.761000,30.977000,30.977000,126266695
2009-06-19,31.203000,31.480000,31.091000,31.307000,31.307000,122050096
2009-06-22,30.996000,31.074000,30.320000,30.372000,30.372000,137714814
2009-06-23,30.476000,30.528000,30.104000,30.303000,30.303000,114903026
2009-06-24,30.563000,31.056000,30.545000,30.814000,30.814000,103314561
2009-06-25,30.632000,31.480000,30.545000,31.420000,31.420000,112538111
2009-06-26,31.281000,31.602000,31.212000,31.489000,31.489000,87677290
2009-06-29,31.550000,31.818000,31.273000,31.558000,31.558000,93817585
2009-06-30,31.645000,31.801000,31.264000,31.498000,31.498000,97843001
2009-07-01,31.636000,31.896000,31.506000,31.515000,31.515000,85975906
2009-07-02,31.247000,31.255000,30.736000,30.822000,30.822000,113309764
2009-07-06,30.632000,30.771000,30.338000,30.658000,30.658000,107632481
2009-07-07,30.667000,30.727000,29.879000,29.896000,29.896000,149772994
2009-07-08,30.069000,30.190000,29.697000,30.052000,30.052000,152776358
2009-07-09,30.164000,30.312000,30.000000,30.104000,30.104000,97851468
2009-07-10,30.009000,30.424000,29.924000,30.234000,30.234000,108481909
2009-07-13,30.260000,30.822000,29.853000,30.814000,30.814000,127140297
2009-07-14,30.753000,30.987000,30.649000,30.926000,30.926000,115631626
2009-07-15,31.437000,31.974000,31.290000,31.965000,31.965000,160869688
2009-07-16,31.809000,32.416000,31.792000,32.346000,32.346000,119842438
2009-07-17,32.346000,32.528000,32.182000,32.519000,32.519000,104906405
2009-07-20,32.684000,32.900000,32.563000,32.831000,32.831000,97168739
2009-07-21,32.961000,33.056000,32.589000,33.056000,33.056000,130587601
2009-07-22,33.074000,33.498000,33.013000,33.333000,33.333000,113808563
2009-07-23,33.290000,34.190000,33.238000,34.069000,34.069000,160566419
2009-07-24,33.706000,34.087000,33.576000,33.809000,33.809000,109312234
2009-07-27,34.017000,34.121000,33.654000,34.069000,34.069000,94718534
2009-07-28,33.922000,34.277000,33.706000,33.835000,33.835000,111564277
2009-07-29,34.043000,34.138000,33.766000,34.061000,34.061000,126538184
2009-07-30,34.407000,34.788000,34.208000,34.260000,34.260000,108969837
2009-07-31,34.251000,34.504000,34.121000,34.156000,34.156000,78208282
2009-08-03,34.502000,34.684000,34.320000,34.667000,34.667000,111722709
2009-08-04,34.511000,34.797000,34.433000,34.667000,34.667000,100690726
2009-08-05,34.745000,34.753000,34.164000,34.398000,34.398000,118092996
2009-08-06,34.450000,34.571000,33.974000,34.095000,34.095000,116937411
2009-08-07,34.554000,34.693000,34.277000,34.528000,34.528000,107512240
2009-08-10,34.398000,34.502000,34.061000,34.286000,34.286000,87163150
2009-08-11,34.130000,34.199000,33.809000,33.991000,33.991000,91922694
2009-08-12,33.948000,34.822000,33.939000,34.519000,34.519000,147239950
2009-08-13,34.719000,34.771000,34.320000,34.710000,34.710000,110106995
2009-08-14,34.537000,34.597000,34.009000,34.312000,34.312000,124480151
2009-08-17,33.740000,33.775000,33.299000,33.316000,33.316000,131797185
2009-08-18,33.524000,34.615000,33.429000,33.792000,33.792000,84607838
2009-08-19,33.411000,34.113000,33.368000,34.026000,34.026000,88036241
2009-08-20,34.009000,34.493000,33.939000,34.424000,34.424000,81473477
2009-08-21,34.641000,34.944000,34.407000,34.883000,34.883000,114660175
2009-08-24,34.944000,35.126000,34.719000,34.848000,34.848000,109904874
2009-08-25,34.926000,35.290000,34.848000,34.952000,34.952000,92900338
2009-08-26,34.883000,35.152000,34.701000,34.892000,34.892000,96407482
2009-08-27,34.909000,35.039000,34.346000,34.978000,34.978000,121957773
2009-08-28,35.403000,35.567000,34.771000,35.013000,35.013000,114310203
2009-08-31,34.771000,34.805000,34.450000,34.658000,34.658000,96415287
2009-09-01,34.519000,35.143000,33.905000,34.009000,34.009000,162958867
2009-09-02,33.844000,34.173000,33.801000,33.983000,33.983000,92757103
2009-09-03,34.147000,34.260000,33.784000,34.208000,34.208000,76783088
2009-09-04,34.268000,34.961000,34.216000,34.944000,34.944000,74866546
2009-09-08,35.195000,35.307000,35.030000,35.273000,35.273000,71024341
2009-09-09,35.290000,35.749000,35.143000,35.576000,35.576000,99290029
2009-09-10,35.593000,35.957000,35.498000,35.913000,35.913000,99289067
2009-09-11,35.931000,36.035000,35.688000,35.948000,35.948000,93869374
2009-09-14,35.697000,36.113000,35.680000,36.087000,36.087000,90560527
2009-09-15,36.069000,36.320000,35.991000,36.199000,36.199000,91594541
2009-09-16,36.346000,36.779000,36.225000,36.727000,36.727000,96888463
2009-09-17,36.641000,36.935000,36.545000,36.719000,36.719000,102169545
2009-09-18,36.887000,36.939000,36.583000,36.783000,36.783000,87453059
2009-09-21,36.592000,37.008000,36.540000,36.895000,36.895000,71351343
2009-09-22,37.112000,37.121000,36.783000,36.965000,36.965000,75638373
2009-09-23,37.121000,37.415000,36.728000,36.791000,36.791000,143924062
2009-09-24,36.930000,36.999000,36.202000,36.462000,36.462000,111016320
2009-09-25,36.211000,36.479000,36.037000,36.141000,36.141000,109215947
2009-09-28,36.332000,36.973000,36.306000,36.757000,36.757000,84484131
2009-09-29,36.757000,36.939000,36.427000,36.592000,36.592000,106686401
2009-09-30,36.739000,36.924000,36.055000,36.618000,36.618000,173102625
2009-10-01,36.497000,36.514000,35.535000,35.535000,35.535000,140119051
2009-10-02,35.292000,35.751000,35.292000,35.431000,35.431000,145291252
2009-10-05,35.613000,35.881000,35.387000,35.717000,35.717000,97054125
2009-10-06,35.907000,36.523000,35.726000,36.349000,36.349000,124627964
2009-10-07,36.297000,36.471000,36.202000,36.453000,36.453000,93787522
2009-10-08,36.670000,36.939000,36.523000,36.609000,36.609000,107850372
2009-10-09,36.531000,36.878000,36.453000,36.817000,36.817000,62827992
2009-10-12,36.947000,37.155000,36.644000,36.895000,36.895000,53221870
2009-10-13,36.869000,37.051000,36.722000,36.904000,36.904000,70939211
2009-10-14,37.355000,37.522000,37.138000,37.407000,37.407000,91004866
2009-10-15,37.207000,37.372000,37.155000,37.320000,37.320000,85772704
2009-10-16,37.199000,37.259000,36.817000,37.077000,37.077000,111859601
2009-10-19,37.103000,37.502000,36.913000,37.450000,37.450000,83511942
2009-10-20,37.658000,37.667000,37.216000,37.459000,37.459000,89847824
2009-10-21,37.441000,37.979000,37.320000,37.389000,37.389000,110397326
2009-10-22,37.329000,37.693000,37.086000,37.537000,37.537000,85871768
2009-10-23,37.866000,37.901000,37.285000,37.381000,37.381000,117029885
2009-10-26,37.415000,37.927000,37.086000,37.259000,37.259000,107068518
2009-10-27,37.225000,37.363000,36.557000,36.696000,36.696000,121438174
2009-10-28,36.566000,36.679000,35.795000,35.873000,35.873000,143553508
2009-10-29,36.124000,36.566000,36.003000,36.479000,36.479000,85207518
2009-10-30,36.453000,36.531000,35.465000,35.500000,35.500000,162796442
2009-11-02,35.543000,36.029000,35.223000,35.647000,35.647000,142520642
2009-11-03,35.509000,35.812000,35.396000,35.760000,35.760000,95106973
2009-11-04,35.977000,36.289000,35.777000,35.821000,35.821000,107970596
2009-11-05,36.237000,36.748000,36.211000,36.705000,36.705000,135204788
2009-11-06,36.540000,36.965000,36.471000,36.921000,36.921000,96312206
2009-11-09,37.199000,37.719000,37.164000,37.710000,37.710000,101620781
2009-11-10,37.658000,37.937000,37.615000,37.805000,37.805000,72846448
2009-11-11,38.083000,38.256000,37.797000,38.048000,38.048000,84676105
2009-11-12,38.065000,38.273000,37.745000,37.831000,37.831000,92426053
2009-11-13,37.944000,38.256000,37.814000,38.143000,38.143000,87959492
2009-11-16,38.299000,38.698000,38.239000,38.533000,38.533000,87776089
2009-11-17,38.429000,38.655000,38.351000,38.655000,38.655000,81883998
2009-11-18,38.542000,38.559000,38.178000,38.441000,38.441000,100240791
2009-11-19,38.187000,38.204000,37.571000,37.840000,37.840000,114557942
2009-11-20,37.623000,37.745000,37.511000,37.649000,37.649000,70912056
2009-11-23,38.022000,38.481000,38.013000,38.256000,38.256000,91621407
2009-11-24,38.256000,38.265000,37.901000,38.126000,38.126000,60669943
2009-11-25,38.256000,38.325000,38.143000,38.291000,38.291000,37630050
2009-11-27,37.268000,37.987000,37.181000,37.710000,37.710000,61229930
2009-11-30,37.623000,37.805000,37.363000,37.753000,37.753000,84819373
2009-12-01,38.031000,38.395000,38.031000,38.143000,38.143000,81817784
2009-12-02,38.273000,38.559000,38.117000,38.195000,38.195000,81653509
2009-12-03,38.343000,38.568000,38.031000,38.039000,38.039000,72460358
2009-12-04,38.525000,38.767000,37.840000,38.239000,38.239000,125062510
2009-12-07,38.204000,38.386000,37.979000,38.057000,38.057000,67471808
2009-12-08,37.857000,38.135000,37.580000,37.825000,37.825000,86621378
2009-12-09,37.797000,38.239000,37.545000,38.204000,38.204000,78820459
2009-12-10,38.351000,38.603000,38.343000,38.395000,38.395000,76722313
2009-12-11,38.585000,38.646000,38.091000,38.247000,38.247000,66643628
2009-12-14,38.507000,38.655000,38.299000,38.611000,38.611000,47965477
2009-12-15,38.490000,38.715000,38.282000,38.395000,38.395000,61171042
2009-12-16,38.542000,38.741000,38.386000,38.447000,38.447000,61629612
2009-12-17,38.282000,38.317000,37.927000,37.979000,37.979000,90440881
2009-12-18,38.322000,38.618000,38.201000,38.600000,38.600000,96442564
2009-12-21,38.782000,39.182000,38.782000,39.034000,39.034000,82381391
2009-12-22,39.138000,39.321000,39.095000,39.269000,39.269000,51569042
2009-12-23,39.364000,39.564000,39.251000,39.555000,39.555000,73932195
2009-12-24,39.599000,39.920000,39.590000,39.920000,39.920000,31770350
2009-12-28,40.007000,40.198000,39.885000,40.128000,40.128000,49381386
2009-12-29,40.128000,40.154000,39.929000,39.963000,39.963000,32410154
2009-12-30,39.937000,40.163000,39.902000,40.085000,40.085000,57612660
2009-12-31,40.154000,40.176000,39.720000,39.720000,39.720000,50079160
2010-01-04,40.215000,40.358000,40.172000,40.302000,40.302000,62822798
2010-01-05,40.267000,40.371000,40.076000,40.302000,40.302000,62935591
2010-01-06,40.276000,40.415000,39.998000,40.059000,40.059000,96033002
2010-01-07,40.111000,40.172000,39.868000,40.085000,40.085000,77094032
2010-01-08,39.972000,40.415000,39.876000,40.415000,40.415000,88886598
2010-01-11,40.458000,40.493000,40.041000,40.250000,40.250000,104673315
2010-01-12,40.007000,40.059000,39.529000,39.746000,39.746000,90673830
2010-01-13,39.876000,40.363000,39.599000,40.241000,40.241000,100660957
2010-01-14,40.163000,40.389000,40.128000,40.276000,40.276000,75812668
2010-01-15,40.337000,40.415000,39.633000,39.807000,39.807000,126866066
2010-01-19,39.902000,40.493000,39.894000,40.449000,40.449000,84388146
2010-01-20,40.172000,40.462000,39.442000,39.868000,39.868000,145679908
2010-01-21,39.989000,40.241000,39.329000,39.494000,39.494000,204939540
2010-01-22,39.364000,39.486000,38.236000,38.340000,38.340000,171098633
2010-01-25,38.539000,38.722000,38.305000,38.470000,38.470000,154218611
2010-01-26,38.444000,38.973000,38.244000,38.505000,38.505000,140816418
2010-01-27,38.453000,38.939000,38.209000,38.809000,38.809000,161632631
2010-01-28,38.548000,38.574000,37.610000,37.810000,37.810000,221439792
2010-01-29,38.114000,38.218000,37.011000,37.150000,37.150000,212125976
2010-02-01,37.254000,37.576000,37.228000,37.558000,37.558000,136827088
2010-02-02,37.602000,38.010000,37.359000,37.897000,37.897000,110727609
2010-02-03,37.723000,38.175000,37.697000,38.105000,38.105000,93581594
2010-02-04,37.836000,37.906000,37.003000,37.003000,37.003000,151652403
2010-02-05,37.116000,37.350000,36.569000,37.315000,37.315000,213618504
2010-02-08,37.263000,37.489000,37.020000,37.046000,37.046000,94354367
2010-02-09,37.480000,37.775000,37.124000,37.428000,37.428000,118955917
2010-02-10,37.419000,37.602000,37.116000,37.350000,37.350000,94102839
2010-02-11,37.341000,38.018000,37.124000,37.914000,37.914000,93050785
2010-02-12,37.567000,38.097000,37.472000,37.992000,37.992000,93943992
2010-02-16,38.270000,38.505000,38.071000,38.479000,38.479000,83861368
2010-02-17,38.635000,38.696000,38.427000,38.696000,38.696000,82691607
2010-02-18,38.670000,39.008000,38.591000,38.939000,38.939000,65752535
2010-02-19,38.861000,39.112000,38.739000,38.921000,38.921000,80416418
2010-02-22,39.078000,39.095000,38.687000,38.843000,38.843000,72054906
2010-02-23,38.800000,38.843000,38.157000,38.340000,38.340000,95814331
2010-02-24,38.557000,38.887000,38.479000,38.730000,38.730000,86590986
2010-02-25,38.296000,38.809000,38.053000,38.722000,38.722000,97961296
2010-02-26,38.722000,38.947000,38.548000,38.861000,38.861000,66222356
2010-03-01,39.026000,39.494000,39.026000,39.425000,39.425000,77290019
2010-03-02,39.538000,39.807000,39.460000,39.547000,39.547000,76368426
2010-03-03,39.651000,39.781000,39.442000,39.590000,39.590000,65744912
2010-03-04,39.625000,39.772000,39.416000,39.720000,39.720000,54470836
2010-03-05,40.024000,40.406000,39.929000,40.319000,40.319000,68136255
2010-03-08,40.337000,40.493000,40.319000,40.397000,40.397000,58712350
2010-03-09,40.284000,40.849000,40.284000,40.623000,40.623000,98002744
2010-03-10,40.632000,41.048000,40.632000,40.953000,40.953000,102578892
2010-03-11,40.866000,41.109000,40.788000,41.109000,41.109000,67510282
2010-03-12,41.240000,41.266000,40.892000,41.118000,41.118000,64068257
2010-03-15,41.031000,41.135000,40.727000,41.014000,41.014000,60150419
2010-03-16,41.144000,41.335000,41.005000,41.274000,41.274000,74950596
2010-03-17,41.326000,41.587000,41.266000,41.387000,41.387000,75643457
2010-03-18,41.431000,41.569000,41.326000,41.526000,41.526000,77829361
2010-03-19,41.673000,41.673000,41.126000,41.274000,41.274000,86337043
2010-03-22,41.117000,41.812000,41.065000,41.647000,41.647000,71902751
2010-03-23,41.717000,41.978000,41.517000,41.936000,41.936000,59182586
2010-03-24,41.838000,41.865000,41.639000,41.734000,41.734000,63030095
2010-03-25,42.082000,42.238000,41.630000,41.673000,41.673000,76350056
2010-03-26,41.838000,42.004000,41.491000,41.717000,41.717000,78067827
2010-03-29,41.917000,42.064000,41.804000,41.917000,41.917000,57993222
2010-03-30,42.030000,42.195000,41.769000,42.056000,42.056000,49455022
2010-03-31,41.917000,42.108000,41.778000,41.856000,41.856000,59947394
2010-04-01,42.012000,42.325000,41.534000,41.856000,41.856000,83728566
2010-04-05,41.943000,42.343000,41.838000,42.247000,42.247000,56220249
2010-04-06,42.143000,42.499000,42.056000,42.369000,42.369000,54097057
2010-04-07,42.316000,42.473000,42.038000,42.264000,42.264000,77211459
2010-04-08,42.160000,42.429000,41.925000,42.360000,42.360000,68323873
2010-04-09,42.386000,42.629000,42.269000,42.612000,42.612000,54227221
2010-04-12,42.629000,42.760000,42.534000,42.647000,42.647000,44280597
2010-04-13,42.603000,42.890000,42.464000,42.864000,42.864000,59375924
2010-04-14,43.081000,43.385000,43.020000,43.377000,43.377000,69004754
2010-04-15,43.351000,43.620000,43.342000,43.568000,43.568000,72254152
2010-04-16,43.412000,43.559000,42.760000,43.047000,43.047000,127387937
2010-04-19,42.899000,43.160000,42.499000,43.020000,43.020000,98251680
2010-04-20,43.242000,43.351000,42.960000,43.238000,43.238000,69543632
2010-04-21,43.533000,43.620000,43.216000,43.481000,43.481000,74748648
2010-04-22,43.081000,43.768000,42.812000,43.724000,43.724000,110477115
2010-04-23,43.707000,43.950000,43.533000,43.907000,43.907000,77205135
2010-04-26,43.916000,44.020000,43.716000,43.811000,43.811000,67360933
2010-04-27,43.646000,43.829000,42.768000,42.881000,42.881000,112607970
2010-04-28,43.107000,43.133000,42.569000,42.907000,42.907000,130082077
2010-04-29,43.116000,43.742000,43.116000,43.655000,43.655000,84180139
2010-04-30,43.638000,43.707000,42.760000,42.792000,42.792000,110896907
2010-05-03,42.960000,43.603000,42.960000,43.394000,43.394000,74169603
2010-05-04,42.855000,42.864000,41.786000,42.091000,42.091000,141136430
2010-05-05,41.699000,42.151000,41.404000,41.873000,41.873000,128560164
2010-05-06,41.586000,41.995000,36.111000,40.474000,40.474000,274356791
2010-05-07,40.170000,40.674000,38.487000,39.466000,39.466000,288200345
2010-05-10,41.213000,41.543000,41.117000,41.517000,41.517000,136041589
2010-05-11,41.117000,42.056000,41.022000,41.473000,41.473000,113196968
2010-05-12,41.699000,42.290000,41.630000,42.256000,42.256000,85462326
2010-05-13,42.091000,42.403000,41.482000,41.586000,41.586000,102844243
2010-05-14,41.274000,41.300000,40.309000,40.787000,40.787000,147386023
2010-05-17,40.882000,41.082000,40.039000,40.917000,40.917000,120969513
2010-05-18,41.256000,41.352000,40.170000,40.352000,40.352000,153072092
2010-05-19,40.205000,40.526000,39.588000,40.031000,40.031000,159000255
2010-05-20,39.257000,39.353000,38.458000,38.545000,38.545000,189289774
2010-05-21,37.928000,39.666000,37.797000,38.970000,38.970000,190631100
2010-05-24,38.944000,39.392000,38.797000,38.814000,38.814000,113385990
2010-05-25,37.954000,38.901000,37.571000,38.849000,38.849000,155642916
2010-05-26,39.049000,39.605000,38.345000,38.414000,38.414000,140203134
2010-05-27,39.301000,39.883000,39.188000,39.866000,39.866000,110736050
2010-05-28,39.926000,39.970000,39.283000,39.631000,39.631000,128535258
2010-06-01,39.501000,40.196000,39.222000,39.266000,39.266000,104242653
2010-06-02,39.501000,40.222000,39.222000,40.196000,40.196000,97249295
2010-06-03,40.291000,40.648000,40.048000,40.578000,40.578000,98928390
2010-06-04,39.727000,40.231000,39.055000,39.190000,39.190000,112849844
2010-06-07,39.405000,39.509000,38.432000,38.475000,38.475000,88436587
2010-06-08,38.562000,38.658000,37.884000,38.406000,38.406000,133990029
2010-06-09,38.658000,39.031000,37.971000,38.084000,38.084000,102077323
2010-06-10,38.579000,39.214000,38.449000,39.170000,39.170000,76892297
2010-06-11,38.788000,39.579000,38.771000,39.544000,39.544000,74347725
2010-06-14,39.900000,40.187000,39.466000,39.535000,39.535000,68084958
2010-06-15,39.727000,40.648000,39.503000,40.596000,40.596000,76332552
2010-06-16,40.483000,40.969000,40.413000,40.761000,40.761000,78399646
2010-06-17,40.987000,41.004000,40.535000,40.891000,40.891000,77111819
2010-06-18,40.980000,41.224000,40.806000,40.928000,40.928000,75921357
2010-06-21,41.450000,41.520000,40.344000,40.579000,40.579000,95488065
2010-06-22,40.745000,41.050000,40.187000,40.266000,40.266000,94493346
2010-06-23,40.309000,40.466000,39.787000,40.100000,40.100000,92397530
2010-06-24,39.917000,40.048000,39.360000,39.491000,39.491000,114714307
2010-06-25,39.630000,39.761000,39.142000,39.421000,39.421000,89040244
2010-06-28,39.439000,39.665000,39.021000,39.282000,39.282000,71378707
2010-06-29,38.681000,38.716000,37.505000,37.767000,37.767000,136384111
2010-06-30,37.645000,38.028000,37.131000,37.192000,37.192000,101313181
2010-07-01,37.288000,37.410000,36.373000,37.087000,37.087000,158694905
2010-07-02,37.157000,37.289000,36.652000,36.983000,36.983000,78565281
2010-07-06,37.523000,37.767000,36.791000,37.096000,37.096000,88591835
2010-07-07,37.218000,38.324000,37.183000,38.280000,38.280000,72448354
2010-07-08,38.585000,38.646000,38.037000,38.489000,38.489000,78264578
2010-07-09,38.472000,38.864000,38.385000,38.855000,38.855000,47861055
2010-07-12,38.820000,39.212000,38.716000,38.968000,38.968000,60934835
2010-07-13,39.299000,39.621000,39.012000,39.473000,39.473000,93310499
2010-07-14,39.552000,39.891000,39.395000,39.674000,39.674000,87694697
2010-07-15,39.587000,39.830000,39.177000,39.708000,39.708000,95992414
2010-07-16,39.569000,39.733000,38.576000,38.611000,38.611000,98831860
2010-07-19,38.733000,39.021000,38.402000,38.942000,38.942000,81800740
2010-07-20,38.306000,39.412000,38.193000,39.412000,39.412000,89061202
2010-07-21,39.839000,39.848000,38.803000,38.873000,38.873000,83576823
2010-07-22,39.412000,40.039000,39.395000,39.857000,39.857000,82890241
2010-07-23,39.587000,40.144000,39.517000,40.109000,40.109000,81056045
2010-07-26,40.161000,40.457000,39.978000,40.440000,40.440000,64850819
2010-07-27,40.658000,40.684000,40.240000,40.423000,40.423000,67655551
2010-07-28,40.388000,40.562000,39.952000,40.100000,40.100000,51988117
2010-07-29,40.318000,40.414000,39.404000,39.804000,39.804000,85693920
2010-07-30,39.499000,40.135000,39.247000,39.891000,39.891000,98958084
2010-08-02,40.388000,40.745000,40.240000,40.640000,40.640000,68706704
2010-08-03,40.605000,40.666000,40.275000,40.466000,40.466000,60863373
2010-08-04,40.658000,40.919000,40.492000,40.874000,40.874000,43817790
2010-08-05,40.684000,40.858000,40.510000,40.780000,40.780000,39150159
2010-08-06,40.335000,40.797000,40.100000,40.719000,40.719000,71339442
2010-08-09,40.936000,41.093000,40.745000,40.997000,40.997000,26937014
2010-08-10,40.684000,40.884000,40.301000,40.642000,40.642000,86694468
2010-08-11,39.978000,39.987000,39.369000,39.534000,39.534000,92219647
2010-08-12,38.803000,39.395000,38.707000,39.221000,39.221000,66000468
2010-08-13,39.073000,39.238000,38.933000,38.942000,38.942000,46387264
2010-08-16,38.733000,39.282000,38.576000,39.012000,39.012000,55472857
2010-08-17,39.282000,39.865000,39.212000,39.510000,39.510000,56927057
2010-08-18,39.439000,39.900000,39.282000,39.665000,39.665000,61836475
2010-08-19,39.439000,39.587000,38.803000,39.064000,39.064000,82969472
2010-08-20,39.003000,39.212000,38.785000,39.116000,39.116000,66806607
2010-08-23,39.404000,39.482000,38.716000,38.733000,38.733000,69612138
2010-08-24,38.324000,38.420000,37.849000,38.010000,38.010000,79095766
2010-08-25,37.749000,38.542000,37.680000,38.376000,38.376000,87347880
2010-08-26,38.524000,38.594000,37.880000,37.915000,37.915000,91222971
2010-08-27,38.193000,38.455000,37.418000,38.376000,38.376000,109595931
2010-08-30,38.202000,38.533000,37.967000,37.976000,37.976000,49373115
2010-08-31,37.784000,38.185000,37.601000,37.845000,37.845000,72066825
2010-09-01,38.402000,39.108000,38.376000,38.977000,38.977000,83523097
2010-09-02,39.047000,39.430000,38.951000,39.412000,39.412000,41816716
2010-09-03,39.822000,40.074000,39.665000,40.066000,40.066000,64041080
2010-09-07,39.900000,40.083000,39.730000,39.796000,39.796000,51195142
2010-09-08,39.917000,40.449000,39.900000,40.275000,40.275000,66883924
2010-09-09,40.640000,40.666000,40.335000,40.431000,40.431000,61476378
2010-09-10,40.483000,40.640000,40.275000,40.579000,40.579000,66995684
2010-09-13,40.884000,41.250000,40.875000,41.145000,41.145000,64523292
2010-09-14,41.076000,41.537000,40.997000,41.319000,41.319000,91405795
2010-09-15,41.232000,41.624000,41.093000,41.581000,41.581000,67108126
2010-09-16,41.520000,41.781000,41.398000,41.746000,41.746000,66885758
2010-09-17,42.017000,42.017000,41.676000,41.890000,41.890000,76372570
2010-09-20,42.052000,42.706000,41.990000,42.619000,42.619000,84536536
2010-09-21,42.628000,42.916000,42.427000,42.610000,42.610000,82352602
2010-09-22,42.427000,42.786000,42.261000,42.497000,42.497000,88315896
2010-09-23,42.235000,42.907000,42.174000,42.479000,42.479000,85039930
2010-09-24,42.959000,43.369000,42.898000,43.343000,43.343000,79495879
2010-09-27,43.335000,43.422000,43.073000,43.108000,43.108000,43883412
2010-09-28,43.212000,43.239000,42.409000,43.090000,43.090000,104922874
2010-09-29,43.029000,43.230000,42.863000,43.020000,43.020000,81679166
2010-09-30,43.239000,43.500000,42.549000,42.828000,42.828000,122458536
2010-10-01,43.169000,43.230000,42.576000,42.776000,42.776000,77682344
2010-10-04,42.645000,42.811000,42.069000,42.313000,42.313000,71359478
2010-10-05,42.793000,43.431000,42.767000,43.343000,43.343000,99301267
2010-10-06,43.282000,43.387000,42.689000,42.968000,42.968000,81831120
2010-10-07,43.221000,43.239000,42.767000,43.125000,43.125000,75693259
2010-10-08,43.160000,43.527000,42.837000,43.422000,43.422000,83223822
2010-10-11,43.448000,43.657000,43.308000,43.439000,43.439000,46879922
2010-10-12,43.369000,43.823000,42.994000,43.736000,43.736000,88571612
2010-10-13,43.989000,44.295000,43.884000,44.094000,44.094000,71122723
2010-10-14,44.111000,44.199000,43.788000,44.007000,44.007000,68463772
2010-10-15,44.548000,44.949000,44.190000,44.940000,44.940000,104653951
2010-10-18,44.967000,45.141000,44.775000,44.775000,44.775000,72505161
2010-10-19,44.347000,44.775000,44.007000,44.356000,44.356000,105739706
2010-10-20,44.478000,45.010000,44.399000,44.679000,44.679000,80861043
2010-10-21,44.958000,45.133000,44.330000,44.766000,44.766000,85885334
2010-10-22,44.775000,45.115000,44.696000,45.071000,45.071000,47409146
2010-10-25,45.255000,45.586000,45.255000,45.290000,45.290000,51413627
2010-10-26,45.054000,45.517000,44.879000,45.412000,45.412000,60498263
2010-10-27,45.185000,45.586000,45.089000,45.551000,45.551000,57483184
2010-10-28,45.752000,45.778000,45.246000,45.647000,45.647000,61219996
2010-10-29,45.639000,45.813000,45.534000,45.543000,45.543000,46668690
2010-11-01,45.717000,46.040000,45.368000,45.578000,45.578000,60555560
2010-11-02,45.962000,46.197000,45.887000,46.066000,46.066000,48137409
2010-11-03,46.119000,46.293000,45.700000,46.276000,46.276000,126225796
2010-11-04,46.808000,47.010000,46.695000,46.843000,46.843000,84200976
2010-11-05,46.869000,46.965000,46.704000,46.843000,46.843000,77937076
2010-11-08,46.756000,46.983000,46.651000,46.902000,46.902000,39623425
2010-11-09,47.105000,47.166000,46.442000,46.651000,46.651000,66969722
2010-11-10,46.721000,46.930000,46.346000,46.882000,46.882000,83553612
2010-11-11,46.171000,46.677000,45.962000,46.594000,46.594000,85163524
2010-11-12,46.346000,46.579000,45.482000,45.831000,45.831000,99164258
2010-11-15,46.066000,46.154000,45.639000,45.661000,45.661000,56723378
2010-11-16,45.325000,45.600000,44.382000,44.906000,44.906000,101096620
2010-11-17,44.940000,45.272000,44.818000,45.036000,45.036000,77836150
2010-11-18,45.517000,46.075000,45.499000,45.761000,45.761000,71488268
2010-11-19,45.682000,45.901000,45.508000,45.796000,45.796000,54512708
2010-11-22,45.604000,46.180000,45.534000,46.180000,46.180000,69918816
2010-11-23,45.726000,45.778000,45.185000,45.447000,45.447000,76900950
2010-11-24,45.892000,46.477000,45.874000,46.363000,46.363000,53455536
2010-11-26,46.084000,46.372000,45.970000,46.230000,46.230000,23640289
2010-11-29,45.997000,46.171000,45.473000,46.023000,46.023000,89265939
2010-11-30,45.543000,46.028000,45.281000,45.460000,45.460000,118861507
2010-12-01,46.145000,46.660000,46.119000,46.424000,46.424000,81758047
2010-12-02,46.494000,46.965000,46.442000,46.896000,46.896000,56883981
2010-12-03,46.695000,47.079000,46.695000,47.018000,47.018000,38014163
2010-12-06,47.009000,47.088000,46.852000,46.996000,46.996000,39311533
2010-12-07,47.559000,47.585000,46.974000,47.026000,47.026000,59067227
2010-12-08,47.149000,47.262000,46.861000,47.201000,47.201000,48066845
2010-12-09,47.489000,47.515000,47.088000,47.249000,47.249000,51679728
2010-12-10,47.384000,47.611000,47.210000,47.563000,47.563000,44696150
2010-12-13,47.751000,47.777000,47.367000,47.393000,47.393000,53110154
2010-12-14,47.498000,47.672000,47.332000,47.476000,47.476000,69944026
2010-12-15,47.454000,47.742000,47.157000,47.271000,47.271000,76951808
2010-12-16,47.314000,47.707000,47.184000,47.637000,47.637000,65519385
2010-12-17,47.701000,47.823000,47.587000,47.683000,47.683000,36849556
2010-12-20,47.744000,47.893000,47.368000,47.718000,47.718000,48159595
2010-12-21,47.893000,48.007000,47.771000,48.007000,48.007000,35775349
2010-12-22,47.981000,48.068000,47.919000,48.002000,48.002000,35766427
2010-12-23,47.911000,47.989000,47.762000,47.877000,47.877000,21668244
2010-12-27,47.771000,47.981000,47.412000,47.902000,47.902000,29263417
2010-12-28,47.998000,48.033000,47.709000,47.814000,47.814000,24168603
2010-12-29,47.946000,48.016000,47.867000,47.919000,47.919000,24132688
2010-12-30,47.919000,47.928000,47.709000,47.806000,47.806000,27562166
2010-12-31,47.753000,47.771000,47.412000,47.631000,47.631000,38565923
2011-01-03,48.067000,48.706000,48.059000,48.374000,48.374000,90994287
2011-01-04,48.567000,48.584000,48.033000,48.335000,48.335000,43851454
2011-01-05,48.199000,48.768000,48.164000,48.750000,48.750000,43787167
2011-01-06,48.794000,48.943000,48.698000,48.908000,48.908000,46139540
2011-01-07,48.995000,49.021000,48.383000,48.864000,48.864000,72261625
2011-01-10,48.733000,49.135000,48.610000,49.048000,49.048000,55551757
2011-01-11,49.231000,49.292000,48.934000,49.118000,49.118000,56663769
2011-01-12,49.345000,49.467000,49.153000,49.463000,49.463000,51978975
2011-01-13,49.494000,49.616000,49.336000,49.480000,49.480000,47430380
2011-01-14,49.494000,49.870000,49.380000,49.852000,49.852000,43867399
2011-01-18,49.432000,50.053000,49.406000,49.992000,49.992000,65802974
2011-01-19,50.062000,50.080000,49.257000,49.424000,49.424000,67767181
2011-01-20,49.240000,49.284000,48.698000,49.074000,49.074000,92357777
2011-01-21,49.319000,49.406000,48.671000,48.698000,48.698000,59673278
2011-01-24,48.794000,49.380000,48.698000,49.371000,49.371000,64103246
2011-01-25,49.135000,49.459000,49.021000,49.443000,49.443000,55305024
2011-01-26,49.529000,49.835000,49.371000,49.704000,49.704000,60547612
2011-01-27,49.861000,50.158000,49.782000,50.010000,50.010000,53656077
2011-01-28,49.992000,50.045000,48.514000,48.741000,48.741000,123359814
2011-01-31,48.811000,49.118000,48.444000,48.978000,48.978000,70570591
2011-02-01,49.344000,50.010000,49.292000,49.896000,49.896000,76952819
2011-02-02,49.782000,50.001000,49.712000,49.813000,49.813000,48660951
2011-02-03,49.721000,49.975000,49.327000,49.902000,49.902000,45341867
2011-02-04,49.896000,50.220000,49.765000,50.180000,50.180000,47647712
2011-02-07,50.281000,50.701000,50.202000,50.421000,50.421000,45626804
2011-02-08,50.421000,50.788000,50.342000,50.749000,50.749000,38099821
2011-02-09,50.674000,50.832000,50.508000,50.666000,50.666000,62540760
2011-02-10,50.386000,50.814000,50.281000,50.745000,50.745000,70194657
2011-02-11,50.613000,51.147000,50.526000,51.112000,51.112000,47853473
2011-02-14,51.103000,51.304000,51.059000,51.234000,51.234000,48506026
2011-02-15,51.112000,51.225000,50.928000,51.164000,51.164000,39723754
2011-02-16,51.287000,51.636000,51.278000,51.497000,51.497000,53061305
2011-02-17,51.252000,51.580000,51.208000,51.479000,51.479000,38361846
2011-02-18,51.496000,51.575000,51.173000,51.365000,51.365000,44341725
2011-02-22,50.727000,50.840000,49.800000,49.878000,49.878000,92596867
2011-02-23,49.852000,50.053000,49.091000,49.467000,49.467000,97842850
2011-02-24,49.590000,49.878000,49.100000,49.725000,49.725000,98715925
2011-02-25,49.992000,50.482000,49.957000,50.421000,50.421000,54094579
2011-02-28,50.613000,50.771000,50.228000,50.525000,50.525000,51402735
2011-03-01,50.718000,50.744000,49.585000,49.712000,49.712000,91992504
2011-03-02,49.695000,50.299000,49.669000,49.975000,49.975000,61552875
2011-03-03,50.447000,51.046000,50.438000,50.959000,50.959000,64249927
2011-03-04,50.945000,50.954000,50.368000,50.698000,50.698000,62328324
2011-03-07,50.910000,50.954000,49.564000,50.018000,50.018000,98469959
2011-03-08,49.940000,50.447000,49.651000,50.220000,50.220000,62399099
2011-03-09,50.036000,50.088000,49.607000,49.878000,49.878000,84764136
2011-03-10,49.319000,49.432000,48.899000,49.100000,49.100000,102991509
2011-03-11,48.829000,49.555000,48.820000,49.406000,49.406000,81679377
2011-03-14,49.135000,49.494000,48.855000,49.231000,49.231000,73621760
2011-03-15,47.788000,48.820000,47.639000,48.532000,48.532000,101275331
2011-03-16,48.129000,48.400000,47.027000,47.360000,47.360000,176506630
2011-03-17,48.112000,48.313000,47.342000,47.797000,47.797000,94434308
2011-03-18,48.344000,48.362000,47.652000,47.687000,47.687000,94887135
2011-03-21,48.423000,48.852000,47.727000,48.607000,48.607000,57419948
2011-03-22,48.668000,48.703000,48.414000,48.515000,48.515000,36251281
2011-03-23,48.335000,48.931000,48.011000,48.791000,48.791000,60365084
2011-03-24,49.150000,49.763000,48.887000,49.658000,49.658000,69502337
2011-03-25,49.824000,50.113000,49.684000,49.780000,49.780000,74133872
2011-03-28,49.999000,50.008000,49.483000,49.509000,49.509000,37823728
2011-03-29,49.395000,49.991000,49.246000,49.991000,49.991000,47994651
2011-03-30,50.236000,50.297000,49.991000,50.227000,50.227000,44935856
2011-03-31,50.140000,50.341000,50.052000,50.297000,50.297000,50143329
2011-04-01,50.551000,50.709000,50.175000,50.323000,50.323000,68031747
2011-04-04,50.464000,50.516000,49.938000,50.157000,50.157000,48659037
2011-04-05,50.061000,50.350000,49.921000,50.026000,50.026000,55384927
2011-04-06,50.394000,50.560000,49.859000,50.148000,50.148000,49532055
2011-04-07,50.122000,50.446000,49.754000,50.113000,50.113000,60705865
2011-04-08,50.341000,50.420000,49.614000,49.877000,49.877000,42782112
2011-04-11,50.061000,50.175000,49.535000,49.710000,49.710000,42451617
2011-04-12,49.500000,49.605000,49.176000,49.369000,49.369000,50642854
2011-04-13,49.719000,49.921000,49.395000,49.789000,49.789000,49979733
2011-04-14,49.439000,49.772000,49.246000,49.702000,49.702000,53544091
2011-04-15,49.509000,49.807000,49.290000,49.614000,49.614000,68529967
2011-04-18,49.124000,49.281000,48.449000,49.264000,49.264000,69073433
2011-04-19,49.386000,49.570000,49.132000,49.570000,49.570000,38608391
2011-04-20,50.437000,50.744000,49.575000,50.687000,50.687000,67397439
2011-04-21,51.208000,51.208000,50.937000,51.094000,51.094000,43666772
2011-04-25,51.147000,51.252000,51.042000,51.226000,51.226000,25376716
2011-04-26,51.366000,51.698000,51.243000,51.515000,51.515000,49392732
2011-04-27,51.585000,51.926000,51.374000,51.865000,51.865000,56465494
2011-04-28,51.725000,51.874000,51.567000,51.786000,51.786000,48138342
2011-04-29,51.707000,51.926000,51.655000,51.742000,51.742000,44831144
2011-05-02,51.839000,51.970000,51.515000,51.646000,51.646000,48149385
2011-05-03,51.628000,51.672000,51.085000,51.401000,51.401000,38143408
2011-05-04,51.427000,51.558000,50.893000,51.322000,51.322000,53105014
2011-05-05,51.077000,51.646000,50.866000,51.042000,51.042000,72153289
2011-05-06,51.550000,51.847000,51.068000,51.208000,51.208000,72506775
2011-05-09,51.287000,51.602000,51.094000,51.401000,51.401000,40028981
2011-05-10,51.558000,51.917000,51.475000,51.839000,51.839000,38053599
2011-05-11,51.760000,51.944000,51.112000,51.458000,51.458000,61908940
2011-05-12,51.287000,51.839000,51.007000,51.769000,51.769000,66128159
2011-05-13,51.655000,51.734000,51.138000,51.155000,51.155000,63506567
2011-05-16,50.937000,51.077000,50.157000,50.270000,50.270000,73140221
2011-05-17,50.026000,50.420000,49.903000,50.411000,50.411000,63176058
2011-05-18,50.341000,50.919000,50.280000,50.831000,50.831000,42351089
2011-05-19,50.998000,51.094000,50.665000,50.980000,50.980000,35024234
2011-05-20,50.928000,50.980000,50.525000,50.591000,50.591000,44703175
2011-05-23,49.912000,50.052000,49.614000,49.851000,49.851000,43678437
2011-05-24,49.982000,49.982000,49.535000,49.544000,49.544000,39314212
2011-05-25,49.474000,49.973000,49.456000,49.737000,49.737000,41368976
2011-05-26,49.588000,50.183000,49.579000,50.045000,50.045000,40564078
2011-05-27,50.131000,50.350000,50.087000,50.297000,50.297000,30132087
2011-05-31,50.770000,51.112000,50.507000,51.112000,51.112000,47588058
2011-06-01,50.989000,51.112000,49.956000,49.999000,49.999000,51792337
2011-06-02,50.105000,50.280000,49.824000,50.105000,50.105000,50198045
2011-06-03,49.535000,49.912000,49.281000,49.351000,49.351000,57773681
2011-06-06,49.255000,49.509000,48.922000,48.948000,48.948000,50175542
2011-06-07,49.089000,49.273000,48.826000,48.861000,48.861000,46311059
2011-06-08,48.756000,48.843000,48.370000,48.511000,48.511000,46426380
2011-06-09,48.493000,48.835000,48.370000,48.594000,48.594000,45307498
2011-06-10,48.370000,48.467000,47.810000,47.854000,47.854000,53740540
2011-06-13,47.915000,48.108000,47.687000,47.854000,47.854000,37745769
2011-06-14,48.213000,48.581000,48.195000,48.467000,48.467000,40565261
2011-06-15,48.020000,48.300000,47.451000,47.547000,47.547000,59022345
2011-06-16,47.582000,47.731000,46.956000,47.363000,47.363000,66316185
2011-06-17,47.796000,47.926000,47.077000,47.217000,47.217000,70353112
2011-06-20,47.103000,47.603000,47.085000,47.463000,47.463000,37402830
2011-06-21,47.629000,48.534000,47.428000,48.481000,48.481000,55892710
2011-06-22,48.279000,48.560000,48.121000,48.131000,48.131000,36833212
2011-06-23,47.647000,48.604000,47.454000,48.577000,48.577000,80743295
2011-06-24,48.340000,48.393000,47.638000,47.735000,47.735000,56298248
2011-06-27,47.779000,48.744000,47.682000,48.494000,48.494000,49968854
2011-06-28,48.613000,49.227000,48.534000,49.218000,49.218000,47028637
2011-06-29,49.359000,49.517000,49.069000,49.420000,49.420000,65417186
2011-06-30,49.596000,50.114000,49.569000,50.078000,50.078000,50483923
2011-07-01,50.122000,50.899000,49.964000,50.833000,50.833000,53203803
2011-07-05,50.869000,51.141000,50.763000,51.088000,51.088000,43128655
2011-07-06,51.035000,51.343000,50.860000,51.255000,51.255000,49282636
2011-07-07,51.632000,52.106000,51.562000,51.957000,51.957000,54799767
2011-07-08,51.527000,51.825000,51.237000,51.817000,51.817000,69533593
2011-07-11,51.272000,51.536000,50.702000,50.877000,50.877000,52080762
2011-07-12,50.860000,50.974000,50.438000,50.491000,50.491000,84000656
2011-07-13,50.860000,51.211000,50.517000,50.702000,50.702000,82374518
2011-07-14,50.851000,51.070000,49.920000,50.114000,50.114000,98773895
2011-07-15,50.667000,50.781000,50.307000,50.781000,50.781000,68287687
2011-07-18,50.504000,50.728000,50.017000,50.509000,50.509000,59512187
2011-07-19,51.027000,51.702000,50.991000,51.659000,51.659000,73904275
2011-07-20,51.948000,51.957000,51.351000,51.439000,51.439000,57084229
2011-07-21,51.483000,52.071000,51.211000,51.781000,51.781000,70148759
2011-07-22,51.764000,52.405000,51.720000,52.317000,52.317000,43620359
2011-07-25,51.904000,52.501000,51.808000,52.212000,52.212000,48916065
2011-07-26,52.176000,52.519000,52.071000,52.339000,52.339000,40918829
2011-07-27,52.010000,52.045000,50.860000,50.991000,50.991000,83969487
2011-07-28,51.000000,51.729000,50.816000,51.079000,51.079000,61031804
2011-07-29,50.675000,51.448000,50.421000,50.912000,50.912000,82860427
2011-08-01,51.501000,51.632000,50.061000,50.675000,50.675000,85421008
2011-08-02,50.438000,50.667000,49.341000,49.394000,49.394000,90851306
2011-08-03,49.482000,49.929000,48.586000,49.868000,49.868000,103612298
2011-08-04,49.139000,49.236000,47.550000,47.550000,47.550000,132829925
2011-08-05,48.095000,48.305000,45.926000,47.252000,47.252000,214111702
2011-08-08,45.830000,46.629000,44.408000,44.408000,44.408000,204804043
2011-08-09,45.040000,46.594000,43.829000,46.550000,46.550000,193707082
2011-08-10,45.488000,46.562000,44.592000,44.645000,44.645000,205917880
2011-08-11,45.277000,47.129000,45.066000,46.611000,46.611000,143824473
2011-08-12,46.892000,47.313000,46.418000,47.024000,47.024000,90483235
2011-08-15,47.199000,47.717000,46.989000,47.717000,47.717000,73554257
2011-08-16,47.243000,47.708000,46.681000,47.313000,47.313000,89219190
2011-08-17,47.384000,47.770000,46.541000,47.033000,47.033000,84416524
2011-08-18,45.760000,45.768000,44.311000,44.724000,44.724000,130016464
2011-08-19,44.267000,45.356000,43.881000,43.916000,43.916000,96674508
2011-08-22,44.952000,44.978000,43.943000,44.074000,44.074000,77107681
2011-08-23,44.382000,45.891000,44.188000,45.891000,45.891000,75688388
2011-08-24,45.804000,46.892000,45.391000,46.251000,46.251000,80197612
2011-08-25,46.207000,46.440000,45.338000,45.496000,45.496000,93623637
2011-08-26,45.365000,46.796000,44.899000,46.638000,46.638000,91573238
2011-08-29,47.085000,47.989000,47.085000,47.937000,47.937000,45985744
2011-08-30,47.744000,48.542000,47.498000,48.253000,48.253000,61617815
2011-08-31,48.534000,48.929000,47.928000,48.332000,48.332000,60899245
2011-09-01,48.463000,48.841000,47.805000,47.893000,47.893000,57158373
2011-09-02,47.033000,47.940000,46.515000,46.769000,46.769000,58185104
2011-09-06,45.681000,46.845000,45.567000,46.778000,46.778000,52992174
2011-09-07,47.428000,47.972000,47.313000,47.963000,47.963000,48952119
2011-09-08,47.726000,48.427000,47.586000,47.744000,47.744000,61422788
2011-09-09,47.410000,47.612000,46.392000,46.681000,46.681000,63663481
2011-09-12,46.181000,47.313000,46.146000,47.278000,47.278000,65972996
2011-09-13,47.471000,48.007000,47.226000,47.910000,47.910000,59019983
2011-09-14,48.147000,49.139000,47.682000,48.595000,48.595000,90757299
2011-09-15,49.130000,49.403000,48.621000,49.315000,49.315000,83536091
2011-09-16,49.466000,49.818000,49.326000,49.765000,49.765000,91901954
2011-09-19,49.158000,50.047000,48.745000,49.783000,49.783000,73042834
2011-09-20,50.038000,50.434000,49.449000,49.563000,49.563000,66570061
2011-09-21,49.818000,50.064000,48.692000,48.701000,48.701000,79937994
2011-09-22,47.426000,47.892000,46.388000,47.118000,47.118000,151885450
2011-09-23,46.731000,47.822000,46.688000,47.620000,47.620000,85940566
2011-09-26,47.857000,48.261000,46.793000,48.174000,48.174000,96260950
2011-09-27,48.983000,49.422000,48.349000,48.675000,48.675000,81148487
2011-09-28,48.868000,49.220000,47.839000,47.954000,47.954000,76757052
2011-09-29,48.684000,48.745000,46.582000,47.382000,47.382000,116900117
2011-09-30,46.766000,47.145000,46.133000,46.160000,46.160000,104957919
2011-10-03,45.764000,46.476000,44.946000,44.973000,44.973000,99147909
2011-10-04,44.493000,45.984000,44.054000,45.896000,45.896000,137011447
2011-10-05,45.790000,47.205000,45.430000,47.074000,47.074000,108825698
2011-10-06,47.022000,47.875000,46.793000,47.866000,47.866000,71939102
2011-10-07,47.848000,48.068000,47.241000,47.549000,47.549000,72525198
2011-10-10,48.349000,49.194000,48.270000,49.194000,49.194000,48229045
2011-10-11,49.079000,49.651000,48.983000,49.528000,49.528000,66449089
2011-10-12,50.011000,50.328000,49.739000,49.774000,49.774000,85627554
2011-10-13,49.677000,50.293000,49.625000,50.231000,50.231000,63443629
2011-10-14,50.864000,51.172000,50.574000,51.163000,51.163000,65643503
2011-10-17,50.917000,51.084000,50.101000,50.372000,50.372000,65161278
2011-10-18,50.293000,51.260000,49.827000,50.996000,50.996000,91434322
2011-10-19,50.750000,50.873000,49.844000,50.011000,50.011000,67639312
2011-10-20,49.959000,50.055000,49.062000,49.765000,49.765000,80378270
2011-10-21,50.275000,50.706000,49.932000,50.390000,50.390000,60455686
2011-10-24,50.583000,51.577000,50.399000,51.436000,51.436000,61449356
2011-10-25,51.243000,51.287000,50.319000,50.425000,50.425000,65299179
2011-10-26,50.697000,50.812000,49.433000,50.363000,50.363000,98193781
2011-10-27,51.568000,52.060000,51.032000,51.753000,51.753000,104455431
2011-10-28,51.445000,51.893000,51.445000,51.832000,51.832000,42949944
2011-10-31,51.366000,51.568000,50.926000,50.961000,50.961000,60520134
2011-11-01,49.739000,50.923000,49.352000,49.633000,49.633000,99932826
2011-11-02,50.135000,50.267000,49.585000,50.055000,50.055000,65178760
2011-11-03,50.442000,51.159000,49.871000,51.093000,51.093000,78994185
2011-11-04,50.821000,51.049000,50.319000,50.829000,50.829000,61527707
2011-11-07,50.785000,51.225000,50.275000,51.190000,51.190000,65558604
2011-11-08,51.559000,51.867000,50.979000,51.779000,51.779000,62906879
2011-11-09,50.759000,50.856000,49.800000,49.959000,49.959000,69538736
2011-11-10,50.478000,50.495000,49.449000,49.932000,49.932000,66052381
2011-11-11,50.372000,51.023000,50.302000,50.873000,50.873000,54470951
2011-11-14,50.733000,51.014000,50.372000,50.557000,50.557000,44617602
2011-11-15,50.425000,51.322000,50.354000,51.120000,51.120000,52203873
2011-11-16,50.768000,51.144000,50.179000,50.275000,50.275000,68342577
2011-11-17,50.143000,50.161000,48.789000,49.097000,49.097000,101706803
2011-11-18,49.114000,49.158000,48.631000,48.719000,48.719000,60416982
2011-11-21,48.086000,48.130000,47.294000,47.787000,47.787000,52289447
2011-11-22,47.663000,48.086000,47.373000,47.945000,47.945000,51940089
2011-11-23,47.584000,47.637000,46.837000,46.863000,46.863000,48467335
2011-11-25,46.687000,47.197000,46.494000,46.503000,46.503000,25447855
2011-11-28,47.628000,48.182000,47.611000,48.121000,48.121000,46710682
2011-11-29,48.059000,48.455000,47.681000,47.822000,47.822000,52056611
2011-11-30,49.106000,49.633000,48.956000,49.589000,49.589000,66918515
2011-12-01,49.572000,50.060000,49.554000,49.932000,49.932000,45361471
2011-12-02,50.416000,50.425000,49.748000,49.792000,49.792000,36938344
2011-12-05,50.557000,50.671000,50.051000,50.337000,50.337000,40501885
2011-12-06,50.381000,50.522000,50.029000,50.196000,50.196000,38669472
2011-12-07,50.038000,50.425000,49.554000,50.196000,50.196000,44576158
2011-12-08,49.897000,50.258000,49.255000,49.352000,49.352000,51692562
2011-12-09,49.475000,50.293000,49.457000,50.143000,50.143000,55757852
2011-12-12,49.616000,50.133000,49.158000,49.581000,49.581000,55411692
2011-12-13,49.915000,50.108000,48.833000,49.035000,49.035000,68557659
2011-12-14,48.824000,48.886000,47.998000,48.270000,48.270000,63682706
2011-12-15,48.684000,48.736000,48.068000,48.138000,48.138000,58732814
2011-12-16,48.404000,49.048000,48.307000,48.387000,48.387000,60978710
2011-12-19,48.563000,48.686000,47.778000,47.910000,47.910000,46733812
2011-12-20,48.686000,49.392000,48.660000,49.330000,49.330000,81758761
2011-12-21,49.074000,49.074000,48.058000,48.625000,48.625000,78552013
2011-12-22,48.704000,49.062000,48.660000,49.039000,49.039000,40334025
2011-12-23,49.110000,49.463000,49.022000,49.463000,49.463000,26594530
2011-12-27,49.401000,49.762000,49.330000,49.604000,49.604000,21443438
2011-12-28,49.542000,49.621000,48.898000,49.030000,49.030000,38189532
2011-12-29,49.110000,49.418000,48.951000,49.383000,49.383000,28077809
2011-12-30,49.269000,49.498000,49.233000,49.242000,49.242000,21832343
2012-01-03,50.195000,50.442000,50.054000,50.186000,50.186000,39512874
2012-01-04,50.098000,50.468000,49.886000,50.397000,50.397000,29403365
2012-01-05,50.292000,50.856000,50.098000,50.812000,50.812000,41260529
2012-01-06,50.847000,51.103000,50.627000,50.988000,50.988000,46325172
2012-01-09,51.112000,51.138000,50.654000,50.821000,50.821000,39195455
2012-01-10,51.385000,51.513000,50.838000,51.191000,51.191000,35949856
2012-01-11,51.174000,51.412000,50.988000,51.297000,51.297000,37144050
2012-01-12,51.412000,51.571000,51.033000,51.500000,51.500000,26188209
2012-01-13,51.244000,51.332000,50.874000,51.315000,51.315000,35985091
2012-01-17,51.782000,52.003000,51.588000,51.782000,51.782000,41790747
2012-01-18,51.897000,52.470000,51.758000,52.470000,52.470000,48692630
2012-01-19,52.708000,52.894000,52.611000,52.797000,52.797000,47774414
2012-01-20,52.576000,52.744000,52.532000,52.717000,52.717000,41050565
2012-01-23,52.744000,53.105000,52.426000,52.735000,52.735000,40964630
2012-01-24,52.514000,52.779000,52.400000,52.638000,52.638000,38440197
2012-01-25,53.167000,53.432000,52.773000,53.299000,53.299000,61591782
2012-01-26,53.511000,53.626000,52.858000,53.114000,53.114000,37852655
2012-01-27,52.999000,53.370000,52.973000,53.273000,53.273000,45540388
2012-01-30,52.814000,53.396000,52.620000,53.317000,53.317000,42797536
2012-01-31,53.582000,53.679000,53.043000,53.387000,53.387000,51449601
2012-02-01,53.670000,54.014000,53.502000,53.820000,53.820000,46146664
2012-02-02,53.978000,54.164000,53.776000,53.987000,53.987000,46373511
2012-02-03,54.490000,54.790000,54.402000,54.728000,54.728000,36453755
2012-02-06,54.525000,54.702000,54.384000,54.684000,54.684000,28541034
2012-02-07,54.640000,54.905000,54.393000,54.799000,54.799000,37935695
2012-02-08,54.807000,55.090000,54.605000,55.090000,55.090000,41171074
2012-02-09,55.275000,55.548000,54.966000,55.487000,55.487000,46856294
2012-02-10,55.099000,55.248000,54.905000,55.103000,55.103000,58093569
2012-02-13,55.504000,55.681000,55.257000,55.610000,55.610000,36810183
2012-02-14,55.478000,55.760000,55.293000,55.751000,55.751000,51685261
2012-02-15,56.025000,56.325000,55.275000,55.363000,55.363000,105708895
2012-02-16,55.381000,56.183000,55.240000,56.122000,56.122000,83642235
2012-02-17,56.130000,56.175000,55.698000,55.945000,55.945000,76112276
2012-02-21,56.016000,56.351000,55.751000,56.104000,56.104000,38141236
2012-02-22,55.998000,56.166000,55.769000,55.848000,55.848000,43174694
2012-02-23,55.919000,56.280000,55.645000,56.219000,56.219000,54249254
2012-02-24,56.377000,56.510000,56.272000,56.413000,56.413000,41369705
2012-02-27,56.095000,56.677000,55.857000,56.492000,56.492000,42678420
2012-02-28,56.536000,57.065000,56.474000,57.065000,57.065000,43727286
2012-02-29,57.101000,57.295000,56.624000,56.810000,56.810000,59784393
2012-03-01,57.030000,57.312000,56.854000,57.259000,57.259000,67558813
2012-03-02,57.180000,57.399000,57.030000,57.215000,57.215000,33358160
2012-03-05,57.180000,57.251000,56.439000,56.624000,56.624000,45788685
2012-03-06,56.086000,56.201000,55.769000,56.069000,56.069000,54638583
2012-03-07,56.325000,56.633000,56.245000,56.501000,56.501000,42741792
2012-03-08,56.818000,57.277000,56.713000,57.110000,57.110000,43711013
2012-03-09,57.198000,57.453000,57.171000,57.348000,57.348000,43117170
2012-03-12,57.304000,57.427000,57.083000,57.374000,57.374000,32687292
2012-03-13,57.700000,58.441000,57.568000,58.441000,58.441000,61558511
2012-03-14,58.485000,58.865000,58.283000,58.644000,58.644000,59926891
2012-03-15,58.821000,58.935000,58.521000,58.812000,58.812000,65531134
2012-03-16,58.885000,58.903000,58.629000,58.770000,58.770000,53023027
2012-03-19,58.859000,59.327000,58.709000,59.186000,59.186000,60966105
2012-03-20,58.894000,59.358000,58.717000,59.292000,59.292000,47290547
2012-03-21,59.309000,59.627000,59.221000,59.301000,59.301000,39648089
2012-03-22,58.938000,59.318000,58.912000,59.177000,59.177000,56960468
2012-03-23,59.248000,59.265000,58.806000,59.141000,59.141000,45547682
2012-03-26,59.521000,60.175000,59.486000,60.175000,60.175000,40855239
2012-03-27,60.206000,60.511000,60.193000,60.264000,60.264000,37278184
2012-03-28,60.299000,60.529000,59.672000,60.023000,60.023000,44421855
2012-03-29,59.733000,60.016000,59.371000,59.795000,59.795000,53975298
2012-03-30,60.069000,60.096000,59.442000,59.680000,59.680000,39480224
2012-04-02,59.601000,60.378000,59.513000,60.299000,60.299000,40031540
2012-04-03,60.352000,60.564000,59.945000,60.281000,60.281000,45539655
2012-04-04,59.839000,59.866000,59.115000,59.460000,59.460000,54087961
2012-04-05,59.362000,59.884000,59.309000,59.831000,59.831000,42938457
2012-04-09,59.088000,59.619000,58.982000,59.380000,59.380000,36908136
2012-04-10,59.362000,59.583000,58.240000,58.426000,58.426000,69254193
2012-04-11,58.934000,59.097000,58.558000,58.709000,58.709000,62949946
2012-04-12,58.823000,59.442000,58.736000,59.376000,59.376000,57407345
2012-04-13,59.159000,59.373000,58.452000,58.479000,58.479000,55227428
2012-04-16,58.779000,58.806000,57.640000,57.825000,57.825000,57587271
2012-04-17,58.090000,59.186000,57.984000,59.000000,59.000000,47362395
2012-04-18,58.832000,59.195000,58.673000,58.850000,58.850000,42536007
2012-04-19,58.647000,59.345000,57.975000,58.187000,58.187000,81110267
2012-04-20,58.505000,58.762000,57.940000,58.028000,58.028000,59906831
2012-04-23,57.498000,57.587000,56.977000,57.498000,57.498000,70514110
2012-04-24,57.401000,57.631000,56.942000,57.189000,57.189000,49661432
2012-04-25,58.364000,58.744000,58.284000,58.709000,58.709000,57526761
2012-04-26,58.682000,59.186000,58.620000,59.053000,59.053000,41799492
2012-04-27,59.301000,59.592000,58.991000,59.407000,59.407000,46012481
2012-04-30,59.212000,59.345000,58.938000,58.982000,58.982000,37787622
2012-05-01,58.912000,59.751000,58.832000,59.080000,59.080000,37643735
2012-05-02,58.753000,59.292000,58.647000,59.248000,59.248000,38299220
2012-05-03,59.283000,59.327000,58.466000,58.620000,58.620000,51307361
2012-05-04,58.090000,58.622000,57.154000,57.162000,57.162000,107553920
2012-05-07,56.818000,57.489000,56.800000,57.215000,57.215000,50266729
2012-05-08,56.844000,57.198000,56.085000,57.003000,57.003000,72659690
2012-05-09,56.341000,57.145000,56.111000,56.828000,56.828000,85715257
2012-05-10,57.083000,57.101000,56.500000,56.712000,56.712000,49448870
2012-05-11,56.491000,57.304000,56.464000,56.703000,56.703000,47106689
2012-05-14,56.217000,56.615000,56.085000,56.173000,56.173000,46359983
2012-05-15,56.358000,56.783000,55.890000,55.987000,55.987000,66908427
2012-05-16,56.208000,56.350000,55.493000,55.607000,55.607000,52825897
2012-05-17,55.607000,55.714000,54.424000,54.432000,54.432000,62253439
2012-05-18,54.591000,54.742000,53.681000,53.726000,53.726000,79496446
2012-05-21,53.823000,55.281000,53.761000,55.228000,55.228000,61471322
2012-05-22,55.360000,55.616000,54.767000,55.166000,55.166000,62954723
2012-05-23,54.715000,55.404000,54.220000,55.272000,55.272000,56951072
2012-05-24,55.360000,55.404000,54.503000,54.910000,54.910000,83129559
2012-05-25,54.963000,55.060000,54.680000,54.839000,54.839000,32082832
2012-05-29,55.334000,55.793000,55.024000,55.537000,55.537000,44221458
2012-05-30,55.033000,55.263000,54.492000,55.069000,55.069000,56431798
2012-05-31,54.998000,55.139000,54.415000,54.830000,54.830000,55260021
2012-06-01,53.867000,54.176000,53.355000,53.371000,53.371000,71430752
2012-06-04,53.514000,53.858000,53.045000,53.779000,53.779000,74119321
2012-06-05,53.584000,54.106000,53.567000,54.000000,54.000000,47916880
2012-06-06,54.424000,55.281000,54.353000,55.236000,55.236000,58781187
2012-06-07,55.802000,55.820000,54.971000,55.016000,55.016000,38414776
2012-06-08,54.918000,55.616000,54.742000,55.546000,55.546000,39737101
2012-06-11,55.970000,55.996000,54.574000,54.605000,54.605000,51008831
2012-06-12,54.857000,55.298000,54.494000,55.272000,55.272000,48802598
2012-06-13,55.113000,55.528000,54.706000,54.892000,54.892000,50841084
2012-06-14,54.901000,55.316000,54.600000,55.095000,55.095000,65170503
2012-06-15,55.229000,55.857000,55.220000,55.778000,55.778000,41536033
2012-06-18,55.565000,56.442000,55.459000,56.300000,56.300000,32191113
2012-06-19,56.583000,57.124000,56.539000,56.884000,56.884000,36476477
2012-06-20,56.991000,57.177000,56.504000,56.929000,56.929000,51389682
2012-06-21,56.858000,56.947000,55.450000,55.512000,55.512000,42492624
2012-06-22,55.680000,56.167000,55.548000,56.096000,56.096000,29513101
2012-06-25,55.645000,55.654000,54.857000,55.016000,55.016000,33136337
2012-06-26,55.193000,55.521000,54.952000,55.361000,55.361000,30610734
2012-06-27,55.574000,55.946000,55.512000,55.698000,55.698000,35705771
2012-06-28,55.273000,55.317000,54.494000,55.078000,55.078000,49793383
2012-06-29,56.114000,56.814000,55.972000,56.814000,56.814000,44765803
2012-07-02,56.876000,57.008000,56.557000,56.982000,56.982000,33432708
2012-07-03,57.008000,57.460000,56.929000,57.460000,57.460000,15895085
2012-07-05,57.363000,57.779000,57.097000,57.496000,57.496000,37025561
2012-07-06,57.248000,57.283000,56.362000,56.778000,56.778000,40684059
2012-07-09,56.699000,56.902000,56.389000,56.672000,56.672000,35636978
2012-07-10,56.964000,57.124000,55.893000,56.114000,56.114000,47365647
2012-07-11,56.043000,56.194000,55.344000,55.804000,55.804000,43431952
2012-07-12,55.388000,55.512000,54.777000,55.282000,55.282000,57680387
2012-07-13,55.397000,56.247000,55.397000,56.123000,56.123000,32358947
2012-07-16,55.999000,56.247000,55.742000,55.964000,55.964000,27623184
2012-07-17,56.300000,56.442000,55.459000,56.256000,56.256000,42476969
2012-07-18,56.141000,57.186000,56.132000,57.017000,57.017000,44489605
2012-07-19,57.416000,57.832000,57.310000,57.646000,57.646000,53017702
2012-07-20,57.637000,57.646000,56.858000,56.880000,56.880000,40572549
2012-07-23,55.787000,56.389000,55.353000,56.194000,56.194000,48657617
2012-07-24,56.300000,56.371000,55.388000,55.751000,55.751000,57269688
2012-07-25,55.335000,55.742000,55.034000,55.379000,55.379000,46267404
2012-07-26,56.176000,56.433000,55.760000,56.114000,56.114000,41934261
2012-07-27,56.521000,57.549000,56.353000,57.442000,57.442000,42623491
2012-07-30,57.566000,57.832000,57.203000,57.398000,57.398000,37821194
2012-07-31,57.478000,57.717000,57.327000,57.380000,57.380000,34595377
2012-08-01,57.779000,57.805000,56.982000,57.212000,57.212000,30919778
2012-08-02,56.761000,57.575000,56.592000,57.008000,57.008000,40544547
2012-08-03,57.894000,58.337000,57.726000,58.089000,58.089000,42122944
2012-08-06,58.390000,58.788000,58.266000,58.532000,58.532000,23529615
2012-08-07,58.779000,59.258000,58.691000,59.019000,59.019000,28222362
2012-08-08,58.868000,59.118000,58.771000,58.992000,58.992000,20723495
2012-08-09,58.992000,59.249000,58.877000,59.169000,59.169000,20726183
2012-08-10,58.965000,59.222000,58.806000,59.205000,59.205000,20320925
2012-08-13,59.187000,59.355000,58.886000,59.346000,59.346000,19890257
2012-08-14,59.576000,59.692000,59.205000,59.373000,59.373000,24218673
2012-08-15,59.329000,59.612000,59.320000,59.523000,59.523000,29110347
2012-08-16,59.745000,60.365000,59.674000,60.232000,60.232000,35706443
2012-08-17,60.365000,60.506000,60.223000,60.497000,60.497000,22584723
2012-08-20,60.453000,60.595000,60.214000,60.586000,60.586000,26923940
2012-08-21,60.772000,60.993000,60.108000,60.347000,60.347000,41390936
2012-08-22,60.205000,60.710000,60.046000,60.595000,60.595000,44555654
2012-08-23,60.338000,60.515000,59.940000,60.099000,60.099000,28802214
2012-08-24,59.966000,60.612000,59.860000,60.471000,60.471000,38384751
2012-08-27,60.745000,60.807000,60.435000,60.568000,60.568000,20671323
2012-08-28,60.515000,60.732000,60.311000,60.568000,60.568000,27337854
2012-08-29,60.577000,60.719000,60.311000,60.568000,60.568000,26674509
2012-08-30,60.311000,60.329000,59.860000,59.957000,59.957000,24430939
2012-08-31,60.391000,60.612000,59.745000,60.356000,60.356000,42127927
2012-09-04,60.241000,60.524000,59.700000,60.294000,60.294000,32017183
2012-09-05,60.249000,60.524000,60.072000,60.232000,60.232000,26133787
2012-09-06,60.586000,61.587000,60.586000,61.569000,61.569000,43099507
2012-09-07,61.427000,61.587000,61.303000,61.480000,61.480000,32966134
2012-09-10,61.330000,61.454000,60.648000,60.692000,60.692000,25489971
2012-09-11,60.692000,60.940000,60.497000,60.595000,60.595000,29810086
2012-09-12,60.816000,60.931000,60.400000,60.774000,60.774000,42212157
2012-09-13,60.843000,61.861000,60.763000,61.595000,61.595000,45417791
2012-09-14,61.843000,62.366000,61.799000,62.144000,62.144000,38888047
2012-09-17,62.162000,62.198000,61.950000,62.171000,62.171000,31798335
2012-09-18,62.020000,62.251000,62.003000,62.224000,62.224000,27169767
2012-09-19,62.242000,62.499000,62.038000,62.339000,62.339000,36484572
2012-09-20,62.047000,62.339000,61.870000,62.277000,62.277000,42523444
2012-09-21,62.577000,62.640000,62.231000,62.293000,62.293000,23681208
2012-09-24,61.769000,62.036000,61.645000,61.925000,61.925000,32341549
2012-09-25,62.089000,62.231000,61.032000,61.059000,61.059000,41308853
2012-09-26,60.979000,61.014000,60.251000,60.562000,60.562000,32770371
2012-09-27,60.695000,61.538000,60.606000,61.396000,61.396000,25334733
2012-09-28,61.201000,61.379000,60.837000,60.890000,60.890000,30116097
2012-10-01,61.183000,61.565000,60.606000,60.801000,60.801000,37715207
2012-10-02,61.086000,61.254000,60.499000,60.979000,60.979000,33254267
2012-10-03,61.165000,61.485000,60.908000,61.370000,61.370000,38235965
2012-10-04,61.485000,61.752000,61.272000,61.583000,61.583000,26128544
2012-10-05,61.876000,61.982000,61.094000,61.254000,61.254000,25207826
2012-10-08,60.899000,61.023000,60.553000,60.695000,60.695000,30911410
2012-10-09,60.535000,60.685000,59.585000,59.726000,59.726000,67973910
2012-10-10,59.718000,59.878000,59.318000,59.425000,59.425000,45134294
2012-10-11,59.887000,59.913000,59.203000,59.238000,59.238000,30476076
2012-10-12,59.256000,59.549000,59.096000,59.212000,59.212000,24894927
2012-10-15,59.443000,59.727000,59.079000,59.647000,59.647000,22220004
2012-10-16,59.754000,60.562000,59.718000,60.491000,60.491000,33960299
2012-10-17,60.162000,60.650000,60.100000,60.455000,60.455000,33439368
2012-10-18,60.269000,60.455000,59.532000,59.754000,59.754000,61706323
2012-10-19,59.682000,59.736000,58.253000,58.324000,58.324000,75362599
2012-10-22,58.271000,58.777000,58.164000,58.626000,58.626000,38621408
2012-10-23,58.155000,58.564000,57.889000,58.066000,58.066000,52598740
2012-10-24,58.395000,58.493000,57.773000,57.866000,57.866000,39872375
2012-10-25,58.262000,58.359000,57.693000,57.862000,57.862000,52688680
2012-10-26,57.880000,58.273000,57.409000,58.031000,58.031000,54222197
2012-10-31,57.995000,58.066000,57.480000,57.676000,57.676000,38524479
2012-11-01,58.004000,58.608000,57.871000,58.495000,58.495000,26944931
2012-11-02,58.794000,58.794000,57.818000,57.871000,57.871000,44082997
2012-11-05,57.893000,58.368000,57.756000,58.253000,58.253000,28104128
2012-11-06,58.350000,58.759000,58.128000,58.359000,58.359000,29608306
2012-11-07,57.756000,57.809000,56.743000,56.983000,56.983000,70737600
2012-11-08,57.125000,57.272000,56.086000,56.086000,56.086000,58585722
2012-11-09,56.113000,56.930000,56.086000,56.326000,56.326000,51549536
2012-11-12,56.646000,56.717000,56.166000,56.317000,56.317000,32663656
2012-11-13,55.873000,56.459000,55.749000,55.926000,55.926000,43287627
2012-11-14,56.184000,56.264000,55.180000,55.269000,55.269000,82655213
2012-11-15,55.314000,55.491000,54.878000,55.083000,55.083000,55124159
2012-11-16,55.127000,55.482000,54.443000,55.322000,55.322000,70868025
2012-11-19,55.917000,56.681000,55.908000,56.637000,56.637000,55306381
2012-11-20,56.628000,56.734000,56.113000,56.654000,56.654000,52012655
2012-11-21,56.681000,56.850000,56.477000,56.770000,56.770000,19620058
2012-11-23,57.116000,57.649000,57.054000,57.631000,57.631000,16462833
2012-11-26,57.516000,57.915000,57.312000,57.881000,57.881000,26430885
2012-11-27,57.862000,58.075000,57.587000,57.684000,57.684000,25828579
2012-11-28,57.418000,58.226000,57.054000,58.182000,58.182000,37295780
2012-11-29,58.448000,58.728000,58.235000,58.528000,58.528000,41135813
2012-11-30,58.537000,58.581000,58.262000,58.430000,58.430000,33502042
2012-12-03,58.892000,58.937000,58.288000,58.315000,58.315000,28239968
2012-12-04,58.333000,58.404000,57.898000,58.279000,58.279000,49671701
2012-12-05,58.191000,58.200000,57.320000,57.634000,57.634000,54076124
2012-12-06,57.462000,58.146000,57.303000,58.004000,58.004000,47519071
2012-12-07,58.297000,58.350000,57.462000,57.658000,57.658000,30092666
2012-12-10,57.498000,58.124000,57.498000,57.827000,57.827000,33219547
2012-12-11,58.235000,58.910000,58.177000,58.581000,58.581000,40750801
2012-12-12,58.866000,58.892000,58.297000,58.457000,58.457000,45917674
2012-12-13,58.350000,58.750000,57.747000,57.996000,57.996000,45467642
2012-12-14,57.631000,57.791000,57.249000,57.445000,57.445000,39630252
2012-12-17,57.480000,58.226000,57.418000,58.208000,58.208000,42302841
2012-12-18,58.475000,59.185000,58.342000,59.094000,59.094000,55595997
2012-12-19,59.247000,59.283000,58.803000,58.839000,58.839000,34832444
2012-12-20,58.945000,58.972000,58.546000,58.839000,58.839000,40754272
2012-12-21,57.947000,58.295000,57.688000,58.224000,58.224000,51144552
2012-12-24,58.099000,58.170000,57.974000,58.108000,58.108000,11418232
2012-12-26,58.116000,58.206000,57.411000,57.599000,57.599000,21760846
2012-12-27,57.652000,57.724000,56.795000,57.509000,57.509000,52943138
2012-12-28,57.089000,57.536000,56.929000,56.956000,56.956000,33082054
2012-12-31,56.866000,58.270000,56.777000,58.161000,58.161000,57553098
2013-01-02,59.554000,60.036000,59.367000,60.010000,60.010000,70695891
2013-01-03,60.010000,60.135000,59.518000,59.699000,59.699000,47366435
2013-01-04,59.715000,59.724000,59.358000,59.501000,59.501000,33973326
2013-01-07,59.349000,59.617000,59.161000,59.519000,59.519000,26766190
2013-01-08,59.510000,59.666000,59.090000,59.402000,59.402000,28743941
2013-01-09,59.492000,59.786000,59.429000,59.626000,59.626000,25609172
2013-01-10,60.019000,60.072000,59.429000,59.983000,59.983000,37534251
2013-01-11,59.956000,60.090000,59.831000,60.063000,60.063000,21160468
2013-01-14,59.742000,59.965000,59.536000,59.795000,59.795000,36777292
2013-01-15,59.501000,59.589000,59.235000,59.501000,59.501000,31675276
2013-01-16,59.608000,59.947000,59.474000,59.742000,59.742000,33828119
2013-01-17,59.992000,60.260000,59.885000,60.027000,60.027000,32030740
2013-01-18,59.840000,59.956000,59.626000,59.894000,59.894000,31991953
2013-01-22,59.965000,60.036000,59.590000,59.992000,59.992000,32123006
2013-01-23,60.331000,60.536000,60.242000,60.358000,60.358000,31977406
2013-01-24,59.554000,60.081000,59.438000,59.527000,59.527000,42603381
2013-01-25,59.733000,60.001000,59.599000,59.831000,59.831000,39248726
2013-01-28,59.840000,60.170000,59.768000,59.965000,59.965000,32933927
2013-01-29,59.885000,60.108000,59.501000,59.974000,59.974000,35554610
2013-01-30,60.081000,60.260000,59.715000,59.849000,59.849000,34444953
2013-01-31,59.822000,60.144000,59.661000,59.715000,59.715000,34870426
2013-02-01,60.135000,60.528000,59.894000,60.420000,60.420000,53124521
2013-02-04,60.054000,60.242000,59.349000,59.367000,59.367000,48483691
2013-02-05,59.617000,60.429000,59.483000,60.242000,60.242000,35129982
2013-02-06,60.027000,60.322000,59.867000,60.045000,60.045000,43595136
2013-02-07,60.126000,60.162000,59.438000,60.099000,60.099000,46011203
2013-02-08,60.403000,60.840000,60.394000,60.715000,60.715000,39845725
2013-02-11,60.742000,60.778000,60.528000,60.733000,60.733000,17650349
2013-02-12,60.653000,60.769000,60.420000,60.483000,60.483000,22061318
2013-02-13,60.661000,60.929000,60.514000,60.697000,60.697000,23497142
2013-02-14,60.403000,60.769000,60.385000,60.679000,60.679000,24482423
2013-02-15,60.679000,60.822000,60.331000,60.501000,60.501000,25334049
2013-02-19,60.626000,60.956000,60.599000,60.938000,60.938000,23433248
2013-02-20,60.938000,60.947000,59.992000,60.001000,60.001000,38200238
2013-02-21,59.795000,59.840000,59.143000,59.358000,59.358000,45855576
2013-02-22,59.688000,59.965000,59.465000,59.955000,59.955000,21969534
2013-02-25,60.367000,60.554000,59.161000,59.215000,59.215000,40927523
2013-02-26,59.313000,59.545000,58.902000,59.438000,59.438000,42088741
2013-02-27,59.447000,60.411000,59.358000,60.044000,60.044000,36339458
2013-02-28,60.045000,60.492000,59.911000,59.920000,59.920000,28557148
2013-03-01,59.706000,60.278000,59.420000,60.170000,60.170000,31617692
2013-03-04,60.001000,60.447000,59.894000,60.438000,60.438000,19380446
2013-03-05,60.813000,61.412000,60.795000,61.331000,61.331000,35589440
2013-03-06,61.519000,61.535000,61.099000,61.179000,61.179000,29070971
2013-03-07,61.233000,61.438000,61.126000,61.340000,61.340000,21775877
2013-03-08,61.554000,61.635000,61.171000,61.412000,61.412000,26162116
2013-03-11,61.331000,61.608000,61.144000,61.590000,61.590000,23194121
2013-03-12,61.429000,61.554000,61.072000,61.367000,61.367000,27579252
2013-03-13,61.438000,61.519000,61.072000,61.287000,61.287000,34297271
2013-03-14,61.501000,61.626000,61.359000,61.492000,61.492000,31537685
2013-03-15,61.531000,61.567000,61.164000,61.316000,61.316000,30743672
2013-03-18,60.757000,61.430000,60.618000,61.182000,61.182000,36164493
2013-03-19,61.343000,61.487000,60.520000,61.066000,61.066000,33134570
2013-03-20,61.522000,61.630000,61.209000,61.495000,61.495000,28035338
2013-03-21,60.941000,61.084000,60.654000,60.797000,60.797000,30050789
2013-03-22,61.048000,61.433000,60.976000,61.388000,61.388000,28838417
2013-03-25,61.585000,61.719000,60.869000,61.164000,61.164000,24909753
2013-03-26,61.397000,61.513000,61.263000,61.495000,61.495000,19734745
2013-03-27,61.084000,61.621000,60.985000,61.577000,61.577000,22539423
2013-03-28,61.585000,61.809000,61.433000,61.728000,61.728000,23669800
2013-04-01,61.764000,61.836000,61.137000,61.308000,61.308000,28118835
2013-04-02,61.585000,61.997000,61.549000,61.791000,61.791000,29431878
2013-04-03,61.827000,61.916000,61.075000,61.227000,61.227000,35131104
2013-04-04,61.227000,61.397000,60.914000,61.245000,61.245000,32287367
2013-04-05,60.278000,60.824000,60.135000,60.736000,60.736000,55613276
2013-04-08,60.753000,61.075000,60.583000,61.057000,61.057000,17898516
2013-04-09,61.236000,61.719000,60.941000,61.469000,61.469000,30931361
2013-04-10,61.657000,62.802000,61.648000,62.663000,62.663000,55271262
2013-04-11,62.507000,62.784000,62.444000,62.641000,62.641000,37238268
2013-04-12,62.516000,62.641000,62.122000,62.596000,62.596000,32791330
2013-04-15,62.364000,62.462000,61.290000,61.361000,61.361000,48795787
2013-04-16,61.746000,62.247000,61.585000,62.176000,62.176000,27682570
2013-04-17,61.612000,61.656000,60.600000,60.963000,60.963000,60204793
2013-04-18,61.155000,61.155000,59.858000,60.116000,60.116000,56798119
2013-04-19,60.242000,61.067000,60.144000,60.941000,60.941000,43066868
2013-04-22,61.155000,61.791000,60.932000,61.567000,61.567000,34412089
2013-04-23,61.934000,62.382000,61.594000,62.158000,62.158000,53078214
2013-04-24,61.988000,62.355000,61.862000,62.131000,62.131000,44500627
2013-04-25,62.319000,62.695000,62.283000,62.462000,62.462000,26437042
2013-04-26,62.310000,62.444000,61.997000,62.265000,62.265000,24083912
2013-04-29,62.453000,63.080000,62.435000,62.838000,62.838000,31663920
2013-04-30,62.910000,63.303000,62.686000,63.294000,63.294000,30146326
2013-05-01,63.285000,63.411000,62.874000,62.999000,62.999000,28539538
2013-05-02,63.106000,63.930000,63.053000,63.796000,63.796000,31744162
2013-05-03,64.386000,64.744000,64.359000,64.547000,64.547000,34061652
2013-05-06,64.664000,64.896000,64.610000,64.798000,64.798000,19244277
2013-05-07,64.888000,64.950000,64.521000,64.762000,64.762000,25838016
2013-05-08,64.717000,65.129000,64.619000,65.075000,65.075000,24257984
2013-05-09,64.932000,65.424000,64.861000,64.983000,64.983000,29344426
2013-05-10,65.093000,65.407000,65.004000,65.380000,65.380000,20663682
2013-05-13,65.272000,65.621000,65.210000,65.460000,65.460000,29730022
2013-05-14,65.451000,65.997000,65.451000,65.800000,65.800000,36017631
2013-05-15,65.675000,65.997000,65.514000,65.935000,65.935000,27214313
2013-05-16,66.024000,66.315000,65.827000,65.863000,65.863000,27253366
2013-05-17,66.185000,66.525000,65.988000,66.499000,66.499000,31117108
2013-05-20,66.311000,66.610000,66.132000,66.400000,66.400000,25135782
2013-05-21,66.391000,66.713000,66.132000,66.472000,66.472000,25899967
2013-05-22,66.552000,67.080000,65.550000,65.889000,65.889000,59843165
2013-05-23,65.290000,65.962000,65.183000,65.738000,65.738000,48229437
2013-05-24,65.299000,65.720000,65.120000,65.702000,65.702000,26435957
2013-05-28,66.454000,66.713000,65.926000,66.132000,66.132000,27065807
2013-05-29,65.863000,66.051000,65.442000,65.818000,65.818000,32095595
2013-05-30,65.845000,66.476000,65.827000,66.167000,66.167000,32390461
2013-05-31,65.917000,66.418000,65.487000,65.559000,65.559000,38354676
2013-06-03,65.612000,65.693000,64.825000,65.675000,65.675000,47613032
2013-06-04,65.800000,66.069000,65.067000,65.335000,65.335000,35256035
2013-06-05,65.129000,65.371000,64.431000,64.485000,64.485000,48654171
2013-06-06,64.574000,64.807000,63.966000,64.798000,64.798000,62524010
2013-06-07,65.093000,65.756000,64.905000,65.684000,65.684000,31971148
2013-06-10,65.827000,66.015000,65.568000,65.711000,65.711000,25393169
2013-06-11,65.040000,65.639000,64.834000,65.058000,65.058000,40281421
2013-06-12,65.442000,65.460000,64.207000,64.306000,64.306000,42081831
2013-06-13,64.225000,65.263000,64.037000,65.120000,65.120000,28230371
2013-06-14,65.120000,65.192000,64.593000,64.691000,64.691000,27697014
2013-06-17,65.228000,65.693000,64.977000,65.317000,65.317000,32443498
2013-06-18,65.398000,65.979000,65.389000,65.854000,65.854000,24861267
2013-06-19,65.845000,65.944000,65.049000,65.120000,65.120000,43145076
2013-06-20,64.368000,64.583000,63.357000,63.567000,63.567000,60908388
2013-06-21,63.553000,63.724000,62.709000,63.239000,63.239000,51565551
2013-06-24,62.709000,63.095000,62.090000,62.611000,62.611000,41492206
2013-06-25,63.221000,63.320000,62.682000,63.068000,63.068000,28897389
2013-06-26,63.589000,63.751000,63.383000,63.634000,63.634000,23746655
2013-06-27,63.948000,64.308000,63.868000,63.904000,63.904000,23546417
2013-06-28,63.679000,64.370000,63.562000,63.993000,63.993000,28301066
2013-07-01,64.433000,64.918000,64.326000,64.388000,64.388000,24951289
2013-07-02,64.361000,64.810000,64.065000,64.415000,64.415000,23069566
2013-07-03,64.182000,64.981000,64.128000,64.677000,64.677000,18847424
2013-07-05,65.053000,65.197000,64.523000,65.170000,65.170000,28795991
2013-07-08,65.493000,65.538000,64.990000,65.232000,65.232000,20563730
2013-07-09,65.529000,65.771000,65.232000,65.628000,65.628000,26115187
2013-07-10,65.547000,66.103000,65.529000,66.005000,66.005000,25598894
2013-07-11,66.705000,67.369000,66.669000,67.316000,67.316000,47777675
2013-07-12,67.360000,67.657000,67.181000,67.612000,67.612000,31417850
2013-07-15,67.666000,67.809000,67.495000,67.765000,67.765000,19790966
2013-07-16,67.827000,67.872000,67.504000,67.675000,67.675000,31747092
2013-07-17,67.881000,68.007000,67.657000,67.845000,67.845000,24631497
2013-07-18,67.827000,68.007000,67.567000,67.675000,67.675000,36278798
2013-07-19,67.091000,67.109000,66.777000,66.974000,66.974000,37734062
2013-07-22,67.226000,67.325000,66.965000,67.172000,67.172000,21135860
2013-07-23,67.298000,67.307000,66.624000,66.678000,66.678000,24748780
2013-07-24,67.334000,67.360000,66.741000,66.894000,66.894000,24426805
2013-07-25,67.244000,67.396000,66.858000,67.316000,67.316000,23167338
2013-07-26,67.046000,67.684000,66.938000,67.675000,67.675000,20885522
2013-07-29,67.540000,67.827000,67.369000,67.549000,67.549000,20970308
2013-07-30,67.791000,68.196000,67.657000,67.908000,67.908000,24104507
2013-07-31,68.034000,68.429000,67.908000,68.034000,68.034000,25007599
2013-08-01,68.510000,68.824000,68.429000,68.725000,68.725000,16879933
2013-08-02,68.743000,69.129000,68.582000,69.111000,69.111000,18105230
2013-08-05,69.040000,69.210000,68.941000,69.156000,69.156000,15462781
2013-08-06,69.066000,69.129000,68.465000,68.743000,68.743000,23680564
2013-08-07,68.564000,68.750000,68.124000,68.618000,68.618000,20281126
2013-08-08,68.995000,69.120000,68.510000,68.959000,68.959000,19993946
2013-08-09,68.869000,69.084000,68.483000,68.680000,68.680000,18569820
2013-08-12,68.420000,68.968000,68.411000,68.842000,68.842000,20515862
2013-08-13,68.932000,69.381000,68.438000,69.228000,69.228000,23916974
2013-08-14,69.201000,69.300000,68.869000,68.968000,68.968000,29920959
2013-08-15,68.222000,68.231000,67.603000,67.800000,67.800000,39406562
2013-08-16,67.827000,68.124000,67.657000,67.778000,67.778000,23824932
2013-08-19,67.791000,68.357000,67.639000,67.657000,67.657000,29586813
2013-08-20,67.782000,68.267000,67.729000,67.953000,67.953000,18842747
2013-08-21,67.756000,68.321000,67.468000,67.720000,67.720000,30705085
2013-08-22,67.998000,68.429000,67.980000,68.384000,68.384000,17269464
2013-08-23,68.896000,68.932000,68.600000,68.842000,68.842000,20697258
2013-08-26,68.887000,69.390000,68.734000,68.878000,68.878000,27525409
2013-08-27,68.079000,68.402000,67.307000,67.468000,67.468000,40068871
2013-08-28,67.414000,68.016000,67.387000,67.729000,67.729000,20490381
2013-08-29,67.702000,68.546000,67.612000,68.204000,68.204000,27287901
2013-08-30,68.276000,68.276000,67.522000,67.765000,67.765000,26228459
2013-09-03,68.330000,68.635000,67.827000,68.151000,68.151000,27241431
2013-09-04,68.366000,68.995000,68.178000,68.878000,68.878000,27142882
2013-09-05,68.914000,69.188000,68.896000,68.995000,68.995000,17815365
2013-09-06,69.219000,69.444000,68.285000,69.075000,69.075000,27724535
2013-09-09,69.345000,70.000000,69.345000,69.884000,69.884000,25161869
2013-09-10,70.279000,70.324000,69.964000,70.225000,70.225000,27619372
2013-09-11,69.758000,70.135000,69.668000,70.090000,70.090000,28138594
2013-09-12,70.090000,70.261000,69.902000,70.045000,70.045000,18332687
2013-09-13,70.135000,70.166000,69.713000,70.090000,70.090000,16932448
2013-09-16,70.656000,70.683000,69.740000,69.902000,69.902000,25909886
2013-09-17,70.027000,70.458000,70.018000,70.368000,70.368000,27182212
2013-09-18,70.476000,71.356000,70.333000,71.212000,71.212000,31714662
2013-09-19,71.419000,71.549000,71.257000,71.383000,71.383000,26435609
2013-09-20,71.571000,71.634000,71.102000,71.134000,71.134000,26328830
2013-09-23,71.454000,71.517000,70.657000,70.994000,70.994000,30319396
2013-09-24,71.147000,71.373000,70.760000,70.994000,70.994000,21875702
2013-09-25,71.039000,71.147000,70.607000,70.751000,70.751000,22746397
2013-09-26,71.030000,71.472000,71.012000,71.301000,71.301000,22421656
2013-09-27,70.913000,71.337000,70.778000,71.210000,71.210000,25151521
2013-09-30,70.490000,71.228000,70.247000,71.039000,71.039000,28031856
2013-10-01,71.030000,71.796000,71.008000,71.760000,71.760000,33129746
2013-10-02,71.264000,71.832000,71.201000,71.733000,71.733000,25503753
2013-10-03,71.643000,71.796000,70.517000,70.895000,70.895000,42998195
2013-10-04,70.895000,71.607000,70.832000,71.508000,71.508000,22854266
2013-10-07,70.895000,71.463000,70.850000,70.913000,70.913000,20234683
2013-10-08,70.931000,70.976000,69.517000,69.544000,69.544000,43660689
2013-10-09,69.706000,69.742000,68.761000,69.328000,69.328000,64526694
2013-10-10,70.067000,70.958000,70.058000,70.796000,70.796000,48062722
2013-10-11,70.616000,71.409000,70.607000,71.355000,71.355000,25214124
2013-10-14,70.913000,71.859000,70.859000,71.859000,71.859000,31471884
2013-10-15,71.805000,72.147000,71.490000,71.580000,71.580000,38683993
2013-10-16,71.895000,72.426000,71.859000,72.390000,72.390000,46735861
2013-10-17,72.048000,72.832000,72.003000,72.805000,72.805000,32193534
2013-10-18,73.453000,74.011000,73.264000,73.984000,73.984000,39628221
2013-10-21,74.128000,74.336000,73.912000,74.146000,74.146000,31176938
2013-10-22,74.408000,74.660000,73.786000,74.254000,74.254000,43944821
2013-10-23,73.885000,74.029000,73.444000,73.804000,73.804000,38021281
2013-10-24,73.840000,74.281000,73.741000,74.128000,74.128000,23155090
2013-10-25,74.840000,75.002000,74.300000,74.660000,74.660000,35832381
2013-10-28,74.660000,74.795000,74.345000,74.678000,74.678000,28618375
2013-10-29,74.894000,74.984000,74.480000,74.804000,74.804000,36878062
2013-10-30,75.074000,75.187000,74.372000,74.732000,74.732000,33535470
2013-10-31,74.543000,75.020000,74.281000,74.561000,74.561000,31309909
2013-11-01,74.786000,74.902000,74.209000,74.579000,74.579000,30873163
2013-11-04,74.795000,74.813000,74.426000,74.687000,74.687000,16843634
2013-11-05,74.381000,74.948000,74.182000,74.768000,74.768000,27975601
2013-11-06,75.065000,75.110000,74.507000,74.750000,74.750000,25576806
2013-11-07,74.741000,74.867000,73.282000,73.345000,73.345000,52173216
2013-11-08,73.606000,74.354000,73.408000,74.336000,74.336000,31480519
2013-11-11,74.200000,74.426000,73.975000,74.218000,74.218000,24822945
2013-11-12,73.993000,74.444000,73.957000,74.336000,74.336000,20108526
2013-11-13,73.858000,75.245000,73.849000,75.236000,75.236000,31345887
2013-11-14,75.011000,75.524000,74.876000,75.470000,75.470000,31101157
2013-11-15,75.497000,75.614000,75.299000,75.614000,75.614000,20515761
2013-11-18,75.596000,75.745000,74.732000,74.876000,74.876000,31679608
2013-11-19,74.831000,75.191000,74.534000,74.660000,74.660000,25545292
2013-11-20,74.876000,75.137000,74.259000,74.480000,74.480000,32177418
2013-11-21,74.777000,75.299000,74.732000,75.236000,75.236000,28125025
2013-11-22,75.371000,75.668000,75.308000,75.641000,75.641000,25361273
2013-11-25,75.912000,75.993000,75.632000,75.822000,75.822000,21699975
2013-11-26,75.849000,76.407000,75.673000,76.218000,76.218000,26629288
2013-11-27,76.362000,76.767000,76.308000,76.749000,76.749000,21638074
2013-11-29,77.037000,77.308000,76.978000,77.208000,77.208000,16708898
2013-12-02,77.298000,77.416000,76.866000,76.983000,76.983000,26354619
2013-12-03,76.929000,77.127000,76.623000,76.920000,76.920000,37154262
2013-12-04,76.605000,77.244000,76.353000,76.992000,76.992000,37193220
2013-12-05,77.064000,77.145000,76.704000,76.893000,76.893000,39829338
2013-12-06,77.546000,77.614000,77.082000,77.452000,77.452000,36842888
2013-12-09,77.767000,77.929000,77.632000,77.767000,77.767000,22599903
2013-12-10,77.623000,77.857000,77.560000,77.713000,77.713000,26965928
2013-12-11,77.695000,77.813000,76.605000,76.713000,76.713000,36830565
2013-12-12,76.767000,76.929000,76.461000,76.515000,76.515000,33662597
2013-12-13,76.875000,76.911000,76.289000,76.416000,76.416000,34075415
2013-12-16,76.794000,77.280000,76.740000,76.839000,76.839000,24908324
2013-12-17,76.839000,77.028000,76.542000,76.686000,76.686000,24454893
2013-12-18,76.749000,77.650000,75.695000,77.578000,77.578000,68387235
2013-12-19,77.443000,77.461000,77.019000,77.362000,77.362000,46489555
2013-12-20,77.467000,78.307000,77.448000,78.144000,78.144000,40475437
2013-12-23,78.767000,78.966000,78.551000,78.966000,78.966000,28181764
2013-12-24,78.984000,79.057000,78.840000,79.002000,79.002000,13852475
2013-12-26,79.138000,79.328000,78.993000,79.264000,79.264000,15241096
2013-12-27,79.346000,79.409000,78.968000,79.066000,79.066000,15831962
2013-12-30,78.957000,79.057000,78.722000,78.948000,78.948000,18985622
2013-12-31,79.084000,79.463000,79.066000,79.463000,79.463000,24896065
2014-01-02,79.093000,79.120000,78.614000,78.840000,78.840000,29190009
2014-01-03,78.840000,78.912000,78.253000,78.271000,78.271000,35727317
2014-01-06,78.280000,78.379000,77.692000,77.981000,77.981000,32092437
2014-01-07,78.325000,78.822000,78.198000,78.704000,78.704000,25913225
2014-01-08,78.695000,79.093000,78.546000,78.876000,78.876000,27209991
2014-01-09,79.156000,79.174000,78.343000,78.614000,78.614000,23695690
2014-01-10,78.813000,78.957000,78.216000,78.867000,78.867000,38012069
2014-01-13,78.758000,79.029000,77.399000,77.701000,77.701000,48855231
2014-01-14,77.963000,79.246000,77.963000,79.183000,79.183000,37194076
2014-01-15,79.499000,79.987000,79.445000,79.833000,79.833000,39859705
2014-01-16,79.752000,79.960000,79.644000,79.842000,79.842000,34260219
2014-01-17,79.608000,79.834000,79.201000,79.391000,79.391000,36908236
2014-01-21,79.888000,80.032000,79.328000,79.996000,79.996000,26432336
2014-01-22,80.177000,80.403000,79.969000,80.204000,80.204000,29425432
2014-01-23,79.951000,79.969000,79.373000,79.933000,79.933000,35077428
2014-01-24,79.553000,79.662000,78.334000,78.361000,78.361000,64334902
2014-01-27,78.388000,78.496000,77.015000,77.602000,77.602000,63676475
2014-01-28,77.168000,77.638000,77.069000,77.557000,77.557000,44439554
2014-01-29,76.879000,77.458000,76.572000,76.726000,76.726000,52064566
2014-01-30,77.683000,78.415000,77.584000,78.144000,78.144000,66863622
2014-01-31,77.277000,78.307000,77.196000,77.936000,77.936000,45196915
2014-02-03,77.819000,78.144000,75.949000,76.148000,76.148000,65617206
2014-02-04,76.518000,77.015000,76.301000,76.708000,76.708000,37801215
2014-02-05,76.464000,76.780000,75.651000,76.509000,76.509000,41969204
2014-02-06,76.735000,77.584000,76.717000,77.485000,77.485000,32338053
2014-02-07,77.936000,78.920000,77.692000,78.867000,78.867000,38467242
2014-02-10,78.804000,79.355000,78.786000,79.319000,79.319000,30225157
2014-02-11,79.445000,80.375000,79.400000,80.222000,80.222000,38682035
2014-02-12,80.375000,80.556000,80.132000,80.375000,80.375000,32533008
2014-02-13,79.779000,81.035000,79.770000,80.972000,80.972000,40492842
2014-02-14,80.909000,81.315000,80.701000,81.134000,81.134000,34086390
2014-02-18,81.243000,81.683000,81.071000,81.532000,81.532000,29614391
2014-02-19,81.369000,81.563000,80.809000,80.972000,80.972000,41775267
2014-02-20,81.035000,81.505000,80.683000,81.351000,81.351000,41833212
2014-02-21,81.604000,81.726000,81.143000,81.243000,81.243000,31221745
2014-02-24,81.396000,82.047000,81.342000,81.676000,81.676000,31517522
2014-02-25,81.776000,81.956000,81.324000,81.586000,81.586000,27464711
2014-02-26,81.821000,82.065000,81.189000,81.514000,81.514000,42968334
2014-02-27,81.530000,82.129000,81.403000,82.047000,82.047000,28750313
2014-02-28,82.020000,82.519000,81.231000,81.956000,81.956000,48623159
2014-03-03,81.176000,81.566000,80.623000,81.349000,81.349000,38946845
2014-03-04,82.220000,82.537000,82.156000,82.383000,82.383000,33213909
2014-03-05,82.528000,82.755000,82.347000,82.610000,82.610000,27220604
2014-03-06,82.782000,82.859000,82.238000,82.537000,82.537000,24086220
2014-03-07,82.800000,82.882000,81.712000,82.129000,82.129000,31174837
2014-03-10,82.083000,82.242000,81.675000,82.201000,82.201000,18138198
2014-03-11,82.401000,82.605000,81.603000,81.848000,81.848000,27505046
2014-03-12,81.485000,82.201000,81.176000,82.156000,82.156000,27997215
2014-03-13,82.464000,82.492000,80.623000,80.995000,80.995000,48541951
2014-03-14,80.732000,81.086000,80.405000,80.441000,80.441000,38738769
2014-03-17,80.959000,81.566000,80.913000,81.149000,81.149000,28476800
2014-03-18,81.240000,82.229000,81.222000,82.129000,82.129000,31250235
2014-03-19,82.156000,82.247000,81.149000,81.684000,81.684000,40869371
2014-03-20,81.448000,82.156000,81.267000,81.911000,81.911000,31634538
2014-03-21,82.392000,82.428000,80.769000,80.928000,80.928000,62812715
2014-03-24,81.219000,81.282000,79.482000,80.218000,80.218000,77735313
2014-03-25,80.646000,81.155000,79.809000,80.482000,80.482000,41723335
2014-03-26,80.891000,81.064000,79.436000,79.446000,79.446000,40930442
2014-03-27,79.355000,79.691000,78.564000,78.999000,78.999000,64784488
2014-03-28,79.245000,80.027000,78.936000,79.155000,79.155000,39895065
2014-03-31,79.773000,80.255000,79.673000,79.718000,79.718000,33924297
2014-04-01,80.109000,81.173000,79.755000,81.119000,81.119000,38683837
2014-04-02,81.464000,81.546000,80.960000,81.328000,81.328000,34631615
2014-04-03,81.428000,81.545000,80.218000,80.682000,80.682000,30319074
2014-04-04,81.191000,81.301000,78.327000,78.536000,78.536000,131213229
2014-04-07,78.054000,78.773000,77.246000,77.791000,77.791000,83995771
2014-04-08,77.882000,78.618000,77.609000,78.509000,78.509000,51495650
2014-04-09,78.809000,79.900000,78.591000,79.855000,79.855000,45685231
2014-04-10,79.900000,79.909000,77.163000,77.381000,77.381000,73659615
2014-04-11,76.690000,77.691000,76.299000,76.481000,76.481000,93657425
2014-04-14,77.154000,77.491000,76.372000,77.081000,77.081000,46500747
2014-04-15,77.345000,77.782000,75.727000,77.336000,77.336000,84631517
2014-04-16,78.045000,78.363000,77.373000,78.363000,78.363000,46970899
2014-04-17,78.100000,78.773000,77.863000,78.382000,78.382000,53719454
2014-04-21,78.573000,78.964000,78.200000,78.964000,78.964000,25947923
2014-04-22,79.200000,79.787000,79.100000,79.591000,79.591000,38593408
2014-04-23,79.609000,79.618000,78.845000,78.891000,78.891000,34376729
2014-04-24,80.200000,80.209000,78.791000,79.646000,79.646000,48926264
2014-04-25,79.182000,79.264000,78.182000,78.373000,78.373000,44341588
2014-04-28,78.727000,79.209000,77.391000,78.627000,78.627000,58623796
2014-04-29,78.882000,79.400000,78.482000,79.255000,79.255000,36742661
2014-04-30,78.918000,79.546000,78.691000,79.464000,79.464000,38689408
2014-05-01,79.591000,80.155000,79.391000,79.700000,79.700000,37127219
2014-05-02,79.964000,80.118000,79.364000,79.555000,79.555000,40074150
2014-05-05,79.091000,79.991000,78.891000,79.973000,79.973000,27924376
2014-05-06,79.864000,79.891000,78.900000,78.936000,78.936000,33698549
2014-05-07,79.109000,79.182000,77.772000,78.709000,78.709000,67489143
2014-05-08,78.436000,79.591000,78.245000,78.636000,78.636000,46556871
2014-05-09,78.573000,78.982000,78.063000,78.927000,78.927000,35081529
2014-05-12,79.391000,80.255000,79.327000,80.228000,80.228000,38951060
2014-05-13,80.309000,80.573000,80.128000,80.282000,80.282000,30311862
2014-05-14,80.046000,80.337000,79.673000,79.864000,79.864000,26483571
2014-05-15,79.846000,79.982000,78.727000,79.232000,79.232000,59680284
2014-05-16,79.327000,79.800000,78.782000,79.755000,79.755000,66807315
2014-05-19,79.536000,80.437000,79.382000,80.309000,80.309000,32017036
2014-05-20,80.273000,80.564000,79.691000,80.018000,80.018000,33715953
2014-05-21,80.164000,80.828000,80.118000,80.782000,80.782000,36837678
2014-05-22,80.873000,81.364000,80.746000,81.137000,81.137000,30617089
2014-05-23,81.228000,81.746000,81.037000,81.728000,81.728000,22691254
2014-05-27,82.092000,82.764000,82.019000,82.747000,82.747000,29725231
2014-05-28,82.719000,82.837000,82.423000,82.492000,82.492000,30478074
2014-05-29,82.792000,83.028000,82.619000,83.019000,83.019000,33036099
2014-05-30,83.046000,83.155000,82.592000,83.028000,83.028000,29916899
2014-06-02,83.137000,83.146000,82.419000,82.946000,82.946000,30415405
2014-06-03,82.664000,83.046000,82.564000,82.910000,82.910000,21783686
2014-06-04,82.710000,83.356000,82.574000,83.219000,83.219000,20128261
2014-06-05,83.301000,84.074000,83.010000,83.919000,83.919000,35583055
2014-06-06,84.256000,84.401000,84.065000,84.401000,84.401000,22680643
2014-06-09,84.429000,84.547000,84.106000,84.338000,84.338000,23402469
2014-06-10,84.265000,84.529000,84.165000,84.483000,84.483000,20635286
2014-06-11,84.192000,84.583000,84.110000,84.465000,84.465000,22884331
2014-06-12,84.283000,84.374000,83.410000,83.701000,83.701000,35275853
2014-06-13,84.083000,84.156000,83.583000,83.947000,83.947000,39449997
2014-06-16,83.801000,84.265000,83.619000,84.019000,84.019000,25218557
2014-06-17,83.965000,84.292000,83.819000,84.065000,84.065000,19984787
2014-06-18,84.156000,84.656000,83.637000,84.538000,84.538000,34514013
2014-06-19,84.656000,84.719000,84.101000,84.483000,84.483000,38427402
2014-06-20,84.515000,84.670000,84.360000,84.578000,84.578000,25897494
2014-06-23,84.546000,84.624000,84.341000,84.597000,84.597000,20837926
2014-06-24,84.597000,85.308000,84.268000,84.515000,84.515000,31945762
2014-06-25,84.323000,85.198000,84.314000,85.052000,85.052000,32818591
2014-06-26,85.107000,85.116000,84.442000,85.098000,85.098000,22572172
2014-06-27,84.980000,85.486000,84.961000,85.472000,85.472000,22881506
2014-06-30,85.435000,85.827000,85.399000,85.618000,85.618000,19764915
2014-07-01,85.891000,86.785000,85.882000,86.557000,86.557000,31862487
2014-07-02,86.593000,86.830000,86.529000,86.703000,86.703000,18784391
2014-07-03,86.985000,87.250000,86.748000,87.250000,87.250000,15291700
2014-07-07,87.149000,87.259000,86.821000,86.985000,86.985000,23266428
2014-07-08,86.830000,86.885000,85.581000,85.937000,85.937000,40612448
2014-07-09,86.165000,86.671000,85.919000,86.575000,86.575000,29928322
2014-07-10,85.499000,86.657000,85.362000,86.302000,86.302000,44250020
2014-07-11,86.493000,86.858000,86.256000,86.858000,86.858000,19570393
2014-07-14,87.250000,87.573000,87.099000,87.377000,87.377000,19579041
2014-07-15,87.505000,87.642000,86.457000,87.076000,87.076000,39480119
2014-07-16,87.696000,87.797000,87.327000,87.423000,87.423000,22061998
2014-07-17,87.186000,87.496000,85.992000,86.264000,86.264000,43111514
2014-07-18,86.739000,87.678000,86.612000,87.633000,87.633000,36690832
2014-07-21,87.450000,87.669000,87.113000,87.523000,87.523000,29754810
2014-07-22,87.924000,88.216000,87.838000,88.079000,88.079000,25770404
2014-07-23,88.380000,88.745000,88.225000,88.642000,88.642000,28947464
2014-07-24,88.800000,88.900000,88.417000,88.544000,88.544000,24707180
2014-07-25,88.116000,88.316000,87.733000,88.198000,88.198000,29903633
2014-07-28,88.253000,88.453000,87.541000,88.225000,88.225000,25603360
2014-07-29,88.408000,88.617000,87.997000,88.070000,88.070000,27022232
2014-07-30,88.553000,88.727000,88.070000,88.417000,88.417000,35348519
2014-07-31,87.706000,87.833000,86.502000,86.630000,86.630000,50047926
2014-08-01,86.457000,86.921000,85.736000,86.311000,86.311000,60707990
2014-08-04,86.520000,87.241000,86.174000,86.903000,86.903000,33230537
2014-08-05,86.557000,86.803000,85.837000,86.238000,86.238000,50331066
2014-08-06,85.691000,86.712000,85.627000,86.174000,86.174000,34431913
2014-08-07,86.566000,86.738000,85.595000,85.900000,85.900000,33274669
2014-08-08,86.046000,86.621000,85.672000,86.520000,86.520000,40238383
2014-08-11,86.839000,87.304000,86.794000,87.031000,87.031000,28283279
2014-08-12,86.958000,87.222000,86.548000,86.994000,86.994000,28158723
2014-08-13,87.350000,87.952000,87.304000,87.915000,87.915000,27996489
2014-08-14,88.016000,88.389000,87.915000,88.371000,88.371000,25006602
2014-08-15,88.854000,89.009000,87.961000,88.800000,88.800000,55205490
2014-08-18,89.246000,89.565000,89.137000,89.483000,89.483000,38938349
2014-08-19,89.693000,90.039000,89.638000,89.985000,89.985000,21363394
2014-08-20,89.903000,90.167000,89.830000,89.985000,89.985000,23435596
2014-08-21,90.039000,90.213000,89.894000,90.167000,90.167000,19339477
2014-08-22,90.204000,90.486000,90.003000,90.304000,90.304000,24699453
2014-08-25,90.732000,90.878000,90.404000,90.623000,90.623000,24124718
2014-08-26,90.742000,90.814000,90.504000,90.714000,90.714000,20100350
2014-08-27,90.742000,90.842000,90.541000,90.732000,90.732000,15595925
2014-08-28,90.441000,90.742000,90.331000,90.632000,90.632000,23563850
2014-08-29,90.851000,91.092000,90.505000,90.969000,90.969000,17912339
2014-09-02,91.206000,91.261000,90.860000,91.234000,91.234000,18331922
2014-09-03,91.462000,91.480000,90.532000,90.696000,90.696000,25950656
2014-09-04,90.924000,91.371000,90.386000,90.614000,90.614000,24663511
2014-09-05,90.787000,91.124000,90.286000,91.070000,91.070000,30805767
2014-09-08,91.070000,91.471000,90.824000,91.243000,91.243000,25581202
2014-09-09,91.225000,91.589000,90.317000,90.486000,90.486000,36449189
2014-09-10,90.605000,91.270000,90.349000,91.234000,91.234000,31080115
2014-09-11,90.851000,91.206000,90.477000,91.161000,91.161000,28761940
2014-09-12,91.079000,91.106000,90.413000,90.696000,90.696000,30538399
2014-09-15,90.796000,90.805000,89.543000,89.821000,89.821000,32972159
2014-09-16,89.492000,90.778000,89.392000,90.605000,90.605000,38166920
2014-09-17,90.596000,91.170000,90.194000,90.742000,90.742000,37206375
2014-09-18,91.015000,91.434000,90.924000,91.425000,91.425000,30196722
2014-09-19,91.810000,91.906000,91.006000,91.372000,91.372000,46923054
2014-09-22,91.152000,91.162000,90.129000,90.522000,90.522000,48658049
2014-09-23,90.175000,90.677000,90.092000,90.275000,90.275000,33989583
2014-09-24,90.357000,91.287000,90.056000,91.244000,91.244000,35958950
2014-09-25,90.960000,91.070000,89.288000,89.325000,89.325000,68642547
2014-09-26,89.608000,90.440000,89.462000,90.275000,90.275000,56109106
2014-09-29,89.379000,90.403000,89.334000,90.156000,90.156000,33342673
2014-09-30,90.403000,90.750000,89.855000,90.284000,90.284000,41834324
2014-10-01,90.056000,90.120000,88.557000,88.840000,88.840000,58164861
2014-10-02,88.822000,89.114000,87.707000,88.840000,88.840000,54501347
2014-10-03,89.343000,90.083000,89.050000,89.718000,89.718000,41627772
2014-10-06,89.992000,90.220000,89.250000,89.526000,89.526000,36038687
2014-10-07,89.092000,89.361000,88.246000,88.255000,88.255000,45153968
2014-10-08,88.338000,90.257000,87.789000,89.973000,89.973000,64931636
2014-10-09,89.864000,90.083000,88.383000,88.520000,88.520000,62497086
2014-10-10,87.999000,88.493000,86.290000,86.309000,86.309000,77579425
2014-10-13,86.172000,86.811000,84.883000,84.956000,84.956000,80835922
2014-10-14,85.541000,86.062000,84.728000,84.965000,84.965000,71814456
2014-10-15,83.668000,84.773000,82.470000,84.417000,84.417000,108847755
2014-10-16,82.644000,84.609000,82.607000,83.887000,83.887000,93165782
2014-10-17,84.984000,85.806000,84.499000,84.993000,84.993000,69546720
2014-10-20,84.956000,86.336000,84.810000,86.263000,86.263000,41479253
2014-10-21,87.314000,88.529000,87.113000,88.529000,88.529000,53609758
2014-10-22,88.795000,88.922000,88.013000,88.073000,88.073000,39178048
2014-10-23,88.941000,89.891000,88.804000,89.398000,89.398000,48123778
2014-10-24,89.530000,90.193000,89.233000,90.129000,90.129000,43161724
2014-10-27,89.928000,90.357000,89.580000,90.193000,90.193000,29545673
2014-10-28,90.567000,91.573000,90.549000,91.555000,91.555000,34495077
2014-10-29,91.244000,91.500000,90.567000,91.216000,91.216000,40552803
2014-10-30,90.814000,91.628000,90.604000,91.408000,91.408000,35935794
2014-10-31,92.916000,92.989000,92.368000,92.669000,92.669000,54254141
2014-11-03,92.788000,93.190000,92.697000,92.944000,92.944000,33480951
2014-11-04,92.633000,92.875000,92.002000,92.633000,92.633000,22773298
2014-11-05,93.227000,93.245000,92.318000,92.642000,92.642000,25818604
2014-11-06,92.596000,92.962000,92.232000,92.934000,92.934000,24671900
2014-11-07,93.099000,93.136000,92.368000,92.852000,92.852000,20931734
2014-11-10,92.898000,93.300000,92.651000,93.181000,93.181000,20360007
2014-11-11,93.200000,93.474000,92.944000,93.474000,93.474000,15454012
2014-11-12,93.099000,93.739000,93.099000,93.638000,93.638000,22050317
2014-11-13,93.812000,94.388000,93.602000,94.040000,94.040000,28027776
2014-11-14,94.013000,94.333000,93.702000,94.333000,94.333000,19251346
2014-11-17,94.113000,94.324000,93.602000,94.049000,94.049000,23361634
2014-11-18,94.132000,94.881000,94.123000,94.753000,94.753000,26336812
2014-11-19,94.653000,94.653000,93.885000,94.324000,94.324000,23760243
2014-11-20,93.922000,94.826000,93.848000,94.744000,94.744000,22874018
2014-11-21,95.585000,95.676000,94.625000,94.927000,94.927000,34049128
2014-11-24,95.183000,95.713000,95.100000,95.667000,95.667000,17928289
2014-11-25,95.813000,96.097000,95.567000,95.813000,95.813000,17525991
2014-11-26,95.905000,96.490000,95.808000,96.435000,96.435000,18973804
2014-11-28,96.686000,97.097000,96.627000,96.883000,96.883000,17360420
2014-12-01,96.618000,96.800000,95.429000,95.786000,95.786000,35969494
2014-12-02,95.886000,96.340000,95.685000,96.170000,96.170000,26031291
2014-12-03,96.316000,96.476000,95.743000,96.343000,96.343000,32974322
2014-12-04,96.252000,96.672000,95.896000,96.298000,96.298000,31008791
2014-12-05,96.453000,96.599000,96.092000,96.307000,96.307000,25622236
2014-12-08,96.060000,96.480000,95.114000,95.621000,95.621000,32685756
2014-12-09,94.506000,95.996000,94.168000,95.923000,95.923000,46035139
2014-12-10,95.749000,95.987000,94.241000,94.415000,94.415000,39330116
2014-12-11,94.689000,95.996000,94.671000,94.863000,94.863000,47576022
2014-12-12,93.958000,95.036000,93.821000,93.830000,93.830000,46889391
2014-12-15,94.314000,94.662000,92.592000,92.861000,92.861000,52968448
2014-12-16,92.276000,93.647000,91.353000,91.372000,91.372000,65348626
2014-12-17,91.436000,93.300000,91.317000,93.035000,93.035000,79715318
2014-12-18,94.369000,95.283000,94.113000,95.274000,95.274000,49840942
2014-12-19,95.372000,96.078000,95.133000,95.693000,95.693000,51419912
2014-12-22,95.537000,95.959000,95.491000,95.931000,95.931000,33869167
2014-12-23,96.280000,96.289000,95.482000,95.592000,95.592000,30156929
2014-12-24,95.711000,96.041000,95.647000,95.674000,95.674000,14291333
2014-12-26,95.950000,96.555000,95.922000,96.353000,96.353000,13924332
2014-12-29,96.261000,96.546000,96.202000,96.335000,96.335000,17073772
2014-12-30,96.060000,96.280000,95.560000,95.693000,95.693000,18603989
2014-12-31,95.858000,96.234000,94.574000,94.711000,94.711000,24367121
2015-01-02,95.179000,95.583000,93.968000,94.427000,94.427000,31314599
2015-01-05,94.014000,94.124000,92.776000,93.042000,93.042000,36521270
2015-01-06,93.179000,93.335000,91.381000,91.794000,91.794000,66205451
2015-01-07,92.400000,93.198000,92.175000,92.978000,92.978000,37577361
2015-01-08,93.766000,94.941000,93.666000,94.757000,94.757000,40212640
2015-01-09,95.051000,95.078000,93.583000,94.133000,94.133000,41410071
2015-01-12,94.317000,94.418000,92.909000,93.152000,93.152000,34129751
2015-01-13,94.060000,95.051000,92.372000,93.124000,93.124000,56162334
2015-01-14,92.189000,93.090000,91.794000,92.611000,92.611000,51354217
2015-01-15,93.042000,93.189000,91.294000,91.409000,91.409000,51005416
2015-01-16,91.290000,92.601000,91.143000,92.482000,92.482000,35362210
2015-01-20,93.042000,93.455000,91.996000,93.216000,93.216000,30964056
2015-01-21,92.941000,94.132000,92.615000,93.693000,93.693000,40128772
2015-01-22,94.060000,95.528000,93.234000,95.427000,95.427000,40887168
2015-01-23,95.418000,95.931000,95.142000,95.638000,95.638000,34782992
2015-01-26,95.528000,95.702000,95.041000,95.528000,95.528000,19960870
2015-01-27,94.023000,94.078000,92.739000,93.051000,93.051000,45253205
2015-01-28,94.546000,94.647000,92.556000,92.574000,92.574000,43591675
2015-01-29,92.501000,93.636000,91.693000,93.464000,93.464000,46539734
2015-01-30,93.381000,94.097000,92.611000,92.739000,92.739000,42927638
2015-02-02,92.950000,93.629000,91.501000,93.546000,93.546000,43624654
2015-02-03,93.886000,94.509000,93.271000,94.445000,94.445000,30750360
2015-02-04,94.060000,94.986000,93.849000,94.363000,94.363000,34073211
2015-02-05,94.601000,95.243000,94.363000,95.179000,95.179000,23605516
2015-02-06,95.326000,95.555000,94.262000,94.601000,94.601000,34169256
2015-02-09,94.234000,94.743000,94.069000,94.298000,94.298000,22604655
2015-02-10,94.821000,95.895000,94.675000,95.766000,95.766000,23686531
2015-02-11,95.876000,96.335000,95.693000,96.115000,96.115000,20303617
2015-02-12,96.738000,97.270000,96.592000,97.234000,97.234000,22520295
2015-02-13,97.509000,98.087000,97.326000,98.069000,98.069000,29030249
2015-02-17,98.069000,98.224000,97.824000,98.160000,98.160000,17675344
2015-02-18,98.041000,98.353000,97.913000,98.298000,98.298000,15149619
2015-02-19,98.234000,98.848000,98.206000,98.784000,98.784000,19828113
2015-02-20,98.720000,99.500000,98.408000,99.444000,99.444000,28336710
2015-02-23,99.389000,99.573000,99.169000,99.545000,99.545000,17867968
2015-02-24,99.417000,99.738000,99.114000,99.619000,99.619000,19745011
2015-02-25,99.472000,99.857000,99.151000,99.371000,99.371000,19472341
2015-02-26,99.472000,99.931000,99.192000,99.876000,99.876000,22255476
2015-02-27,99.839000,99.903000,99.279000,99.435000,99.435000,27757584
2015-03-02,99.628000,100.371000,99.610000,100.334000,100.334000,22988645
2015-03-03,100.032000,100.132000,99.234000,99.866000,99.866000,20788924
2015-03-04,99.536000,99.683000,98.940000,99.481000,99.481000,21007420
2015-03-05,99.738000,99.954000,99.243000,99.655000,99.655000,15381039
2015-03-06,99.527000,99.720000,98.280000,98.527000,98.527000,30990366
2015-03-09,98.729000,99.055000,98.325000,98.812000,98.812000,26237101
2015-03-10,98.105000,98.133000,96.977000,96.977000,96.977000,34234496
2015-03-11,97.119000,97.243000,96.381000,96.417000,96.417000,25459733
2015-03-12,96.344000,97.160000,96.280000,97.050000,97.050000,21473171
2015-03-13,96.959000,97.344000,96.023000,96.628000,96.628000,42021103
2015-03-16,96.986000,97.913000,96.885000,97.876000,97.876000,25674085
2015-03-17,97.605000,98.188000,97.381000,98.032000,98.032000,19603813
2015-03-18,97.766000,99.444000,97.261000,98.995000,98.995000,40622188
2015-03-19,99.096000,99.417000,98.949000,99.142000,99.142000,31314035
2015-03-20,99.957000,100.279000,99.764000,99.782000,99.782000,31761404
2015-03-23,99.727000,100.003000,99.553000,99.589000,99.589000,17268507
2015-03-24,99.580000,100.040000,99.212000,99.231000,99.231000,22445280
2015-03-25,99.387000,99.479000,96.923000,96.960000,96.960000,41581435
2015-03-26,96.160000,97.181000,95.838000,96.629000,96.629000,47846276
2015-03-27,96.611000,97.245000,96.463000,97.015000,97.015000,33878385
2015-03-30,97.604000,98.210000,97.604000,98.128000,98.128000,30570196
2015-03-31,97.852000,98.054000,97.061000,97.089000,97.089000,30488101
2015-04-01,97.089000,97.107000,95.958000,96.583000,96.583000,32970452
2015-04-02,96.675000,96.960000,96.335000,96.647000,96.647000,19164241
2015-04-06,96.077000,97.705000,95.930000,97.438000,97.438000,24451142
2015-04-07,97.383000,98.100000,97.273000,97.273000,97.273000,19379381
2015-04-08,97.309000,98.183000,97.300000,98.045000,98.045000,25866907
2015-04-09,97.999000,98.698000,97.668000,98.661000,98.661000,23114727
2015-04-10,98.624000,99.075000,98.403000,99.065000,99.065000,17164343
2015-04-13,99.139000,99.645000,98.707000,98.817000,98.817000,17783465
2015-04-14,98.716000,99.001000,97.971000,98.532000,98.532000,23755747
2015-04-15,98.790000,99.360000,98.671000,99.148000,99.148000,21128576
2015-04-16,98.881000,99.185000,98.744000,99.010000,99.010000,16195279
2015-04-17,98.063000,98.330000,97.043000,97.466000,97.466000,46513964
2015-04-20,97.953000,99.102000,97.916000,98.927000,98.927000,28945909
2015-04-21,99.497000,99.672000,99.231000,99.350000,99.350000,22759772
2015-04-22,99.608000,100.058000,98.964000,99.893000,99.893000,21429190
2015-04-23,99.553000,100.720000,99.534000,100.270000,100.270000,29473221
2015-04-24,101.327000,101.768000,101.162000,101.630000,101.630000,32508127
2015-04-27,102.007000,102.201000,101.152000,101.373000,101.373000,31121321
2015-04-28,101.447000,101.640000,100.316000,101.171000,101.171000,36849221
2015-04-29,100.610000,101.198000,99.985000,100.536000,100.536000,34043905
2015-04-30,99.966000,100.371000,98.431000,98.955000,98.955000,44080546
2015-05-01,99.341000,100.325000,99.323000,100.261000,100.261000,32874307
2015-05-04,100.582000,101.051000,100.371000,100.426000,100.426000,23507259
2015-05-05,100.031000,100.215000,98.744000,98.790000,98.790000,47843265
2015-05-06,98.964000,99.249000,97.452000,98.109000,98.109000,42687150
2015-05-07,98.082000,98.973000,98.008000,98.698000,98.698000,29335806
2015-05-08,99.718000,100.141000,99.571000,99.930000,99.930000,33023337
2015-05-11,99.994000,100.196000,99.470000,99.543000,99.543000,19679255
2015-05-12,98.955000,99.599000,98.192000,99.093000,99.093000,33665017
2015-05-13,99.525000,100.040000,99.148000,99.295000,99.295000,20738434
2015-05-14,100.104000,100.831000,99.737000,100.748000,100.748000,23904233
2015-05-15,101.005000,101.143000,100.500000,100.748000,100.748000,23937442
2015-05-18,100.582000,101.391000,100.509000,101.189000,101.189000,17631135
2015-05-19,101.299000,101.456000,100.913000,101.079000,101.079000,14212896
2015-05-20,101.152000,101.750000,100.605000,101.143000,101.143000,21131892
2015-05-21,100.969000,101.805000,100.821000,101.667000,101.667000,16771801
2015-05-22,101.548000,101.934000,101.483000,101.566000,101.566000,13543774
2015-05-26,101.345000,101.483000,99.994000,100.398000,100.398000,25488437
2015-05-27,100.702000,102.127000,100.481000,102.017000,102.017000,30572695
2015-05-28,101.824000,102.063000,101.474000,101.787000,101.787000,17302408
2015-05-29,101.722000,101.860000,100.941000,101.180000,101.180000,30382987
2015-06-01,101.722000,101.796000,100.693000,101.520000,101.520000,24570186
2015-06-02,101.143000,101.695000,100.647000,101.198000,101.198000,19449634
2015-06-03,101.658000,101.879000,101.254000,101.502000,101.502000,20507208
2015-06-04,100.932000,101.575000,100.408000,100.729000,100.729000,31374588
2015-06-05,100.610000,100.849000,99.874000,100.490000,100.490000,22641732
2015-06-08,100.444000,100.518000,99.268000,99.470000,99.470000,24549204
2015-06-09,99.231000,99.663000,98.560000,99.304000,99.304000,27554599
2015-06-10,99.645000,100.959000,99.534000,100.665000,100.665000,30297862
2015-06-11,101.005000,101.272000,100.638000,100.812000,100.812000,17593463
2015-06-12,100.279000,100.490000,99.847000,99.985000,99.985000,27201768
2015-06-15,99.240000,99.645000,98.661000,99.488000,99.488000,31238798
2015-06-16,99.387000,100.196000,99.341000,100.031000,100.031000,16456867
2015-06-17,100.196000,100.628000,99.691000,100.307000,100.307000,23296738
2015-06-18,100.674000,101.943000,100.619000,101.768000,101.768000,43032384
2015-06-19,101.817000,101.895000,101.190000,101.264000,101.264000,27877574
2015-06-22,102.010000,102.314000,101.780000,102.010000,102.010000,19120898
2015-06-23,102.121000,102.185000,101.669000,102.093000,102.093000,18127916
2015-06-24,101.973000,102.406000,101.540000,101.568000,101.568000,15815914
2015-06-25,101.964000,102.065000,101.195000,101.365000,101.365000,18326654
2015-06-26,101.347000,101.577000,100.314000,100.692000,100.692000,32311679
2015-06-29,99.577000,100.130000,98.269000,98.315000,98.315000,50874901
2015-06-30,99.052000,99.264000,98.361000,98.665000,98.665000,34809920
2015-07-01,99.642000,99.841000,98.988000,99.448000,99.448000,21292958
2015-07-02,99.734000,99.817000,99.172000,99.476000,99.476000,20499447
2015-07-06,98.849000,99.817000,98.637000,99.246000,99.246000,24311020
2015-07-07,99.356000,99.587000,97.522000,99.494000,99.494000,44230772
2015-07-08,98.785000,98.905000,97.582000,97.762000,97.762000,39691475
2015-07-09,99.061000,99.149000,97.697000,97.707000,97.707000,28381041
2015-07-10,99.006000,99.568000,98.647000,99.199000,99.199000,26415825
2015-07-13,100.056000,101.024000,100.047000,100.941000,100.941000,25780733
2015-07-14,101.079000,101.881000,101.024000,101.605000,101.605000,21977167
2015-07-15,101.798000,102.111000,101.430000,101.715000,101.715000,28631537
2015-07-16,102.554000,103.171000,102.351000,103.153000,103.153000,29838948
2015-07-17,103.982000,104.673000,103.807000,104.673000,104.673000,35926804
2015-07-20,104.894000,105.410000,104.572000,105.033000,105.033000,26539045
2015-07-21,105.069000,105.235000,104.664000,104.968000,104.968000,35468865
2015-07-22,103.365000,104.285000,103.360000,103.779000,103.779000,35574962
2015-07-23,103.881000,104.222000,103.125000,103.392000,103.392000,25698255
2015-07-24,103.945000,104.132000,102.222000,102.379000,102.379000,30844714
2015-07-27,101.798000,102.237000,101.310000,101.531000,101.531000,35994837
2015-07-28,101.982000,102.609000,101.167000,102.406000,102.406000,33553494
2015-07-29,102.627000,103.014000,102.231000,102.793000,102.793000,26714068
2015-07-30,102.554000,103.453000,101.937000,103.282000,103.282000,25438057
2015-07-31,103.604000,103.660000,102.950000,103.162000,103.162000,22081731
2015-08-03,103.180000,103.466000,102.158000,102.839000,102.839000,25001780
2015-08-04,102.793000,102.973000,102.222000,102.646000,102.646000,22132319
2015-08-05,103.217000,104.130000,103.097000,103.438000,103.438000,28989897
2015-08-06,103.531000,103.669000,101.319000,101.780000,101.780000,42125401
2015-08-07,101.531000,101.890000,100.812000,101.651000,101.651000,30006846
2015-08-10,102.296000,103.033000,102.287000,102.812000,102.812000,21500780
2015-08-11,102.268000,102.664000,100.932000,101.494000,101.494000,36123270
2015-08-12,100.794000,102.042000,99.725000,101.844000,101.844000,41888960
2015-08-13,101.946000,102.434000,101.457000,101.678000,101.678000,22510520
2015-08-14,101.439000,101.982000,101.236000,101.835000,101.835000,17924931
2015-08-17,101.586000,102.710000,101.328000,102.683000,102.683000,21224913
2015-08-18,102.540000,102.627000,102.019000,102.157000,102.157000,13984363
2015-08-19,101.844000,102.383000,100.895000,101.485000,101.485000,42511384
2015-08-20,100.545000,100.867000,98.665000,98.674000,98.674000,57747349
2015-08-21,97.283000,98.112000,94.362000,94.362000,94.362000,97763445
2015-08-24,86.833000,94.481000,78.088000,90.731000,90.731000,150829863
2015-08-25,94.058000,94.675000,90.316000,90.390000,90.390000,75088278
2015-08-26,93.035000,95.126000,91.164000,94.942000,94.942000,104103817
2015-08-27,96.315000,97.412000,95.172000,97.347000,97.347000,69377690
2015-08-28,96.831000,97.679000,96.619000,97.329000,97.329000,49919628
2015-08-31,96.785000,97.320000,95.882000,96.122000,96.122000,39549380
2015-09-01,93.726000,95.182000,92.731000,93.118000,93.118000,73155538
2015-09-02,94.804000,95.762000,93.717000,95.744000,95.744000,43963563
2015-09-03,96.122000,96.776000,95.007000,95.274000,95.274000,45131794
2015-09-04,93.965000,94.772000,93.615000,94.140000,94.140000,49379643
2015-09-08,95.947000,96.910000,95.550000,96.794000,96.794000,37343527
2015-09-09,97.937000,97.965000,95.458000,95.707000,95.707000,47146743
2015-09-10,95.596000,97.384000,95.486000,96.748000,96.748000,47686714
2015-09-11,96.306000,97.283000,96.030000,97.283000,97.283000,29106088
2015-09-14,97.642000,97.661000,96.619000,96.988000,96.988000,19718804
2015-09-15,97.218000,98.435000,96.859000,98.131000,98.131000,30020216
2015-09-16,98.149000,98.776000,97.808000,98.683000,98.683000,31329146
2015-09-17,98.582000,100.190000,98.269000,98.720000,98.720000,56139806
2015-09-18,97.201000,98.466000,97.146000,97.312000,97.312000,48383995
2015-09-21,97.848000,98.420000,96.739000,97.617000,97.617000,35772624
2015-09-22,96.120000,96.455000,95.261000,96.157000,96.157000,47359654
2015-09-23,96.416000,96.674000,95.732000,96.231000,96.231000,21775134
2015-09-24,95.298000,96.240000,94.467000,95.880000,95.880000,38284331
2015-09-25,96.905000,96.998000,94.476000,95.067000,95.067000,44700006
2015-09-28,94.661000,94.725000,92.084000,92.361000,92.361000,44077490
2015-09-29,92.592000,93.534000,91.215000,91.880000,91.880000,49315527
2015-09-30,93.192000,94.097000,92.832000,93.996000,93.996000,41411432
2015-10-01,94.162000,94.430000,92.915000,94.421000,94.421000,39339134
2015-10-02,93.109000,96.074000,92.813000,96.074000,96.074000,59370859
2015-10-05,96.785000,97.709000,96.573000,97.450000,97.450000,32853533
2015-10-06,97.219000,97.543000,96.231000,96.989000,96.989000,33051534
2015-10-07,97.598000,97.783000,96.333000,97.570000,97.570000,37389334
2015-10-08,97.201000,98.125000,96.259000,97.958000,97.958000,50188873
2015-10-09,98.005000,98.587000,97.737000,98.402000,98.402000,23916227
2015-10-12,98.587000,98.827000,98.235000,98.642000,98.642000,16161955
2015-10-13,98.078000,99.076000,97.912000,98.005000,98.005000,26999613
2015-10-14,98.005000,98.494000,97.441000,97.848000,97.848000,30902637
2015-10-15,98.208000,99.459000,98.078000,99.455000,99.455000,38393838
2015-10-16,99.667000,99.926000,99.186000,99.870000,99.870000,27091100
2015-10-19,99.741000,100.508000,99.519000,100.443000,100.443000,23776270
2015-10-20,100.263000,100.480000,99.584000,99.926000,99.926000,23404691
2015-10-21,100.434000,100.536000,99.279000,99.316000,99.316000,30195241
2015-10-22,100.203000,101.422000,99.918000,101.339000,101.339000,42778702
2015-10-23,104.064000,104.600000,103.519000,104.175000,104.175000,53170910
2015-10-26,104.101000,104.443000,103.704000,104.240000,104.240000,25918004
2015-10-27,103.962000,104.600000,103.935000,104.452000,104.452000,31390511
2015-10-28,104.609000,105.320000,103.768000,105.320000,105.320000,42221867
2015-10-29,104.840000,105.330000,104.729000,105.154000,105.154000,24913340
2015-10-30,105.200000,105.376000,104.655000,104.683000,104.683000,27199231
2015-11-02,104.960000,105.990000,104.738000,105.865000,105.865000,22176916
2015-11-03,105.653000,106.613000,105.496000,106.235000,106.235000,20418387
2015-11-04,106.586000,106.660000,105.801000,106.244000,106.244000,28633048
2015-11-05,106.336000,106.590000,105.403000,105.958000,105.958000,25004080
2015-11-06,105.754000,106.152000,105.080000,106.032000,106.032000,29924901
2015-11-09,105.634000,105.773000,104.253000,104.905000,104.905000,33479755
2015-11-10,104.350000,104.738000,104.036000,104.637000,104.637000,35452127
2015-11-11,104.923000,105.431000,104.332000,104.507000,104.507000,22748808
2015-11-12,104.055000,104.591000,103.417000,103.491000,103.491000,31196876
2015-11-13,103.057000,103.168000,101.404000,101.459000,101.459000,52836036
2015-11-16,101.367000,102.937000,101.127000,102.919000,102.919000,33980633
2015-11-17,103.094000,103.722000,102.725000,102.983000,102.983000,30579457
2015-11-18,103.399000,105.062000,103.297000,104.960000,104.960000,32966463
2015-11-19,105.006000,105.514000,104.831000,105.034000,105.034000,26188119
2015-11-20,105.523000,105.828000,105.431000,105.745000,105.745000,22727591
2015-11-23,105.791000,106.170000,104.988000,105.440000,105.440000,20696175
2015-11-24,104.766000,105.597000,104.228000,105.348000,105.348000,26374412
2015-11-25,105.477000,105.634000,105.219000,105.440000,105.440000,14159935
2015-11-27,105.667000,105.802000,105.228000,105.588000,105.588000,8827991
2015-11-30,105.856000,105.902000,104.979000,105.320000,105.320000,25041649
2015-12-01,105.741000,106.373000,105.616000,106.373000,106.373000,28639445
2015-12-02,106.438000,106.918000,105.560000,105.717000,105.717000,22395483
2015-12-03,106.004000,106.189000,103.310000,103.925000,103.925000,42754345
2015-12-04,104.230000,106.530000,104.027000,106.355000,106.355000,40037322
2015-12-07,106.429000,106.493000,105.366000,105.874000,105.874000,25892101
2015-12-08,104.785000,106.221000,104.729000,105.884000,105.884000,30792648
2015-12-09,105.403000,106.004000,103.639000,104.276000,104.276000,48509199
2015-12-10,104.517000,105.450000,104.204000,104.748000,104.748000,30154621
2015-12-11,103.538000,103.815000,102.272000,102.337000,102.337000,56022221
2015-12-14,102.512000,103.159000,101.034000,103.113000,103.113000,53098514
2015-12-15,104.009000,104.637000,103.611000,103.741000,103.741000,48428014
2015-12-16,104.443000,105.459000,103.353000,105.283000,105.283000,44944106
2015-12-17,105.727000,105.745000,103.732000,103.750000,103.750000,45668795
2015-12-18,103.390000,103.668000,101.768000,101.768000,101.768000,53746061
2015-12-21,102.732000,102.917000,101.972000,102.899000,102.899000,26432807
2015-12-22,103.455000,103.724000,102.899000,103.575000,103.575000,26540310
2015-12-23,104.094000,104.419000,103.927000,104.344000,104.344000,25656928
2015-12-24,104.307000,104.613000,104.280000,104.326000,104.326000,11480244
2015-12-28,104.076000,104.289000,103.325000,104.270000,104.270000,19183637
2015-12-29,104.905000,106.137000,104.826000,105.910000,105.910000,27725673
2015-12-30,105.781000,105.855000,104.937000,104.956000,104.956000,19520081
2015-12-31,104.585000,104.780000,103.631000,103.649000,103.649000,29886849
2016-01-04,101.398000,101.555000,100.184000,101.463000,101.463000,50807643
2016-01-05,101.963000,102.093000,100.814000,101.287000,101.287000,38795182
2016-01-06,99.545000,100.897000,99.526000,100.314000,100.314000,41891091
2016-01-07,98.183000,99.415000,97.117000,97.173000,97.173000,61386300
2016-01-08,97.914000,98.488000,96.274000,96.376000,96.376000,69344012
2016-01-11,97.098000,97.349000,95.190000,96.672000,96.672000,50024094
2016-01-12,97.580000,98.294000,96.441000,97.793000,97.793000,46734241
2016-01-13,98.220000,98.433000,94.272000,94.421000,94.421000,69870673
2016-01-14,94.791000,97.274000,93.281000,96.431000,96.431000,78445735
2016-01-15,93.188000,94.458000,92.206000,93.438000,93.438000,91443918
2016-01-19,94.699000,94.856000,92.549000,93.642000,93.642000,56563845
2016-01-20,92.178000,94.356000,90.112000,93.355000,93.355000,86674981
2016-01-21,93.763000,94.837000,92.493000,93.448000,93.448000,61660101
2016-01-22,95.292000,96.190000,95.005000,96.153000,96.153000,42229803
2016-01-25,95.866000,96.357000,94.643000,94.726000,94.726000,38881485
2016-01-26,95.115000,95.986000,94.291000,95.579000,95.579000,36143916
2016-01-27,95.023000,95.431000,92.799000,93.197000,93.197000,54524736
2016-01-28,94.689000,94.782000,92.901000,94.513000,94.513000,47641532
2016-01-29,94.513000,96.524000,94.458000,96.487000,96.487000,54245067
2016-02-01,96.014000,97.108000,95.653000,96.746000,96.746000,32750348
2016-02-02,96.339000,96.339000,94.365000,94.652000,94.652000,44928088
2016-02-03,95.254000,95.282000,92.549000,94.198000,94.198000,61572882
2016-02-04,93.911000,94.935000,93.068000,94.189000,94.189000,49321638
2016-02-05,93.855000,93.892000,90.547000,90.918000,90.918000,70749932
2016-02-08,89.259000,89.927000,87.879000,89.528000,89.528000,91673063
2016-02-09,88.361000,90.603000,88.194000,89.250000,89.250000,73778426
2016-02-10,90.344000,91.446000,89.528000,89.593000,89.593000,59421699
2016-02-11,88.444000,90.177000,88.203000,89.463000,89.463000,76839183
2016-02-12,90.510000,90.918000,89.630000,90.825000,90.825000,49186494
2016-02-16,92.141000,92.873000,91.594000,92.873000,92.873000,40565911
2016-02-17,93.596000,95.106000,93.309000,94.977000,94.977000,41766451
2016-02-18,95.264000,95.292000,93.772000,93.892000,93.892000,38991469
2016-02-19,93.503000,94.458000,93.230000,94.170000,94.170000,28257915
2016-02-22,95.014000,95.792000,94.958000,95.699000,95.699000,23979113
2016-02-23,95.134000,95.403000,94.059000,94.124000,94.124000,29869660
2016-02-24,93.068000,95.143000,92.447000,95.023000,95.023000,40739103
2016-02-25,95.217000,95.959000,94.365000,95.959000,95.959000,29389315
2016-02-26,96.626000,96.705000,95.610000,95.838000,95.838000,30925045
2016-02-29,95.727000,96.459000,94.977000,94.977000,94.977000,27553937
2016-03-01,95.857000,98.025000,95.588000,98.025000,98.025000,37699779
2016-03-02,97.877000,98.081000,97.302000,98.062000,98.062000,29209756
2016-03-03,97.951000,97.988000,97.173000,97.877000,97.877000,25474625
2016-03-04,97.997000,98.544000,97.265000,97.914000,97.914000,31655424
2016-03-07,97.404000,97.979000,96.617000,97.312000,97.312000,25861160
2016-03-08,96.644000,97.491000,96.339000,96.505000,96.505000,28898525
2016-03-09,96.895000,97.145000,96.329000,97.126000,97.126000,31047351
2016-03-10,97.580000,98.090000,95.727000,96.978000,96.978000,44997649
2016-03-11,98.034000,98.674000,97.719000,98.674000,98.674000,31453958
2016-03-14,98.294000,99.072000,98.275000,98.840000,98.840000,25374912
2016-03-15,98.470000,98.915000,98.173000,98.803000,98.803000,26524632
2016-03-16,98.562000,99.943000,98.535000,99.684000,99.684000,31693050
2016-03-17,99.387000,99.860000,99.026000,99.628000,99.628000,29623740
2016-03-18,99.863000,100.025000,99.249000,99.779000,99.779000,37682293
2016-03-21,99.584000,100.262000,99.547000,100.169000,100.169000,17288559
2016-03-22,99.602000,100.708000,99.584000,100.476000,100.476000,18840278
2016-03-23,100.281000,100.355000,99.426000,99.649000,99.649000,20912873
2016-03-24,99.128000,99.705000,98.998000,99.677000,99.677000,19017258
2016-03-28,99.956000,99.974000,99.361000,99.537000,99.537000,13892303
2016-03-29,99.370000,101.201000,99.184000,101.136000,101.136000,29963923
2016-03-30,101.740000,102.260000,101.415000,101.628000,101.628000,23807235
2016-03-31,101.572000,101.935000,101.322000,101.480000,101.480000,21447236
2016-04-01,100.903000,102.595000,100.727000,102.558000,102.558000,26389045
2016-04-04,102.511000,102.627000,101.926000,102.167000,102.167000,17162988
2016-04-05,101.368000,101.758000,101.052000,101.182000,101.182000,20107915
2016-04-06,101.294000,102.883000,101.284000,102.846000,102.846000,25056031
2016-04-07,102.260000,102.432000,100.931000,101.368000,101.368000,28567202
2016-04-08,102.009000,102.242000,100.936000,101.294000,101.294000,22897951
2016-04-11,101.740000,102.242000,100.908000,100.922000,100.922000,25772058
2016-04-12,100.978000,101.963000,100.378000,101.768000,101.768000,28564087
2016-04-13,102.520000,103.227000,102.418000,103.069000,103.069000,25356728
2016-04-14,102.223000,103.459000,102.223000,103.078000,103.078000,17199671
2016-04-15,102.994000,103.203000,102.558000,102.818000,102.818000,21353343
2016-04-18,102.530000,103.399000,102.455000,103.366000,103.366000,17126086
2016-04-19,103.561000,103.561000,102.111000,102.734000,102.734000,42481435
2016-04-20,102.725000,103.292000,102.381000,102.818000,102.818000,18078307
2016-04-21,102.762000,103.199000,102.362000,102.827000,102.827000,20215983
2016-04-22,101.489000,101.963000,100.476000,101.275000,101.275000,39073996
2016-04-25,100.941000,101.284000,100.783000,101.275000,101.275000,14351890
2016-04-26,101.480000,101.656000,100.476000,100.783000,100.783000,19118334
2016-04-27,99.751000,100.206000,99.147000,99.974000,99.974000,33059790
2016-04-28,100.076000,100.674000,98.571000,98.766000,98.766000,29818155
2016-04-29,98.710000,98.966000,97.465000,98.246000,98.246000,67502786
2016-05-02,98.478000,99.314000,98.090000,99.175000,99.175000,24813813
2016-05-03,98.469000,98.915000,97.995000,98.255000,98.255000,38569433
2016-05-04,97.688000,98.024000,97.382000,97.623000,97.623000,27474504
2016-05-05,97.976000,98.190000,97.400000,97.595000,97.595000,20788119
2016-05-06,97.121000,98.134000,97.019000,98.115000,98.115000,30758516
2016-05-09,98.143000,98.850000,98.078000,98.394000,98.394000,19289615
2016-05-10,98.747000,99.788000,98.571000,99.742000,99.742000,21178851
2016-05-11,99.584000,99.890000,98.812000,98.840000,98.840000,20966257
2016-05-12,99.138000,99.189000,97.707000,98.404000,98.404000,29196323
2016-05-13,98.366000,98.923000,97.846000,98.041000,98.041000,21059255
2016-05-16,98.199000,99.630000,98.097000,99.268000,99.268000,18311860
2016-05-17,99.193000,99.472000,97.762000,98.023000,98.023000,29932711
2016-05-18,97.846000,98.905000,97.614000,98.376000,98.376000,28177911
2016-05-19,97.995000,98.232000,97.149000,97.865000,97.865000,27334610
2016-05-20,98.264000,99.342000,98.199000,98.943000,98.943000,29549578
2016-05-23,99.017000,99.407000,98.720000,98.812000,98.812000,15729764
2016-05-24,99.361000,100.913000,99.328000,100.792000,100.792000,29931309
2016-05-25,101.164000,101.823000,101.000000,101.517000,101.517000,38464750
2016-05-26,101.619000,101.944000,101.377000,101.814000,101.814000,21885871
2016-05-27,101.898000,102.353000,101.861000,102.344000,102.344000,19870010
2016-05-31,102.483000,102.697000,102.022000,102.539000,102.539000,24366106
2016-06-01,102.223000,102.781000,102.139000,102.548000,102.548000,19571528
2016-06-02,102.344000,102.771000,101.786000,102.762000,102.762000,15696618
2016-06-03,102.567000,102.613000,101.610000,102.279000,102.279000,20269923
2016-06-06,102.455000,102.920000,102.288000,102.650000,102.650000,12502365
2016-06-07,102.716000,102.808000,102.344000,102.390000,102.390000,12184296
2016-06-08,102.567000,102.781000,102.186000,102.567000,102.567000,14568699
2016-06-09,102.158000,102.511000,101.954000,102.400000,102.400000,17571631
2016-06-10,101.480000,101.665000,100.885000,101.238000,101.238000,32965003
2016-06-13,100.680000,101.229000,100.262000,100.392000,100.392000,25412177
2016-06-14,100.160000,100.750000,99.658000,100.392000,100.392000,24588506
2016-06-15,100.662000,100.773000,99.937000,100.104000,100.104000,24605701
2016-06-16,99.593000,100.495000,98.970000,100.402000,100.402000,32079929
2016-06-17,100.196000,100.338000,98.994000,99.227000,99.227000,29208832
2016-06-20,100.383000,100.858000,99.777000,99.852000,99.852000,20562769
2016-06-21,100.010000,100.369000,99.796000,100.169000,100.169000,22804112
2016-06-22,100.243000,100.811000,99.842000,99.926000,99.926000,22724174
2016-06-23,100.718000,101.371000,100.280000,101.352000,101.352000,18714227
2016-06-24,97.662000,99.237000,96.963000,97.177000,97.177000,68012733
2016-06-27,96.534000,96.534000,94.811000,95.249000,95.249000,50044303
2016-06-28,96.283000,97.382000,96.255000,97.336000,97.336000,28260604
2016-06-29,98.081000,99.265000,98.054000,99.060000,99.060000,31356723
2016-06-30,99.255000,100.271000,98.892000,100.206000,100.206000,36300819
2016-07-01,100.159000,101.082000,100.122000,100.709000,100.709000,19902803
2016-07-05,100.243000,100.318000,99.554000,100.094000,100.094000,21167903
2016-07-06,99.628000,100.961000,99.302000,100.914000,100.914000,24579270
2016-07-07,100.998000,101.436000,100.737000,101.212000,101.212000,19161748
2016-07-08,101.725000,102.833000,101.585000,102.778000,102.778000,29457871
2016-07-11,103.132000,103.742000,103.113000,103.365000,103.365000,20218504
2016-07-12,103.980000,104.166000,103.747000,103.886000,103.886000,21906145
2016-07-13,104.166000,104.194000,103.625000,103.635000,103.635000,21107762
2016-07-14,104.324000,104.539000,104.082000,104.343000,104.343000,20870986
2016-07-15,104.567000,104.641000,103.942000,104.175000,104.175000,17999312
2016-07-18,104.231000,105.051000,104.222000,104.865000,104.865000,20713924
2016-07-19,104.520000,104.809000,104.296000,104.483000,104.483000,18936702
2016-07-20,105.060000,105.899000,104.921000,105.703000,105.703000,24997929
2016-07-21,105.778000,105.983000,105.172000,105.461000,105.461000,18885367
2016-07-22,105.554000,106.020000,105.210000,105.899000,105.899000,20003363
2016-07-25,105.815000,105.936000,105.554000,105.908000,105.908000,12968085
2016-07-26,105.880000,106.412000,105.498000,106.030000,106.030000,21223845
2016-07-27,106.933000,107.045000,106.318000,106.766000,106.766000,27646113
2016-07-28,106.933000,107.259000,106.598000,107.138000,107.138000,16939662
2016-07-29,107.381000,107.660000,107.036000,107.371000,107.371000,22385320
2016-08-01,107.446000,110.679000,107.315000,107.940000,107.940000,13990077
2016-08-02,107.791000,107.874000,106.430000,107.120000,107.120000,21278383
2016-08-03,107.045000,107.483000,106.971000,107.474000,107.474000,15011273
2016-08-04,107.455000,107.884000,107.185000,107.781000,107.781000,12835296
2016-08-05,108.350000,109.058000,108.210000,108.816000,108.816000,23196570
2016-08-08,108.853000,108.899000,108.350000,108.694000,108.694000,12358181
2016-08-09,108.769000,109.291000,108.713000,108.946000,108.946000,13276458
2016-08-10,108.983000,109.039000,108.378000,108.667000,108.667000,14688405
2016-08-11,109.030000,109.365000,108.816000,109.132000,109.132000,12969799
2016-08-12,108.937000,109.216000,108.825000,109.207000,109.207000,19379036
2016-08-15,109.328000,109.924000,109.309000,109.673000,109.673000,11777762
2016-08-16,109.459000,109.477000,109.049000,109.067000,109.067000,14161446
2016-08-17,109.095000,109.300000,108.489000,109.263000,109.263000,15980334
2016-08-18,109.160000,109.449000,108.969000,109.291000,109.291000,10036285
2016-08-19,109.114000,109.505000,108.797000,109.263000,109.263000,18742961
2016-08-22,109.104000,109.533000,108.899000,109.347000,109.347000,14500622
2016-08-23,109.757000,109.961000,109.496000,109.542000,109.542000,11997927
2016-08-24,109.477000,109.617000,108.471000,108.834000,108.834000,17728656
2016-08-25,108.536000,108.993000,108.424000,108.657000,108.657000,24266264
2016-08-26,108.704000,109.524000,108.163000,108.816000,108.816000,23895963
2016-08-29,108.844000,109.254000,108.825000,108.965000,108.965000,11184872
2016-08-30,108.769000,109.104000,108.238000,108.611000,108.611000,19843301
2016-08-31,108.443000,108.611000,108.042000,108.499000,108.499000,16169794
2016-09-01,108.536000,108.909000,108.005000,108.778000,108.778000,20944727
2016-09-02,109.319000,109.542000,108.722000,109.132000,109.132000,18088215
2016-09-06,109.291000,109.813000,109.077000,109.813000,109.813000,18525231
2016-09-07,109.906000,110.064000,109.459000,109.878000,109.878000,17546872
2016-09-08,109.552000,109.580000,108.946000,109.235000,109.235000,20125319
2016-09-09,108.303000,108.564000,106.467000,106.486000,106.486000,50813287
2016-09-12,105.890000,108.545000,105.880000,108.396000,108.396000,39645960
2016-09-13,107.837000,108.173000,106.905000,107.427000,107.427000,45863935
2016-09-14,107.558000,108.527000,107.511000,107.940000,107.940000,28221762
2016-09-15,107.986000,109.780000,107.958000,109.617000,109.617000,39466531
2016-09-16,109.495000,109.675000,109.019000,109.561000,109.561000,27596527
2016-09-19,109.822000,110.177000,108.869000,109.084000,109.084000,16222870
2016-09-20,109.467000,109.738000,109.103000,109.290000,109.290000,18078584
2016-09-21,109.738000,110.523000,109.112000,110.364000,110.364000,31546776
2016-09-22,111.018000,111.363000,110.894000,111.242000,111.242000,22614422
2016-09-23,111.083000,111.158000,110.373000,110.532000,110.532000,22213394
2016-09-26,109.906000,110.037000,109.448000,109.607000,109.607000,16403881
2016-09-27,109.579000,110.742000,109.430000,110.691000,110.691000,20238432
2016-09-28,110.803000,110.943000,110.308000,110.878000,110.878000,14794330
2016-09-29,110.700000,110.896000,109.602000,110.074000,110.074000,27207499
2016-09-30,110.359000,111.223000,110.252000,110.896000,110.896000,25543200
2016-10-03,110.719000,110.878000,110.308000,110.738000,110.738000,19216438
2016-10-04,111.027000,111.307000,110.149000,110.569000,110.569000,21239742
2016-10-05,110.878000,111.317000,110.850000,110.962000,110.962000,14481285
2016-10-06,110.812000,111.140000,110.364000,110.906000,110.906000,11987056
2016-10-07,111.027000,111.167000,110.121000,110.663000,110.663000,19984158
2016-10-10,111.214000,111.606000,111.186000,111.363000,111.363000,19687341
2016-10-11,111.251000,111.289000,109.290000,109.775000,109.775000,27774426
2016-10-12,109.827000,110.056000,109.346000,109.682000,109.682000,14267824
2016-10-13,108.949000,109.589000,108.300000,109.290000,109.290000,22821011
2016-10-14,109.831000,110.271000,109.355000,109.420000,109.420000,21313321
2016-10-17,109.383000,109.570000,108.983000,109.122000,109.122000,14182694
2016-10-18,110.392000,110.607000,110.037000,110.093000,110.093000,19276656
2016-10-19,110.009000,110.242000,109.888000,110.084000,110.084000,13702918
2016-10-20,109.925000,110.196000,109.318000,109.953000,109.953000,18132245
2016-10-21,110.037000,110.429000,109.673000,110.364000,110.364000,15707804
2016-10-24,111.093000,111.765000,111.057000,111.690000,111.690000,19142985
2016-10-25,111.737000,111.774000,111.167000,111.335000,111.335000,20341835
2016-10-26,110.607000,111.186000,110.252000,110.579000,110.579000,20463696
2016-10-27,111.064000,111.149000,109.916000,110.074000,110.074000,19099790
2016-10-28,109.729000,110.327000,109.047000,109.383000,109.383000,35369254
2016-10-31,109.785000,109.785000,109.224000,109.280000,109.280000,18749357
2016-11-01,109.467000,109.486000,107.519000,108.458000,108.458000,23498712
2016-11-02,108.402000,108.636000,107.319000,107.590000,107.590000,26960093
2016-11-03,107.440000,107.767000,106.413000,106.534000,106.534000,36205193
2016-11-04,106.226000,106.992000,105.974000,106.160000,106.160000,26997454
2016-11-07,107.842000,108.795000,107.702000,108.683000,108.683000,26591245
2016-11-08,108.552000,109.888000,108.318000,109.392000,109.392000,20777919
2016-11-09,108.085000,110.074000,107.982000,109.897000,109.897000,70234393
2016-11-10,110.355000,110.579000,106.670000,108.122000,108.122000,72824646
2016-11-11,107.618000,108.402000,107.272000,108.169000,108.169000,41115166
2016-11-14,108.206000,108.300000,106.515000,107.076000,107.076000,35905979
2016-11-15,107.861000,108.935000,107.730000,108.561000,108.561000,31796602
2016-11-16,108.075000,109.283000,108.047000,109.206000,109.206000,16538132
2016-11-17,109.159000,110.018000,108.925000,110.000000,110.000000,20598553
2016-11-18,110.065000,110.317000,109.486000,109.589000,109.589000,16428659
2016-11-21,109.850000,110.831000,109.822000,110.728000,110.728000,20268547
2016-11-22,111.130000,111.335000,110.794000,111.064000,111.064000,18850641
2016-11-23,110.700000,110.822000,110.130000,110.616000,110.616000,22925954
2016-11-25,110.747000,111.018000,110.616000,110.971000,110.971000,7162785
2016-11-28,110.822000,111.233000,110.607000,110.719000,110.719000,13479045
2016-11-29,110.812000,111.634000,110.504000,111.102000,111.102000,18552957
2016-11-30,111.214000,111.283000,109.719000,109.757000,109.757000,30405342
2016-12-01,109.719000,109.729000,107.692000,107.861000,107.861000,39796590
2016-12-02,107.954000,108.505000,107.627000,108.075000,108.075000,32876845
2016-12-05,108.655000,109.346000,108.141000,108.916000,108.916000,21419667
2016-12-06,109.178000,109.364000,108.720000,109.178000,109.178000,27293348
2016-12-07,108.953000,110.700000,108.628000,110.560000,110.560000,26622442
2016-12-08,110.597000,111.036000,110.392000,110.756000,110.756000,18578433
2016-12-09,111.186000,111.663000,111.158000,111.625000,111.625000,21863133
2016-12-12,111.111000,111.354000,110.663000,111.121000,111.121000,23259310
2016-12-13,111.485000,113.129000,111.457000,112.522000,112.522000,54477889
2016-12-14,112.615000,113.026000,111.961000,112.288000,112.288000,28745991
2016-12-15,112.438000,113.129000,112.167000,112.466000,112.466000,22762305
2016-12-16,112.690000,112.973000,111.828000,112.053000,112.053000,26283907
2016-12-19,112.184000,113.206000,112.006000,112.512000,112.512000,21138658
2016-12-20,112.831000,113.149000,112.737000,112.943000,112.943000,11461799
2016-12-21,112.962000,113.065000,112.606000,112.859000,112.859000,7079300
2016-12-22,112.859000,112.896000,112.100000,112.540000,112.540000,16644996
2016-12-23,112.391000,112.662000,112.250000,112.615000,112.615000,9007470
2016-12-27,112.840000,113.852000,112.812000,113.196000,113.196000,16110554
2016-12-28,113.421000,113.543000,112.236000,112.316000,112.316000,17975235
2016-12-29,112.297000,112.550000,111.800000,112.156000,112.156000,13267519
2016-12-30,112.362000,112.381000,110.685000,111.004000,111.004000,41749028
2017-01-03,111.782000,112.419000,111.388000,111.997000,111.997000,22307608
2017-01-04,112.119000,112.812000,112.106000,112.606000,112.606000,19749074
2017-01-05,112.578000,113.318000,112.522000,113.243000,113.243000,20644254
2017-01-06,113.356000,114.536000,113.070000,114.236000,114.236000,24074305
2017-01-09,114.330000,114.817000,114.255000,114.611000,114.611000,18909234
2017-01-10,114.648000,115.211000,114.395000,114.864000,114.864000,16176631
2017-01-11,114.892000,115.173000,114.321000,115.173000,115.173000,20685983
2017-01-12,114.761000,115.069000,113.927000,114.995000,114.995000,19622511
2017-01-13,115.061000,115.585000,115.051000,115.389000,115.389000,16930803
2017-01-17,115.042000,115.267000,114.709000,115.042000,115.042000,14538484
2017-01-18,115.201000,115.389000,114.920000,115.276000,115.276000,12499663
2017-01-19,115.417000,115.848000,114.976000,115.220000,115.220000,12710659
2017-01-20,115.717000,116.016000,115.164000,115.473000,115.473000,22091039
2017-01-23,115.389000,115.735000,114.836000,115.567000,115.567000,17434167
2017-01-24,115.791000,116.522000,115.599000,116.344000,116.344000,17640869
2017-01-25,117.056000,117.543000,116.972000,117.515000,117.515000,15036221
2017-01-26,117.665000,117.881000,117.435000,117.637000,117.637000,16052150
2017-01-27,117.862000,117.975000,117.478000,117.862000,117.862000,15052983
2017-01-30,117.459000,117.469000,116.297000,116.944000,116.944000,25006715
2017-01-31,116.550000,116.738000,116.035000,116.710000,116.710000,19091133
2017-02-01,117.506000,117.750000,116.981000,117.515000,117.515000,22861876
2017-02-02,117.309000,117.768000,116.981000,117.412000,117.412000,15101363
2017-02-03,117.572000,117.871000,117.422000,117.750000,117.750000,16957154
2017-02-06,117.506000,117.909000,117.440000,117.890000,117.890000,11630139
2017-02-07,118.106000,118.565000,118.021000,118.321000,118.321000,17541101
2017-02-08,118.162000,118.686000,117.937000,118.518000,118.518000,12569147
2017-02-09,118.640000,119.211000,118.574000,118.949000,118.949000,17542726
2017-02-10,119.174000,119.511000,119.005000,119.342000,119.342000,13915697
2017-02-13,119.698000,120.167000,119.661000,120.017000,120.017000,19120150
2017-02-14,120.064000,120.424000,119.680000,120.420000,120.420000,16333480
2017-02-15,120.335000,121.188000,120.270000,121.132000,121.132000,17891355
2017-02-16,121.197000,121.450000,120.785000,121.094000,121.094000,15098286
2017-02-17,120.944000,121.628000,120.898000,121.619000,121.619000,15563730
2017-02-21,121.825000,122.294000,121.788000,122.219000,122.219000,18479628
2017-02-22,122.097000,122.350000,121.901000,122.265000,122.265000,12110876
2017-02-23,122.453000,122.453000,121.319000,121.806000,121.806000,17489023
2017-02-24,121.300000,122.041000,121.216000,122.041000,122.041000,18624489
2017-02-27,121.816000,122.200000,121.610000,122.190000,122.190000,12008672
2017-02-28,122.162000,122.219000,121.478000,121.816000,121.816000,16598581
2017-03-01,122.556000,123.371000,122.359000,123.146000,123.146000,25813827
2017-03-02,123.137000,123.137000,122.378000,122.528000,122.528000,19951386
2017-03-03,122.406000,122.790000,122.116000,122.753000,122.753000,13722749
2017-03-06,122.322000,122.687000,121.994000,122.481000,122.481000,12026151
2017-03-07,122.219000,122.809000,122.059000,122.275000,122.275000,15500945
2017-03-08,122.331000,122.874000,122.228000,122.490000,122.490000,15776027
2017-03-09,122.462000,122.753000,121.928000,122.584000,122.584000,20855253
2017-03-10,123.127000,123.296000,122.565000,123.099000,123.099000,21922601
2017-03-13,123.052000,123.334000,122.987000,123.305000,123.305000,10731575
2017-03-14,123.024000,123.071000,122.509000,123.006000,123.006000,14019689
2017-03-15,123.277000,124.050000,122.865000,123.764000,123.764000,22709139
2017-03-16,123.980000,123.999000,123.399000,123.680000,123.680000,18457291
2017-03-17,123.790000,123.959000,123.565000,123.631000,123.631000,21234529
2017-03-20,123.593000,124.025000,123.415000,123.743000,123.743000,10105210
2017-03-21,124.213000,124.325000,121.791000,121.866000,121.866000,35841897
2017-03-22,121.941000,122.814000,121.744000,122.692000,122.692000,29177883
2017-03-23,122.532000,122.870000,122.175000,122.382000,122.382000,20311655
2017-03-24,122.776000,123.255000,122.166000,122.635000,122.635000,22967566
2017-03-27,121.791000,123.049000,121.481000,122.833000,122.833000,18472445
2017-03-28,122.804000,123.950000,122.560000,123.584000,123.584000,23721947
2017-03-29,123.668000,124.203000,123.537000,124.156000,124.156000,13709968
2017-03-30,124.128000,124.494000,123.997000,124.363000,124.363000,16092374
2017-03-31,124.175000,124.616000,124.039000,124.278000,124.278000,19841411
2017-04-03,124.372000,124.682000,123.509000,124.203000,124.203000,23700310
2017-04-04,123.828000,124.419000,123.800000,124.400000,124.400000,13400022
2017-04-05,124.560000,125.311000,123.659000,123.893000,123.893000,32011155
2017-04-06,124.034000,124.288000,123.640000,123.959000,123.959000,18832193
2017-04-07,123.912000,124.269000,123.452000,123.893000,123.893000,16743064
2017-04-10,124.025000,124.452000,123.599000,123.940000,123.940000,15619276
2017-04-11,123.790000,124.011000,122.513000,123.405000,123.405000,33778359
2017-04-12,123.405000,123.490000,122.776000,122.908000,122.908000,15955195
2017-04-13,122.748000,123.462000,122.401000,122.420000,122.420000,23683020
2017-04-17,122.795000,123.452000,122.720000,123.433000,123.433000,13325508
2017-04-18,122.992000,123.602000,122.936000,123.246000,123.246000,12841087
2017-04-19,123.781000,124.194000,123.274000,123.443000,123.443000,17764817
2017-04-20,123.959000,124.748000,123.753000,124.475000,124.475000,21977910
2017-04-21,124.579000,124.635000,124.128000,124.447000,124.447000,22454948
2017-04-24,125.818000,126.067000,125.615000,125.949000,125.949000,22469948
2017-04-25,126.344000,127.082000,126.250000,126.860000,126.860000,19384398
2017-04-26,126.898000,127.217000,126.607000,126.682000,126.682000,25398542
2017-04-27,127.001000,127.442000,126.916000,127.442000,127.442000,16136538
2017-04-28,127.940000,127.996000,127.461000,127.667000,127.667000,22771946
2017-05-01,128.109000,128.972000,128.034000,128.803000,128.803000,24815525
2017-05-02,128.972000,129.076000,128.634000,129.019000,129.019000,18345071
2017-05-03,128.747000,128.775000,128.254000,128.606000,128.606000,23827550
2017-05-04,128.625000,129.019000,128.203000,128.653000,128.653000,14630063
2017-05-05,128.982000,129.123000,128.503000,129.123000,129.123000,19330652
2017-05-08,129.188000,129.404000,128.925000,129.404000,129.404000,13279931
2017-05-09,129.601000,130.144000,129.489000,129.855000,129.855000,28426109
2017-05-10,129.930000,129.977000,129.470000,129.930000,129.930000,20499363
2017-05-11,129.583000,129.864000,128.972000,129.827000,129.827000,27232074
2017-05-12,129.902000,130.146000,129.770000,130.118000,130.118000,19738629
2017-05-15,130.146000,130.606000,130.052000,130.531000,130.531000,20481327
2017-05-16,130.831000,131.094000,130.484000,131.075000,131.075000,21785994
2017-05-17,130.071000,130.277000,127.724000,127.743000,127.743000,55642178
2017-05-18,127.733000,129.292000,127.555000,128.860000,128.860000,41319882
2017-05-19,129.282000,129.949000,129.235000,129.404000,129.404000,36730112
2017-05-22,129.686000,130.564000,129.645000,130.493000,130.493000,19509659
2017-05-23,130.887000,130.887000,130.287000,130.625000,130.625000,19687534
2017-05-24,131.019000,131.291000,130.653000,131.225000,131.225000,18323864
2017-05-25,131.728000,132.681000,131.441000,132.343000,132.343000,23928591
2017-05-26,132.371000,132.634000,132.192000,132.577000,132.577000,13851582
2017-05-30,132.493000,132.845000,132.427000,132.690000,132.690000,20306409
2017-05-31,133.122000,133.159000,131.967000,132.643000,132.643000,33229404
2017-06-01,132.906000,133.216000,132.352000,133.159000,133.159000,20120741
2017-06-02,133.629000,134.708000,133.413000,134.680000,134.680000,37222881
2017-06-05,134.661000,134.887000,134.464000,134.652000,134.652000,15727526
2017-06-06,134.511000,134.934000,133.920000,134.117000,134.117000,22393024
2017-06-07,134.464000,134.755000,133.873000,134.643000,134.643000,18842408
2017-06-08,134.943000,134.999000,134.051000,134.784000,134.784000,25417408
2017-06-09,134.934000,135.093000,129.658000,131.413000,131.413000,109783737
2017-06-12,130.343000,130.944000,129.057000,130.709000,130.709000,104453977
2017-06-13,131.441000,131.958000,130.756000,131.770000,131.770000,51193010
2017-06-14,132.296000,132.305000,130.136000,131.197000,131.197000,60093764
2017-06-15,129.883000,130.756000,129.076000,130.615000,130.615000,55145160
2017-06-16,130.591000,130.645000,129.572000,130.054000,130.054000,48087413
2017-06-19,131.278000,132.351000,131.118000,132.229000,132.229000,39626533
2017-06-20,132.088000,132.267000,131.146000,131.194000,131.194000,40935078
2017-06-21,131.476000,132.559000,131.410000,132.493000,132.493000,35743366
2017-06-22,132.681000,132.945000,132.116000,132.455000,132.455000,24099115
2017-06-23,132.295000,133.133000,131.937000,132.963000,132.963000,21654314
2017-06-26,133.679000,133.952000,132.050000,132.342000,132.342000,34411094
2017-06-27,131.862000,132.003000,129.932000,129.941000,129.941000,65957819
2017-06-28,130.422000,131.928000,129.668000,131.815000,131.815000,57427180
2017-06-29,131.231000,131.269000,128.266000,129.527000,129.527000,88769351
2017-06-30,129.913000,130.543000,129.151000,129.574000,129.574000,68898255
2017-07-03,130.149000,130.318000,128.125000,128.209000,128.209000,32797005
2017-07-05,128.567000,129.819000,128.181000,129.471000,129.471000,42116584
2017-07-06,128.473000,129.028000,127.842000,128.303000,128.303000,48430476
2017-07-07,128.727000,130.036000,128.727000,129.687000,129.687000,36970402
2017-07-10,129.763000,130.840000,129.443000,130.535000,130.535000,24853545
2017-07-11,130.327000,131.062000,129.857000,130.902000,130.902000,31517660
2017-07-12,131.994000,132.606000,131.754000,132.455000,132.455000,36045799
2017-07-13,132.596000,133.067000,132.361000,132.747000,132.747000,31073595
2017-07-14,133.274000,133.961000,132.916000,133.792000,133.792000,34544847
2017-07-17,133.914000,134.328000,133.603000,133.858000,133.858000,25343155
2017-07-18,133.735000,134.780000,133.340000,134.752000,134.752000,25748527
2017-07-19,135.119000,135.740000,135.091000,135.543000,135.543000,33752309
2017-07-20,135.853000,135.976000,135.110000,135.722000,135.722000,36139449
2017-07-21,135.204000,135.665000,134.950000,135.665000,135.665000,39697094
2017-07-24,135.627000,136.381000,135.486000,136.286000,136.286000,26712732
2017-07-25,135.835000,136.258000,135.571000,135.938000,135.938000,28120884
2017-07-26,136.258000,136.456000,136.061000,136.381000,136.381000,18610634
2017-07-27,137.313000,137.407000,133.961000,135.524000,135.524000,80665866
2017-07-28,134.752000,135.632000,134.498000,135.411000,135.411000,38013176
2017-07-31,135.769000,135.966000,134.545000,134.837000,134.837000,33848645
2017-08-01,135.279000,135.336000,134.733000,135.147000,135.147000,20149421
2017-08-02,135.985000,136.051000,134.253000,135.515000,135.515000,41769667
2017-08-03,135.722000,135.722000,134.743000,134.987000,134.987000,27112799
2017-08-04,135.232000,135.533000,134.677000,135.232000,135.232000,29472909
2017-08-07,135.458000,136.089000,135.289000,136.089000,136.089000,17933942
2017-08-08,135.816000,136.945000,135.467000,135.853000,135.853000,30810364
2017-08-09,134.752000,135.740000,134.427000,135.675000,135.675000,36169473
2017-08-10,134.931000,134.997000,132.634000,132.766000,132.766000,63331663
2017-08-11,132.963000,134.065000,132.643000,133.773000,133.773000,45862488
2017-08-14,134.837000,135.703000,134.799000,135.496000,135.496000,34161024
2017-08-15,135.769000,135.846000,135.223000,135.590000,135.590000,25509181
2017-08-16,135.910000,136.465000,135.374000,135.825000,135.825000,31913002
2017-08-17,135.307000,135.505000,133.048000,133.048000,133.048000,70190975
2017-08-18,133.142000,133.867000,132.408000,132.954000,132.954000,60751940
2017-08-21,132.954000,133.236000,131.965000,132.784000,132.784000,37111487
2017-08-22,133.491000,134.950000,133.453000,134.808000,134.808000,36294232
2017-08-23,134.150000,134.630000,134.037000,134.328000,134.328000,25702324
2017-08-24,134.648000,134.780000,133.180000,133.933000,133.933000,38160803
2017-08-25,134.432000,134.790000,133.472000,133.651000,133.651000,26380436
2017-08-28,134.065000,134.375000,133.632000,134.065000,134.065000,15362141
2017-08-29,132.907000,134.818000,132.794000,134.592000,134.592000,24498333
2017-08-30,134.724000,136.399000,134.620000,136.174000,136.174000,33642716
2017-08-31,136.531000,137.642000,136.484000,137.633000,137.633000,38480747
2017-09-01,137.783000,137.995000,137.077000,137.444000,137.444000,22293553
2017-09-05,137.021000,137.331000,135.185000,136.211000,136.211000,45480562
2017-09-06,136.559000,136.936000,135.637000,136.625000,136.625000,30722723
2017-09-07,136.880000,137.294000,136.447000,136.945000,136.945000,22721131
2017-09-08,136.767000,136.832000,135.618000,135.759000,135.759000,27890115
2017-09-11,136.785000,137.557000,136.785000,137.322000,137.322000,27126332
2017-09-12,137.680000,137.830000,137.002000,137.652000,137.652000,30256661
2017-09-13,137.397000,137.859000,137.190000,137.840000,137.840000,28450864
2017-09-14,137.303000,137.714000,136.945000,137.030000,137.030000,35296413
2017-09-15,137.030000,138.000000,136.776000,137.501000,137.501000,46422402
2017-09-18,137.623000,138.085000,136.897000,137.312000,137.312000,24858157
2017-09-19,137.557000,137.746000,137.085000,137.548000,137.548000,20871237
2017-09-20,137.501000,137.651000,136.067000,137.123000,137.123000,34236155
2017-09-21,137.029000,137.038000,135.802000,136.284000,136.284000,28841835
2017-09-22,135.850000,136.350000,135.713000,136.151000,136.151000,21702401
2017-09-25,135.614000,135.689000,134.057000,134.718000,134.718000,54947712
2017-09-26,135.387000,135.661000,134.595000,135.067000,135.067000,29628806
2017-09-27,135.784000,136.793000,135.444000,136.284000,136.284000,33249403
2017-09-28,135.982000,136.375000,135.642000,136.236000,136.236000,24149422
2017-09-29,136.510000,137.317000,136.151000,137.218000,137.218000,43102366
2017-10-02,137.425000,137.897000,136.727000,137.340000,137.340000,27351260
2017-10-03,137.491000,137.793000,137.218000,137.633000,137.633000,19715152
2017-10-04,137.359000,138.057000,137.236000,137.765000,137.765000,26381099
2017-10-05,138.246000,139.189000,138.120000,139.114000,139.114000,31562353
2017-10-06,138.651000,139.302000,138.642000,139.302000,139.302000,23561069
2017-10-09,139.491000,139.632000,138.963000,139.142000,139.142000,13704835
2017-10-10,139.604000,139.755000,138.633000,139.246000,139.246000,19223092
2017-10-11,139.180000,139.689000,139.001000,139.661000,139.661000,12439051
2017-10-12,139.472000,139.958000,139.260000,139.406000,139.406000,14513477
2017-10-13,140.001000,140.104000,139.413000,139.944000,139.944000,18409888
2017-10-16,140.284000,140.463000,139.994000,140.425000,140.425000,21809410
2017-10-17,140.368000,140.623000,140.161000,140.604000,140.604000,13138157
2017-10-18,140.765000,140.765000,140.227000,140.435000,140.435000,17218243
2017-10-19,139.642000,139.935000,138.935000,139.916000,139.916000,27680285
2017-10-20,140.482000,140.604000,140.123000,140.293000,140.293000,30173268
2017-10-23,140.576000,140.595000,139.180000,139.378000,139.378000,29297126
2017-10-24,139.623000,139.906000,139.095000,139.614000,139.614000,20289467
2017-10-25,139.340000,139.793000,138.048000,139.085000,139.085000,36179124
2017-10-26,139.019000,139.345000,138.604000,138.642000,138.642000,28230199
2017-10-27,140.878000,142.944000,140.755000,142.680000,142.680000,60165127
2017-10-30,142.529000,143.576000,142.444000,143.001000,143.001000,31733386
2017-10-31,143.435000,143.746000,143.048000,143.538000,143.538000,26319327
2017-11-01,144.104000,144.180000,142.925000,143.491000,143.491000,29481569
2017-11-02,143.321000,143.387000,142.236000,143.218000,143.218000,31017426
2017-11-03,143.765000,144.614000,143.246000,144.595000,144.595000,26199249
2017-11-06,144.463000,145.142000,144.435000,145.085000,145.085000,28693919
2017-11-07,144.972000,145.361000,144.661000,145.170000,145.170000,21333062
2017-11-08,145.104000,145.793000,144.925000,145.755000,145.755000,17373517
2017-11-09,144.585000,145.067000,143.501000,144.991000,144.991000,40594482
2017-11-10,144.680000,145.095000,144.397000,144.982000,144.982000,20150762
2017-11-13,144.453000,145.349000,144.435000,145.161000,145.161000,12522399
2017-11-14,144.633000,144.812000,143.935000,144.633000,144.633000,25173763
2017-11-15,143.972000,144.340000,143.189000,143.953000,143.953000,24808004
2017-11-16,144.699000,146.123000,144.652000,145.793000,145.793000,34790570
2017-11-17,145.831000,145.935000,145.095000,145.236000,145.236000,28725800
2017-11-20,145.359000,145.472000,144.916000,145.123000,145.123000,21143944
2017-11-21,145.812000,146.765000,145.741000,146.699000,146.699000,20147763
2017-11-22,146.821000,147.019000,146.549000,146.878000,146.878000,17299040
2017-11-24,147.038000,147.463000,146.944000,147.416000,147.416000,8280586
2017-11-27,147.359000,147.699000,147.010000,147.350000,147.350000,22653389
2017-11-28,147.661000,147.821000,146.887000,147.727000,147.727000,25227320
2017-11-29,147.595000,147.595000,144.453000,145.152000,145.152000,71986338
2017-11-30,145.718000,146.652000,145.420000,146.369000,146.369000,56595465
2017-12-01,145.463000,146.453000,143.642000,145.746000,145.746000,59015828
2017-12-04,146.670000,146.817000,143.925000,144.067000,144.067000,51319146
2017-12-05,144.001000,145.802000,143.491000,144.161000,144.161000,40604211
2017-12-06,143.642000,145.034000,143.453000,144.812000,144.812000,28647769
2017-12-07,144.802000,145.718000,144.652000,145.302000,145.302000,32666207
2017-12-08,146.321000,146.727000,145.718000,145.944000,145.944000,28081666
2017-12-11,146.001000,147.123000,146.001000,147.076000,147.076000,20821528
2017-12-12,146.991000,147.312000,146.567000,146.878000,146.878000,20310252
2017-12-13,147.435000,147.633000,146.944000,147.161000,147.161000,24418479
2017-12-14,147.435000,147.793000,146.897000,147.057000,147.057000,24594682
2017-12-15,147.633000,148.887000,147.387000,148.727000,148.727000,49816151
2017-12-18,149.647000,150.101000,149.439000,149.978000,149.978000,26844519
2017-12-19,149.695000,149.846000,148.674000,149.090000,149.090000,31414968
2017-12-20,149.610000,149.638000,148.343000,148.929000,148.929000,38972602
2017-12-21,149.118000,149.610000,148.778000,148.948000,148.948000,18638679
2017-12-22,148.721000,148.836000,148.381000,148.778000,148.778000,23330440
2017-12-26,147.983000,148.163000,147.435000,147.974000,147.974000,21918720
2017-12-27,147.974000,148.390000,147.851000,147.993000,147.993000,22388186
2017-12-28,148.475000,148.490000,147.993000,148.173000,148.173000,25393825
2017-12-29,148.333000,148.333000,147.199000,147.256000,147.256000,33185962
2018-01-02,147.955000,149.870000,147.643000,149.836000,149.836000,32573272
2018-01-03,149.950000,151.425000,149.950000,151.292000,151.292000,29383557
2018-01-04,151.822000,152.011000,151.342000,151.557000,151.557000,24776125
2018-01-05,152.247000,153.183000,151.992000,153.079000,153.079000,26992340
2018-01-08,153.060000,153.750000,153.022000,153.675000,153.675000,23159061
2018-01-09,153.958000,154.138000,153.221000,153.684000,153.684000,24782448
2018-01-10,152.966000,153.353000,152.323000,153.325000,153.325000,34004028
2018-01-11,153.609000,154.384000,153.353000,154.374000,154.374000,20473518
2018-01-12,154.129000,155.670000,154.043000,155.509000,155.509000,37762708
2018-01-16,156.511000,157.329000,154.601000,155.065000,155.065000,41231849
2018-01-17,155.774000,156.974000,155.044000,156.738000,156.738000,33849879
2018-01-18,156.511000,157.125000,156.119000,156.766000,156.766000,26432166
2018-01-19,157.239000,157.513000,156.497000,157.258000,157.258000,38937588
2018-01-22,157.192000,158.941000,157.021000,158.941000,158.941000,26081388
2018-01-23,159.432000,160.397000,159.352000,160.255000,160.255000,37989650
2018-01-24,160.538000,160.945000,158.298000,159.215000,159.215000,54287377
2018-01-25,160.293000,160.368000,158.648000,159.158000,159.158000,28924956
2018-01-26,160.028000,161.618000,159.735000,161.597000,161.597000,32038184
2018-01-29,161.210000,161.578000,160.472000,160.813000,160.813000,37277849
2018-01-30,159.347000,160.170000,158.657000,159.489000,159.489000,44987688
2018-01-31,160.406000,160.708000,159.149000,160.151000,160.151000,42449199
2018-02-01,158.941000,160.463000,158.279000,158.789000,158.789000,38037875
2018-02-02,158.203000,158.544000,155.490000,155.622000,155.622000,68478082
2018-02-05,154.223000,156.700000,149.373000,149.487000,149.487000,105372224
2018-02-06,147.445000,153.637000,146.632000,153.448000,153.448000,118537891
2018-02-07,152.956000,154.620000,151.453000,151.463000,151.463000,91028328
2018-02-08,151.916000,152.020000,145.072000,145.072000,145.072000,94184831
2018-02-09,147.161000,148.655000,141.928000,147.577000,147.577000,113836554
2018-02-12,149.061000,151.217000,147.917000,150.196000,150.196000,63050637
2018-02-13,149.354000,151.273000,149.108000,150.971000,150.971000,31785595
2018-02-14,150.120000,154.034000,149.373000,153.798000,153.798000,52107431
2018-02-15,155.178000,156.653000,153.571000,156.653000,156.653000,51633887
2018-02-16,156.161000,157.650000,155.688000,155.953000,155.953000,62256291
2018-02-20,155.414000,157.579000,155.339000,156.265000,156.265000,36785626
2018-02-21,156.993000,158.562000,155.726000,155.821000,155.821000,41161779
2018-02-22,156.502000,157.333000,155.402000,155.802000,155.802000,37074413
2018-02-23,156.993000,158.988000,156.416000,158.988000,158.988000,50096916
2018-02-26,159.706000,161.096000,159.602000,161.096000,161.096000,39266658
2018-02-27,161.115000,161.408000,159.026000,159.101000,159.101000,42209873
2018-02-28,160.009000,160.529000,157.976000,158.080000,158.080000,42936334
2018-03-01,158.156000,158.893000,154.101000,155.499000,155.499000,76809904
2018-03-02,153.713000,157.201000,153.117000,156.927000,156.927000,57445063
2018-03-05,156.237000,159.073000,155.603000,158.666000,158.666000,38540207
2018-03-06,159.404000,159.877000,158.336000,159.338000,159.338000,29480927
2018-03-07,158.128000,159.839000,157.844000,159.706000,159.706000,34609407
2018-03-08,160.283000,160.699000,159.725000,160.586000,160.586000,25828371
2018-03-09,161.758000,163.705000,161.493000,163.705000,163.705000,38310546
2018-03-12,164.169000,164.953000,163.819000,164.575000,164.575000,37634971
2018-03-13,165.256000,165.644000,161.915000,162.335000,162.335000,55638925
2018-03-14,163.157000,163.308000,161.597000,162.306000,162.306000,40536383
2018-03-15,162.448000,163.110000,161.569000,162.164000,162.164000,28810366
2018-03-16,162.401000,162.798000,161.602000,161.682000,161.682000,31176742
2018-03-19,160.195000,160.251000,156.860000,158.244000,158.244000,71395061
2018-03-20,158.244000,159.134000,157.780000,158.765000,158.765000,34075664
2018-03-21,158.367000,159.816000,157.382000,158.073000,158.073000,43863543
2018-03-22,155.971000,156.984000,153.973000,154.172000,154.172000,66607288
2018-03-23,153.982000,154.645000,150.033000,150.109000,150.109000,80110392
2018-03-26,153.111000,155.876000,150.725000,155.687000,155.687000,57481503
2018-03-27,156.823000,156.842000,149.323000,150.649000,150.649000,78889105
2018-03-28,149.863000,151.312000,147.770000,148.916000,148.916000,89369655
2018-03-29,149.749000,153.139000,148.332000,151.643000,151.643000,68692566
2018-04-02,150.573000,151.274000,145.724000,147.268000,147.268000,85549443
2018-04-03,148.603000,149.550000,146.255000,148.925000,148.925000,64090049
2018-04-04,146.094000,151.738000,145.876000,151.274000,151.274000,65768692
2018-04-05,152.780000,153.016000,151.028000,152.136000,152.136000,43054868
2018-04-06,150.516000,151.956000,147.618000,148.329000,148.329000,59870865
2018-04-09,149.635000,152.353000,149.115000,149.370000,149.370000,41810380
2018-04-10,151.643000,153.158000,150.639000,152.666000,152.666000,48601323
2018-04-11,151.709000,153.414000,151.615000,151.785000,151.785000,41622139
2018-04-12,152.751000,154.143000,152.619000,153.613000,153.613000,30467889
2018-04-13,154.370000,154.607000,152.154000,152.817000,152.817000,44604892
2018-04-16,153.840000,154.541000,152.922000,153.982000,153.982000,28180780
2018-04-17,155.488000,157.637000,155.223000,157.297000,157.297000,35536087
2018-04-18,157.316000,158.149000,156.549000,157.619000,157.619000,29573880
2018-04-19,156.871000,157.193000,155.630000,156.170000,156.170000,34705692
2018-04-20,155.772000,155.886000,153.158000,153.698000,153.698000,49197140
2018-04-23,154.437000,155.052000,152.486000,153.310000,153.310000,33040646
2018-04-24,154.001000,154.271000,149.048000,150.062000,150.062000,70256751
2018-04-25,150.384000,150.867000,148.177000,150.242000,150.242000,52089323
2018-04-26,152.202000,153.916000,151.690000,153.405000,153.405000,43005532
2018-04-27,155.639000,155.696000,152.628000,153.499000,153.499000,51043406
2018-04-30,153.869000,154.816000,152.031000,152.410000,152.410000,35615273
2018-05-01,152.012000,154.172000,151.653000,154.153000,154.153000,36513529
2018-05-02,154.456000,154.901000,153.064000,153.244000,153.244000,38646842
2018-05-03,152.543000,153.793000,150.781000,153.225000,153.225000,60337134
2018-05-04,152.571000,156.492000,152.448000,156.132000,156.132000,41543243
2018-05-07,156.861000,157.941000,156.738000,157.429000,157.429000,32500152
2018-05-08,157.041000,157.609000,156.122000,157.268000,157.268000,26040170
2018-05-09,157.581000,159.096000,156.994000,158.982000,158.982000,29122718
2018-05-10,159.503000,160.744000,159.371000,160.630000,160.630000,27067597
2018-05-11,160.374000,160.857000,159.778000,160.479000,160.479000,24688847
2018-05-14,160.838000,161.767000,160.488000,160.753000,160.753000,21821749
2018-05-15,159.475000,159.570000,158.130000,158.973000,158.973000,49361638
2018-05-16,159.191000,160.393000,159.105000,160.024000,160.024000,22941159
2018-05-17,159.475000,160.621000,158.632000,159.409000,159.409000,27480164
2018-05-18,158.821000,159.342000,158.348000,158.585000,158.585000,26217939
2018-05-21,159.787000,160.517000,158.793000,159.475000,159.475000,22954565
2018-05-22,160.185000,160.469000,158.982000,159.266000,159.266000,19477721
2018-05-23,158.054000,160.630000,158.035000,160.611000,160.611000,26557835
2018-05-24,160.573000,160.848000,158.944000,160.564000,160.564000,27696539
2018-05-25,160.554000,161.303000,160.242000,160.725000,160.725000,27460536
2018-05-29,159.958000,160.914000,159.058000,160.015000,160.015000,41220468
2018-05-30,160.640000,161.445000,160.251000,161.160000,161.160000,22665836
2018-05-31,161.113000,162.126000,160.640000,161.056000,161.056000,35670946
2018-06-01,161.823000,163.679000,161.814000,163.585000,163.585000,45543331
2018-06-04,163.983000,165.100000,163.897000,165.062000,165.062000,20459634
2018-06-05,165.431000,165.848000,164.840000,165.573000,165.573000,24779284
2018-06-06,165.748000,166.568000,164.911000,166.539000,166.539000,25036647
2018-06-07,166.587000,166.606000,164.352000,165.185000,165.185000,39600316
2018-06-08,164.371000,165.612000,164.001000,165.195000,165.195000,31780348
2018-06-11,165.062000,166.047000,165.043000,165.640000,165.640000,22319709
2018-06-12,165.867000,166.672000,165.687000,166.511000,166.511000,22511832
2018-06-13,166.757000,167.752000,166.132000,166.502000,166.502000,37858584
2018-06-14,167.259000,168.462000,167.146000,168.187000,168.187000,35915978
2018-06-15,167.600000,167.927000,166.776000,167.600000,167.600000,49615730
2018-06-18,166.578000,167.641000,166.018000,167.499000,167.499000,31633192
2018-06-19,165.373000,167.062000,164.851000,167.024000,167.024000,38235994
2018-06-20,167.774000,168.903000,167.641000,168.210000,168.210000,33038042
2018-06-21,168.628000,168.808000,166.426000,166.749000,166.749000,43469439
2018-06-22,167.318000,167.374000,165.781000,166.379000,166.379000,30073187
2018-06-25,164.898000,165.117000,161.150000,162.630000,162.630000,77799725
2018-06-26,163.219000,164.233000,162.630000,163.294000,163.294000,39008146
2018-06-27,163.959000,164.727000,160.960000,161.074000,161.074000,52843497
2018-06-28,160.874000,163.010000,160.542000,162.459000,162.459000,46407708
2018-06-29,163.228000,164.101000,162.654000,162.896000,162.896000,36408464
2018-07-02,161.368000,164.035000,161.017000,163.987000,163.987000,31770026
2018-07-03,164.566000,164.604000,161.928000,162.089000,162.089000,25512707
2018-07-05,163.143000,164.234000,162.307000,164.101000,164.101000,31626198
2018-07-06,164.471000,166.777000,164.177000,166.654000,166.654000,37005574
2018-07-09,167.489000,168.191000,166.853000,168.153000,168.153000,27362061
2018-07-10,168.362000,168.656000,167.698000,168.277000,168.277000,23902488
2018-07-11,166.986000,168.039000,166.834000,167.423000,167.423000,30280553
2018-07-12,168.172000,170.308000,168.049000,170.308000,170.308000,27930119
2018-07-13,170.270000,170.725000,169.824000,170.450000,170.450000,28067961
2018-07-16,170.478000,170.773000,169.757000,170.042000,170.042000,21405310
2018-07-17,168.258000,171.437000,168.239000,171.076000,171.076000,31034075
2018-07-18,171.086000,171.238000,170.232000,170.754000,170.754000,23220839
2018-07-19,170.194000,170.706000,169.700000,169.899000,169.899000,31094145
2018-07-20,170.412000,170.981000,169.672000,169.862000,169.862000,35907619
2018-07-23,169.349000,170.478000,168.675000,170.402000,170.402000,22184720
2018-07-24,172.139000,172.765000,170.402000,171.105000,171.105000,36900281
2018-07-25,171.162000,173.601000,171.095000,173.496000,173.496000,36022078
2018-07-26,171.152000,171.693000,170.640000,170.867000,170.867000,40873485
2018-07-27,172.016000,172.063000,167.593000,168.561000,168.561000,59456093
2018-07-30,168.599000,168.666000,165.382000,166.179000,166.179000,60192990
2018-07-31,166.787000,168.096000,165.904000,167.451000,167.451000,47285135
2018-08-01,167.850000,168.590000,167.116000,168.087000,168.087000,37101925
2018-08-02,166.901000,170.573000,166.825000,170.374000,170.374000,47178229
2018-08-03,170.630000,170.905000,169.947000,170.896000,170.896000,28934445
2018-08-06,170.792000,171.949000,170.573000,171.902000,171.902000,24808763
2018-08-07,172.367000,172.851000,172.016000,172.528000,172.528000,29895664
2018-08-08,172.291000,173.050000,171.826000,172.737000,172.737000,22680749
2018-08-09,172.661000,173.316000,172.376000,172.633000,172.633000,18852898
2018-08-10,171.465000,171.978000,170.668000,171.313000,171.313000,33818464
2018-08-13,171.627000,172.727000,171.049000,171.124000,171.124000,26089195
2018-08-14,171.778000,172.395000,170.858000,172.196000,172.196000,20913021
2018-08-15,170.905000,171.370000,169.036000,170.089000,170.089000,58528016
2018-08-16,171.361000,171.760000,170.317000,170.649000,170.649000,27711761
2018-08-17,170.213000,171.114000,169.176000,170.687000,170.687000,36092641
2018-08-20,171.086000,171.129000,169.871000,170.535000,170.535000,24938956
2018-08-21,171.067000,172.187000,170.943000,171.162000,171.162000,26258657
2018-08-22,170.782000,172.025000,170.583000,171.826000,171.826000,18042380
2018-08-23,171.551000,172.761000,171.295000,171.579000,171.579000,25776166
2018-08-24,172.149000,173.316000,172.111000,173.174000,173.174000,23136113
2018-08-27,174.075000,174.939000,173.771000,174.939000,174.939000,29343552
2018-08-28,175.375000,175.584000,174.825000,175.195000,175.195000,20277036
2018-08-29,175.480000,177.311000,175.432000,177.216000,177.216000,29175591
2018-08-30,176.903000,177.956000,176.315000,176.903000,176.903000,29315453
2018-08-31,176.685000,177.634000,176.495000,177.131000,177.131000,28653248
2018-09-04,176.609000,176.894000,175.423000,176.372000,176.372000,29063537
2018-09-05,176.087000,176.087000,173.496000,174.094000,174.094000,42623326
2018-09-06,174.179000,174.379000,171.370000,172.538000,172.538000,46091403
2018-09-07,171.323000,173.354000,171.238000,171.873000,171.873000,46629495
2018-09-10,172.832000,172.955000,171.508000,172.452000,172.452000,26131977
2018-09-11,171.741000,174.066000,171.313000,173.781000,173.781000,30116460
2018-09-12,173.544000,173.648000,171.778000,173.268000,173.268000,36203973
2018-09-13,174.303000,175.451000,174.274000,175.119000,175.119000,31133188
2018-09-14,175.242000,175.513000,173.914000,174.607000,174.607000,31224132
2018-09-17,174.293000,174.436000,171.930000,172.092000,172.092000,33071197
2018-09-18,172.262000,174.360000,172.149000,173.515000,173.515000,31877347
2018-09-19,173.534000,173.952000,172.253000,173.382000,173.382000,31843377
2018-09-20,174.569000,175.537000,174.160000,175.299000,175.299000,33295820
2018-09-21,175.821000,176.021000,174.123000,174.341000,174.341000,38605353
2018-09-24,173.075000,174.891000,172.362000,174.824000,174.824000,34945602
2018-09-25,174.720000,175.195000,174.149000,175.062000,175.062000,25277520
2018-09-26,175.166000,176.821000,174.838000,175.185000,175.185000,36210571
2018-09-27,175.918000,177.296000,175.803000,176.669000,176.669000,33113269
2018-09-28,176.117000,177.096000,175.851000,176.631000,176.631000,28076843
2018-10-01,177.610000,178.285000,176.545000,176.992000,176.992000,27371297
2018-10-02,176.783000,177.947000,176.184000,176.593000,176.593000,25618608
2018-10-03,177.325000,177.752000,176.507000,176.783000,176.783000,29128683
2018-10-04,176.089000,176.184000,172.134000,173.389000,173.389000,80557283
2018-10-05,173.398000,173.950000,169.633000,171.269000,171.269000,83325630
2018-10-08,170.527000,171.737000,168.207000,170.223000,170.223000,66864481
2018-10-09,170.365000,172.096000,169.938000,170.774000,170.774000,49097949
2018-10-10,169.728000,169.814000,163.045000,163.264000,163.264000,114471052
2018-10-11,162.608000,164.851000,159.537000,161.239000,161.239000,143084463
2018-10-12,165.412000,166.239000,162.506000,165.726000,165.726000,102078388
2018-10-15,165.127000,165.460000,163.102000,163.720000,163.720000,64885255
2018-10-16,165.441000,168.892000,165.137000,168.483000,168.483000,71979688
2018-10-17,169.358000,169.470000,166.819000,168.550000,168.550000,66987639
2018-10-18,167.894000,167.970000,163.939000,164.642000,164.642000,82486208
2018-10-19,165.793000,167.390000,163.891000,164.490000,164.490000,82923733
2018-10-22,165.479000,166.609000,164.081000,165.336000,165.336000,52909281
2018-10-23,162.370000,165.545000,160.497000,164.728000,164.728000,77566972
2018-10-24,164.585000,164.813000,156.904000,157.189000,157.189000,102997449
2018-10-25,159.708000,163.596000,158.919000,162.627000,162.627000,83481070
2018-10-26,157.094000,161.581000,156.133000,158.444000,158.444000,130970908
2018-10-29,160.820000,161.486000,152.198000,155.183000,155.183000,111871933
2018-10-30,154.774000,157.849000,154.028000,157.740000,157.740000,92583965
2018-10-31,160.240000,162.807000,160.231000,161.448000,161.448000,73828635
2018-11-01,161.695000,163.749000,160.459000,163.577000,163.577000,52706823
2018-11-02,163.074000,164.043000,159.927000,161.030000,161.030000,75966781
2018-11-05,161.248000,161.296000,158.843000,160.630000,160.630000,39573533
2018-11-06,160.602000,162.750000,160.402000,161.847000,161.847000,34410390
2018-11-07,163.758000,166.924000,163.397000,166.924000,166.924000,51169614
2018-11-08,166.144000,166.660000,165.070000,165.859000,165.859000,40296538
2018-11-09,164.309000,164.709000,161.771000,163.064000,163.064000,50602710
2018-11-12,161.933000,162.227000,157.987000,158.130000,158.130000,62578371
2018-11-13,158.910000,161.125000,157.816000,158.263000,158.263000,64128079
2018-11-14,159.803000,160.383000,156.152000,157.056000,157.056000,75270714
2018-11-15,156.713000,160.231000,155.401000,159.803000,159.803000,73254349
2018-11-16,158.282000,160.012000,157.607000,159.242000,159.242000,65390675
2018-11-19,158.520000,158.672000,153.576000,154.070000,154.070000,67280478
2018-11-20,150.562000,153.424000,149.383000,151.313000,151.313000,102652794
2018-11-21,153.338000,153.985000,151.382000,152.464000,152.464000,42965839
2018-11-23,151.247000,152.911000,151.247000,151.361000,151.361000,23503729
2018-11-26,153.481000,154.936000,152.835000,154.860000,154.860000,42012633
2018-11-27,154.013000,155.772000,153.234000,155.382000,155.382000,36608063
2018-11-28,156.504000,160.383000,155.413000,160.383000,160.383000,70140986
2018-11-29,159.718000,160.915000,158.596000,159.860000,159.860000,44885711
2018-11-30,160.079000,161.115000,159.280000,161.020000,161.020000,36722760
2018-12-03,164.566000,164.766000,161.153000,163.834000,163.834000,50771695
2018-12-04,162.931000,163.435000,157.360000,157.550000,157.550000,70594743
2018-12-06,154.451000,158.681000,153.795000,158.662000,158.662000,71715526
2018-12-07,157.940000,158.881000,152.930000,153.424000,153.424000,80432176
2018-12-10,153.167000,155.706000,151.551000,155.031000,155.031000,73960758
2018-12-11,157.493000,157.598000,154.232000,155.544000,155.544000,59058296
2018-12-12,157.873000,159.337000,156.827000,156.913000,156.913000,53779992
2018-12-13,157.873000,158.596000,155.943000,156.961000,156.961000,46377864
2018-12-14,155.145000,155.734000,152.777000,153.139000,153.139000,56547419
2018-12-17,152.502000,153.700000,148.471000,149.669000,149.669000,74834076
2018-12-18,150.848000,152.064000,149.298000,150.610000,150.610000,63642120
2018-12-19,150.439000,152.797000,145.780000,146.912000,146.912000,81856456
2018-12-20,146.560000,148.186000,142.976000,144.782000,144.782000,99002139
2018-12-21,145.514000,146.493000,139.487000,140.295000,140.295000,141129408
2018-12-24,139.330000,141.084000,136.775000,136.813000,136.813000,56163290
2018-12-26,138.357000,145.432000,137.375000,145.355000,145.355000,98982064
2018-12-27,143.553000,146.042000,140.226000,145.918000,145.918000,85824343
2018-12-28,146.833000,148.340000,144.650000,145.842000,145.842000,77856625
2018-12-31,147.272000,147.758000,145.594000,147.071000,147.071000,53015313
2019-01-02,143.954000,148.492000,143.849000,147.663000,147.663000,58576672
2019-01-03,145.489000,146.118000,142.524000,142.838000,142.838000,74820225
2019-01-04,145.088000,149.684000,144.669000,148.950000,148.950000,74709320
2019-01-07,149.245000,151.457000,148.835000,150.723000,150.723000,52059331
2019-01-08,152.125000,152.649000,149.874000,152.086000,152.086000,49388694
2019-01-09,152.687000,153.996000,152.039000,153.326000,153.326000,46491747
2019-01-10,152.153000,153.850000,151.305000,153.764000,153.764000,38943414
2019-01-11,152.849000,153.364000,152.344000,153.202000,153.202000,30176643
2019-01-14,151.896000,152.506000,151.200000,151.848000,151.848000,30710234
2019-01-15,152.515000,155.023000,152.458000,154.813000,154.813000,40874224
2019-01-16,155.051000,156.148000,154.727000,154.784000,154.784000,33812190
2019-01-17,154.298000,156.701000,154.041000,156.005000,156.005000,39328959
2019-01-18,157.158000,158.283000,156.186000,157.549000,157.549000,57183243
2019-01-22,156.405000,156.491000,153.269000,154.394000,154.394000,56711694
2019-01-23,155.185000,155.890000,152.849000,154.594000,154.594000,38106062
2019-01-24,155.080000,155.824000,154.510000,155.595000,155.595000,32413351
2019-01-25,156.815000,157.931000,156.310000,157.454000,157.454000,36466069
2019-01-28,155.433000,155.519000,154.212000,155.509000,155.509000,33491216
2019-01-29,155.595000,155.633000,153.488000,154.041000,154.041000,30784175
2019-01-30,155.776000,158.531000,155.299000,157.959000,157.959000,41346533
2019-01-31,158.884000,161.115000,158.713000,160.324000,160.324000,37258361
2019-02-01,159.571000,160.743000,159.208000,159.647000,159.647000,32143672
2019-02-04,159.704000,161.630000,159.532000,161.630000,161.630000,26718781
2019-02-05,161.840000,163.251000,161.782000,163.060000,163.060000,28156368
2019-02-06,163.089000,163.384000,161.840000,162.574000,162.574000,27970006
2019-02-07,161.153000,161.554000,159.170000,160.390000,160.390000,42036193
2019-02-08,158.960000,160.734000,158.808000,160.705000,160.705000,29020747
2019-02-11,161.258000,161.678000,160.152000,160.553000,160.553000,21434088
2019-02-12,161.687000,163.165000,161.439000,162.927000,162.927000,29722073
2019-02-13,163.623000,164.137000,162.860000,163.041000,163.041000,26094136
2019-02-14,162.440000,163.823000,161.916000,163.241000,163.241000,30326830
2019-02-15,164.471000,164.521000,163.164000,163.928000,163.928000,32521685
2019-02-19,163.403000,164.748000,163.394000,164.252000,164.252000,19487679
2019-02-20,164.395000,165.014000,163.336000,164.223000,164.223000,32592995
2019-02-21,163.766000,164.233000,162.755000,163.623000,163.623000,25207401
2019-02-22,163.966000,164.948000,163.889000,164.833000,164.833000,27735358
2019-02-25,166.082000,166.521000,165.320000,165.434000,165.434000,32608754
2019-02-26,164.976000,166.130000,164.757000,165.606000,165.606000,21939717
2019-02-27,164.862000,165.701000,163.756000,165.501000,165.501000,25162014
2019-02-28,164.976000,165.710000,164.652000,165.119000,165.119000,25085470
2019-03-01,166.282000,166.511000,165.110000,166.263000,166.263000,31431156
2019-03-04,167.198000,167.598000,164.433000,166.292000,166.292000,38063458
2019-03-05,166.387000,166.926000,165.591000,166.416000,166.416000,22319863
2019-03-06,166.540000,166.607000,165.205000,165.472000,165.472000,27194581
2019-03-07,165.024000,165.110000,162.831000,163.441000,163.441000,39407443
2019-03-08,161.611000,163.279000,161.446000,163.193000,163.193000,39303225
2019-03-11,163.851000,166.702000,163.842000,166.588000,166.588000,30518408
2019-03-12,167.007000,167.932000,166.627000,167.503000,167.503000,33953500
2019-03-13,168.370000,169.638000,168.132000,168.761000,168.761000,42426135
2019-03-14,168.861000,169.076000,168.428000,168.475000,168.475000,23751477
2019-03-15,169.162000,170.544000,169.019000,170.039000,170.039000,38191958
2019-03-18,169.960000,170.953000,169.618000,170.438000,170.438000,32935125
2019-03-19,171.116000,171.918000,170.285000,171.011000,171.011000,36893341
2019-03-20,171.020000,172.739000,170.237000,171.689000,171.689000,50104996
2019-03-21,171.192000,174.621000,171.154000,174.373000,174.373000,42428481
2019-03-22,173.599000,174.086000,170.361000,170.543000,170.543000,70794543
2019-03-25,169.931000,170.810000,168.986000,170.218000,170.218000,46336524
2019-03-26,171.517000,172.577000,170.142000,171.011000,171.011000,33248121
2019-03-27,171.221000,171.651000,168.671000,169.912000,169.912000,37096697
2019-03-28,170.352000,170.944000,169.282000,170.304000,170.304000,30368235
2019-03-29,171.565000,171.756000,170.571000,171.593000,171.593000,35205511
2019-04-01,173.274000,174.077000,172.653000,173.866000,173.866000,30969472
2019-04-02,174.048000,174.693000,173.618000,174.525000,174.525000,22645151
2019-04-03,175.490000,176.617000,174.983000,175.528000,175.528000,31633476
2019-04-04,175.557000,176.216000,174.449000,175.461000,175.461000,28530828
2019-04-05,176.025000,176.474000,175.756000,176.369000,176.369000,25674660
2019-04-08,176.092000,176.961000,175.385000,176.818000,176.818000,22697543
2019-04-09,176.216000,176.799000,175.824000,176.197000,176.197000,25631886
2019-04-10,176.455000,177.200000,176.235000,177.142000,177.142000,24562958
2019-04-11,177.429000,177.438000,176.397000,176.722000,176.722000,20654094
2019-04-12,177.515000,177.601000,176.751000,177.486000,177.486000,24989136
2019-04-15,177.467000,177.715000,176.331000,177.515000,177.515000,21073046
2019-04-16,178.136000,178.518000,177.582000,178.126000,178.126000,27195709
2019-04-17,179.320000,179.492000,178.222000,178.747000,178.747000,29651575
2019-04-18,179.062000,179.359000,177.926000,178.976000,178.976000,28580864
2019-04-22,178.164000,179.549000,178.059000,179.482000,179.482000,17936033
2019-04-23,179.912000,181.985000,179.683000,181.765000,181.765000,33665561
2019-04-24,181.889000,182.147000,181.135000,181.192000,181.192000,24977108
2019-04-25,182.567000,182.634000,180.944000,181.927000,181.927000,29517497
2019-04-26,181.660000,182.128000,180.122000,182.090000,182.090000,26359537
2019-04-29,182.061000,182.730000,181.794000,182.443000,182.443000,21716242
2019-04-30,180.972000,181.326000,179.759000,181.030000,181.030000,31495277
2019-05-01,182.195000,182.730000,180.318000,180.447000,180.447000,34797109
2019-05-02,180.399000,181.326000,178.480000,179.664000,179.664000,44110122
2019-05-03,181.173000,182.663000,180.829000,182.529000,182.529000,30386180
2019-05-06,178.699000,181.660000,178.374000,181.412000,181.412000,38371777
2019-05-07,179.425000,180.199000,176.226000,177.878000,177.878000,58818134
2019-05-08,177.343000,178.766000,176.655000,177.429000,177.429000,37165319
2019-05-09,175.509000,177.087000,173.914000,176.474000,176.474000,55351668
2019-05-10,175.796000,177.544000,172.902000,176.694000,176.694000,58526402
2019-05-13,172.205000,173.121000,170.065000,170.562000,170.562000,67185766
2019-05-14,171.450000,173.475000,170.829000,172.434000,172.434000,43360636
2019-05-15,171.335000,175.309000,171.259000,174.869000,174.869000,40944547
2019-05-16,174.888000,177.715000,174.736000,176.627000,176.627000,39281157
2019-05-17,174.879000,177.249000,174.669000,174.822000,174.822000,44702276
2019-05-20,172.405000,173.045000,171.288000,171.870000,171.870000,38608294
2019-05-21,173.351000,174.143000,172.797000,173.666000,173.666000,31613790
2019-05-22,172.692000,173.895000,172.634000,172.892000,172.892000,24332550
2019-05-23,170.963000,170.985000,169.186000,170.247000,170.247000,45351309
2019-05-24,171.249000,171.775000,169.950000,170.161000,170.161000,25903267
2019-05-28,170.648000,171.593000,169.502000,169.521000,169.521000,24763823
2019-05-29,168.527000,169.053000,167.228000,168.126000,168.126000,42178772
2019-05-30,168.613000,169.311000,167.878000,168.833000,168.833000,30354790
2019-05-31,166.866000,167.419000,166.063000,166.140000,166.140000,45446206
2019-06-03,165.729000,166.140000,161.670000,162.482000,162.482000,75842290
2019-06-04,164.258000,167.114000,163.675000,167.057000,167.057000,47797848
2019-06-05,168.671000,168.680000,166.550000,168.298000,168.298000,34412697
2019-06-06,168.594000,170.046000,167.840000,169.635000,169.635000,29913205
2019-06-07,170.485000,173.605000,170.323000,172.911000,172.911000,45888345
2019-06-10,174.048000,176.550000,174.029000,174.927000,174.927000,41385280
2019-06-11,176.760000,177.076000,174.573000,175.165000,175.165000,41260320
2019-06-12,174.669000,175.051000,173.828000,174.153000,174.153000,27758120
2019-06-13,174.898000,175.614000,174.535000,175.184000,175.184000,23715829
2019-06-14,174.248000,174.888000,173.771000,174.439000,174.439000,22844089
2019-06-17,174.793000,175.977000,174.626000,175.490000,175.490000,20379476
2019-06-18,177.534000,179.291000,177.103000,178.040000,178.040000,48177301
2019-06-19,178.346000,179.110000,177.238000,178.709000,178.709000,31672855
2019-06-20,181.202000,181.240000,178.755000,180.371000,180.371000,40921964
2019-06-21,180.103000,181.249000,179.725000,180.103000,180.103000,39980418
2019-06-24,180.470000,180.662000,180.030000,180.126000,180.126000,19375205
2019-06-25,180.030000,180.106000,176.765000,177.033000,177.033000,33921112
2019-06-26,178.182000,179.331000,177.570000,177.857000,177.857000,22595721
2019-06-27,178.508000,178.958000,178.048000,178.536000,178.536000,19709228
2019-06-28,178.967000,179.159000,178.125000,178.766000,178.766000,21179248
2019-07-01,182.174000,182.433000,180.336000,181.179000,181.179000,31193393
2019-07-02,181.112000,181.916000,180.604000,181.897000,181.897000,18035768
2019-07-03,182.318000,183.266000,182.165000,183.266000,183.266000,15792067
2019-07-05,182.031000,183.227000,181.303000,182.892000,182.892000,21415620
2019-07-08,181.753000,181.763000,180.863000,181.609000,181.609000,17598826
2019-07-09,180.729000,182.749000,180.595000,182.519000,182.519000,19193497
2019-07-10,183.601000,184.845000,183.294000,184.338000,184.338000,28374513
2019-07-11,184.644000,185.084000,183.620000,184.204000,184.204000,23736122
2019-07-12,184.405000,185.276000,184.232000,185.266000,185.266000,20211883
2019-07-15,185.687000,185.898000,185.180000,185.860000,185.860000,15606074
2019-07-16,185.582000,185.802000,184.338000,184.902000,184.902000,20190891
2019-07-17,184.950000,185.228000,183.974000,183.993000,183.993000,16765069
2019-07-18,183.131000,184.558000,182.548000,184.204000,184.204000,29066336
2019-07-19,185.544000,185.553000,182.662000,182.854000,182.854000,29387945
2019-07-22,183.323000,184.701000,183.266000,184.309000,184.309000,18953596
2019-07-23,185.314000,185.534000,184.079000,185.515000,185.515000,23786726
2019-07-24,184.826000,186.827000,184.788000,186.817000,186.817000,20422872
2019-07-25,186.176000,186.214000,184.692000,185.046000,185.046000,23434744
2019-07-26,186.214000,187.200000,186.128000,186.951000,186.951000,20431243
2019-07-29,186.846000,186.846000,185.132000,186.310000,186.310000,20451652
2019-07-30,184.912000,186.233000,184.749000,185.506000,185.506000,18705006
2019-07-31,186.013000,186.128000,181.236000,182.940000,182.940000,41627473
2019-08-01,183.333000,186.654000,181.150000,182.031000,182.031000,63251648
2019-08-02,180.757000,180.920000,178.259000,179.350000,179.350000,55214006
2019-08-05,175.674000,175.674000,171.548000,173.013000,173.013000,75039971
2019-08-06,174.592000,175.952000,173.338000,175.435000,175.435000,41897249
2019-08-07,173.578000,176.631000,172.209000,176.383000,176.383000,49990586
2019-08-08,177.244000,180.279000,176.689000,180.221000,180.221000,38418084
2019-08-09,179.321000,179.972000,177.129000,178.527000,178.527000,33608926
2019-08-12,177.426000,177.962000,175.665000,176.478000,176.478000,24642870
2019-08-13,176.402000,181.581000,176.162000,180.346000,180.346000,40473043
2019-08-14,177.397000,178.010000,174.631000,174.956000,174.956000,51000548
2019-08-15,175.291000,175.751000,173.424000,174.755000,174.755000,36848178
2019-08-16,176.249000,178.010000,176.239000,177.560000,177.560000,34785006
2019-08-19,180.001000,180.767000,179.494000,180.384000,180.384000,22568634
2019-08-20,179.972000,180.580000,178.939000,178.986000,178.986000,19939552
2019-08-21,180.604000,181.150000,179.934000,180.575000,180.575000,20745478
2019-08-22,180.911000,181.370000,178.575000,179.992000,179.992000,24270520
2019-08-23,178.785000,180.403000,173.807000,174.296000,174.296000,55442893
2019-08-26,176.325000,176.976000,175.262000,176.928000,176.928000,27689838
2019-08-27,178.134000,178.460000,175.866000,176.555000,176.555000,28080093
2019-08-28,175.990000,177.483000,175.100000,177.187000,177.187000,21848789
2019-08-29,179.369000,180.409000,178.704000,179.896000,179.896000,25427207
2019-08-30,180.872000,180.901000,178.450000,179.465000,179.465000,26332749
2019-09-03,178.307000,179.187000,177.129000,177.723000,177.723000,28026617
2019-09-04,179.427000,180.441000,178.919000,180.288000,180.288000,21676335
2019-09-05,182.260000,184.113000,182.212000,183.591000,183.591000,34060994
2019-09-06,183.830000,183.964000,183.007000,183.409000,183.409000,19487821
2019-09-09,183.974000,184.060000,182.093000,183.026000,183.026000,24407580
2019-09-10,182.069000,182.595000,180.844000,182.500000,182.500000,23744687
2019-09-11,182.825000,184.309000,182.423000,184.213000,184.213000,25063617
2019-09-12,185.372000,186.396000,184.730000,184.979000,184.979000,28689878
2019-09-13,184.711000,185.142000,184.079000,184.319000,184.319000,27669795
2019-09-16,183.131000,183.878000,182.950000,183.495000,183.495000,20318987
2019-09-17,183.514000,184.376000,183.122000,184.376000,184.376000,21113675
2019-09-18,183.993000,184.376000,181.992000,184.299000,184.299000,31173056
2019-09-19,184.625000,185.750000,184.252000,184.606000,184.606000,26214873
2019-09-20,184.864000,185.056000,182.040000,182.653000,182.653000,30131528
2019-09-23,182.593000,183.274000,181.979000,182.728000,182.728000,22917563
2019-09-24,183.562000,183.965000,179.515000,180.301000,180.301000,41096614
2019-09-25,180.128000,182.804000,178.613000,182.325000,182.325000,36499191
2019-09-26,182.123000,182.248000,180.310000,181.653000,181.653000,27030029
2019-09-27,181.960000,182.085000,178.171000,179.399000,179.399000,40804222
2019-09-30,180.090000,181.394000,179.754000,181.107000,181.107000,26559841
2019-10-01,181.807000,182.814000,179.327000,179.629000,179.629000,32665025
2019-10-02,178.421000,179.566000,175.553000,176.541000,176.541000,48931982
2019-10-03,176.560000,178.610000,174.402000,178.478000,178.478000,39612315
2019-10-04,179.361000,181.366000,179.255000,181.107000,181.107000,32752668
2019-10-07,180.550000,181.999000,180.243000,180.560000,180.560000,21404580
2019-10-08,179.380000,180.191000,177.711000,177.855000,177.855000,33201939
2019-10-09,179.332000,180.406000,178.824000,179.591000,179.591000,20829012
2019-10-10,179.610000,181.701000,179.486000,180.982000,180.982000,26693780
2019-10-11,183.015000,184.771000,182.939000,183.313000,183.313000,41428907
2019-10-14,183.035000,183.879000,182.867000,183.294000,183.294000,15372774
2019-10-15,183.831000,186.056000,183.744000,185.624000,185.624000,23735826
2019-10-16,185.010000,185.634000,184.579000,185.164000,185.164000,20689207
2019-10-17,186.257000,186.564000,184.943000,185.653000,185.653000,19161821
2019-10-18,185.375000,185.768000,182.924000,183.869000,183.869000,27719069
2019-10-21,184.790000,185.624000,184.301000,185.500000,185.500000,15868946
2019-10-22,186.142000,186.488000,183.965000,184.023000,184.023000,22988988
2019-10-23,183.620000,184.414000,183.351000,184.377000,184.377000,15198327
2019-10-24,185.720000,186.286000,184.876000,186.171000,186.171000,19264220
2019-10-25,185.212000,187.754000,185.174000,187.658000,187.658000,21507115
2019-10-28,188.550000,189.759000,188.531000,189.509000,189.509000,18842303
2019-10-29,189.193000,189.476000,188.013000,188.042000,188.042000,18569675
2019-10-30,188.406000,189.269000,187.322000,188.953000,188.953000,21764311
2019-10-31,189.500000,189.586000,187.946000,189.039000,189.039000,26801803
2019-11-01,189.854000,190.766000,189.567000,190.756000,190.756000,22131875
2019-11-04,192.022000,192.344000,190.752000,191.936000,191.936000,19015855
2019-11-05,192.176000,192.368000,191.408000,192.041000,192.041000,15048864
2019-11-06,191.821000,191.840000,190.675000,191.610000,191.610000,19725486
2019-11-07,192.569000,193.490000,191.696000,192.252000,192.252000,17832355
2019-11-08,191.859000,193.039000,191.399000,193.020000,193.020000,15272516
2019-11-11,192.061000,192.834000,191.782000,192.761000,192.761000,10187222
2019-11-12,192.924000,193.960000,192.627000,193.317000,193.317000,14778283
2019-11-13,192.646000,193.543000,192.521000,193.365000,193.365000,16110341
2019-11-14,192.636000,193.336000,192.051000,193.212000,193.212000,17055686
2019-11-15,194.344000,194.631000,193.758000,194.631000,194.631000,18434519
2019-11-18,194.344000,195.092000,193.538000,194.785000,194.785000,18408797
2019-11-19,195.523000,195.523000,194.324000,195.073000,195.073000,16997568
2019-11-20,194.574000,195.149000,192.435000,193.902000,193.902000,36706275
2019-11-21,193.701000,193.826000,192.866000,193.471000,193.471000,17934353
2019-11-22,193.921000,194.065000,192.550000,193.595000,193.595000,17197019
2019-11-25,194.401000,195.926000,194.401000,195.888000,195.888000,17794718
2019-11-26,195.984000,196.511000,195.725000,196.262000,196.262000,14812921
2019-11-27,196.761000,197.643000,196.530000,197.634000,197.634000,17060233
2019-11-29,197.202000,197.432000,196.636000,196.732000,196.732000,9854553
2019-12-02,196.742000,196.809000,193.547000,194.718000,194.718000,28121020
2019-12-03,192.147000,193.269000,185.879000,193.192000,193.192000,31425404
2019-12-04,194.228000,194.631000,193.893000,194.171000,194.171000,15336754
2019-12-05,194.861000,194.861000,193.605000,194.555000,194.555000,15038785
2019-12-06,195.917000,196.775000,195.821000,196.636000,196.636000,16562247
2019-12-09,196.281000,197.206000,195.658000,195.744000,195.744000,14032175
2019-12-10,195.840000,196.521000,195.140000,195.581000,195.581000,21849714
2019-12-11,196.032000,196.818000,195.715000,196.617000,196.617000,18897759
2019-12-12,196.415000,198.861000,196.148000,198.084000,198.084000,32704625
2019-12-13,197.941000,199.427000,197.557000,198.737000,198.737000,32534393
2019-12-16,199.993000,200.981000,199.974000,200.732000,200.732000,21366177
2019-12-17,200.952000,201.154000,200.511000,200.847000,200.847000,16034647
2019-12-18,201.048000,201.557000,200.789000,201.000000,201.000000,15490828
2019-12-19,201.087000,202.324000,201.068000,202.257000,202.257000,17892062
2019-12-20,203.168000,203.848000,202.650000,203.072000,203.072000,27690934
2019-12-23,203.824000,203.940000,203.440000,203.613000,203.613000,23798671
2019-12-24,203.767000,203.882000,203.257000,203.719000,203.719000,7089020
2019-12-26,204.046000,205.536000,204.017000,205.516000,205.516000,17159310
2019-12-27,206.247000,206.257000,204.795000,205.343000,205.343000,18142239
2019-12-30,205.247000,205.363000,202.988000,203.997000,203.997000,21829913
2019-12-31,203.430000,204.526000,203.027000,204.382000,204.382000,18201585
2020-01-02,206.103000,207.795000,205.699000,207.795000,207.795000,31014904
2020-01-03,205.036000,207.131000,205.026000,205.891000,205.891000,27532657
2020-01-06,204.267000,207.247000,204.026000,207.218000,207.218000,21726989
2020-01-07,207.295000,207.775000,206.535000,207.189000,207.189000,23120994
2020-01-08,207.131000,209.698000,206.833000,208.746000,208.746000,26464212
2020-01-09,210.438000,210.919000,209.288000,210.515000,210.515000,23641291
2020-01-10,211.255000,211.361000,209.602000,209.977000,209.977000,21914631
2020-01-13,210.823000,212.428000,210.505000,212.399000,212.399000,22846102
2020-01-14,212.207000,212.649000,211.236000,211.563000,211.563000,24573340
2020-01-15,211.659000,212.640000,210.957000,211.649000,211.649000,25742084
2020-01-16,212.678000,213.716000,212.255000,213.678000,213.678000,18804959
2020-01-17,214.601000,214.908000,213.526000,214.735000,214.735000,24325167
2020-01-21,214.110000,215.177000,214.043000,214.639000,214.639000,21146264
2020-01-22,215.696000,216.437000,214.937000,215.206000,215.206000,20736403
2020-01-23,215.052000,215.994000,214.082000,215.898000,215.898000,26658979
2020-01-24,216.889000,217.138000,213.091000,214.082000,214.082000,37436483
2020-01-27,209.294000,210.799000,208.775000,209.660000,209.660000,42264418
2020-01-28,211.101000,213.370000,210.582000,212.880000,212.880000,26731876
2020-01-29,214.043000,214.303000,212.284000,213.226000,213.226000,29063128
2020-01-30,211.842000,214.082000,211.187000,213.985000,213.985000,39568093
2020-01-31,214.851000,214.908000,209.837000,210.592000,210.592000,52015832
2020-02-03,211.621000,214.259000,211.476000,213.774000,213.774000,25468307
2020-02-04,216.667000,219.042000,215.958000,218.667000,218.667000,30691211
2020-02-05,221.310000,221.339000,218.071000,219.388000,219.388000,38534817
2020-02-06,219.917000,221.339000,219.157000,221.282000,221.282000,22467077
2020-02-07,220.292000,221.522000,219.696000,220.330000,220.330000,25884933
2020-02-10,219.590000,223.002000,219.542000,222.993000,222.993000,21478925
2020-02-11,224.185000,224.963000,222.445000,223.031000,223.031000,30197983
2020-02-12,224.310000,225.309000,223.791000,225.204000,225.204000,24471275
2020-02-13,223.618000,225.838000,223.368000,224.915000,224.915000,22773159
2020-02-14,225.213000,225.771000,224.512000,225.559000,225.559000,23438530
2020-02-18,224.435000,226.069000,224.223000,225.646000,225.646000,24521242
2020-02-19,226.934000,228.280000,226.723000,227.809000,227.809000,22230464
2020-02-20,227.309000,227.780000,222.906000,225.694000,225.694000,42604016
2020-02-21,224.598000,224.954000,220.446000,221.359000,221.359000,66058611
2020-02-24,213.255000,215.572000,211.736000,212.822000,212.822000,84522551
2020-02-25,214.553000,215.320000,206.430000,207.035000,207.035000,97742982
2020-02-26,208.285000,211.755000,206.583000,208.102000,208.102000,80400053
2020-02-27,202.882000,208.048000,197.547000,197.682000,197.682000,121822562
2020-02-28,191.222000,199.153000,190.501000,197.836000,197.836000,149247073
2020-03-02,200.796000,208.189000,197.970000,208.045000,208.045000,112933945
2020-03-03,208.708000,211.111000,199.585000,201.373000,201.373000,131953546
2020-03-04,205.065000,209.881000,203.190000,209.775000,209.775000,73086209
2020-03-05,204.459000,207.987000,201.969000,203.401000,203.401000,78705458
2020-03-06,196.749000,201.056000,195.057000,199.970000,199.970000,89828392
2020-03-09,185.992000,193.375000,184.675000,186.079000,186.079000,116423986
2020-03-10,193.327000,196.394000,186.185000,196.211000,196.211000,100599233
2020-03-11,191.635000,192.981000,185.271000,187.665000,187.665000,89168783
2020-03-12,175.043000,183.397000,170.092000,170.458000,170.458000,137820698
2020-03-13,179.830000,186.954000,171.236000,184.896000,184.896000,137114131
2020-03-16,167.410000,177.533000,162.614000,162.748000,162.748000,92054386
2020-03-17,168.679000,177.254000,163.210000,175.091000,175.091000,121257108
2020-03-18,164.964000,172.284000,160.345000,169.766000,169.766000,114156320
2020-03-19,168.891000,176.389000,164.988000,170.785000,170.785000,120896481
2020-03-20,174.707000,175.793000,163.517000,164.094000,164.094000,118983891
2020-03-23,164.647000,167.816000,158.877000,164.204000,164.204000,124639782
2020-03-24,173.307000,177.083000,171.419000,176.920000,176.920000,94881785
2020-03-25,177.652000,182.555000,173.375000,175.610000,175.610000,88754909
2020-03-26,177.122000,185.647000,176.872000,184.857000,184.857000,79887564
2020-03-27,180.070000,183.523000,177.883000,178.499000,178.499000,58844975
2020-03-30,180.233000,185.426000,179.502000,184.992000,184.992000,49356936
2020-03-31,184.501000,188.084000,182.256000,183.412000,183.412000,62659265
2020-04-01,178.027000,180.773000,174.222000,175.619000,175.619000,53715375
2020-04-02,174.926000,183.123000,174.328000,179.183000,179.183000,56465348
2020-04-03,178.692000,180.206000,174.637000,176.640000,176.640000,47487621
2020-04-06,183.393000,190.396000,182.247000,189.269000,189.269000,64763518
2020-04-07,194.721000,195.222000,188.807000,189.192000,189.192000,69904478
2020-04-08,190.814000,193.787000,188.973000,193.209000,193.209000,45940439
2020-04-09,194.847000,195.762000,191.724000,193.488000,193.488000,68323929
2020-04-13,192.583000,195.954000,191.456000,195.579000,195.579000,42853948
2020-04-14,199.567000,204.701000,198.844000,204.085000,204.085000,63959563
2020-04-15,200.829000,204.060000,199.519000,201.744000,201.744000,47035953
2020-04-16,204.008000,206.502000,201.994000,205.424000,205.424000,64657362
2020-04-17,208.034000,208.564000,204.297000,207.389000,207.389000,62863223
2020-04-20,205.443000,207.957000,204.769000,204.932000,204.932000,38249128
2020-04-21,202.900000,203.410000,196.157000,197.371000,197.371000,72932771
2020-04-22,201.465000,204.557000,200.684000,203.227000,203.227000,40188772
2020-04-23,204.027000,206.565000,202.385000,202.794000,202.794000,43278542
2020-04-24,203.199000,206.435000,201.811000,205.992000,205.992000,34303365
2020-04-27,208.246000,208.680000,206.628000,207.649000,207.649000,36451698
2020-04-28,209.296000,209.344000,203.459000,203.738000,203.738000,46862816
2020-04-29,208.275000,211.897000,207.244000,210.963000,210.963000,48716406
2020-04-30,211.936000,211.965000,209.373000,210.876000,210.876000,43359476
2020-05-01,206.666000,208.718000,203.911000,204.932000,204.932000,48794968
2020-05-04,203.844000,207.543000,203.372000,207.321000,207.321000,32841020
2020-05-05,209.421000,212.061000,208.892000,209.672000,209.672000,37783075
2020-05-06,211.319000,212.928000,210.105000,210.963000,210.963000,36455218
2020-05-07,213.612000,214.556000,212.331000,213.679000,213.679000,38624836
2020-05-08,215.346000,216.743000,214.315000,216.608000,216.608000,31964416
2020-05-11,215.298000,219.565000,215.057000,218.544000,218.544000,35714128
2020-05-12,219.131000,219.724000,213.939000,213.968000,213.968000,41054123
2020-05-13,214.479000,216.367000,208.757000,211.290000,211.290000,65521208
2020-05-14,210.115000,213.727000,208.063000,213.689000,213.689000,51549345
2020-05-15,210.741000,215.134000,210.317000,215.076000,215.076000,55747208
2020-05-18,217.976000,220.287000,217.195000,219.083000,219.083000,42597551
2020-05-19,219.305000,221.415000,218.390000,218.534000,218.534000,36237303
2020-05-20,221.058000,223.254000,221.058000,222.898000,222.898000,37417000
2020-05-21,222.994000,223.616000,219.960000,220.470000,220.470000,43642908
2020-05-22,220.076000,221.434000,219.151000,221.231000,221.231000,28762389
2020-05-26,224.873000,224.998000,220.393000,220.634000,220.634000,33055346
2020-05-27,220.124000,221.954000,215.721000,221.838000,221.838000,55665565
2020-05-28,220.644000,224.902000,220.644000,221.549000,221.549000,43008478
2020-05-29,221.973000,225.027000,220.365000,224.796000,224.796000,50878596
2020-06-01,223.871000,225.846000,223.486000,225.470000,225.470000,26140125
2020-06-02,225.817000,227.040000,223.495000,226.982000,226.982000,33383415
2020-06-03,227.560000,228.755000,226.713000,228.003000,228.003000,37228701
2020-06-04,227.647000,229.063000,225.104000,226.404000,226.404000,38716097
2020-06-05,227.397000,231.478000,226.982000,230.893000,230.893000,47365569
2020-06-08,230.749000,232.810000,229.179000,232.685000,232.685000,32937305
2020-06-09,231.828000,235.219000,231.645000,234.371000,234.371000,35046254
2020-06-10,236.009000,238.720000,235.536000,237.184000,237.184000,58084410
2020-06-11,233.398000,234.650000,225.374000,225.431000,225.431000,72919442
2020-06-12,230.315000,231.577000,223.235000,227.223000,227.223000,72034787
2020-06-15,223.909000,230.662000,222.975000,229.988000,229.988000,45307371
2020-06-16,234.833000,235.421000,230.325000,233.937000,233.937000,48890095
2020-06-17,235.431000,236.490000,233.822000,234.679000,234.679000,34749268
2020-06-18,234.361000,235.556000,233.591000,235.315000,235.315000,30578648
2020-06-19,237.685000,237.935000,233.552000,235.276000,235.276000,49422112
2020-06-22,235.238000,238.230000,234.862000,238.104000,238.104000,24068676
2020-06-23,239.696000,242.360000,239.146000,240.131000,240.131000,32767370
2020-06-24,239.310000,240.599000,233.684000,235.180000,235.180000,46032376
2020-06-25,235.373000,237.718000,232.700000,237.419000,237.419000,36940811
2020-06-26,237.149000,237.351000,231.291000,231.812000,231.812000,52824554
2020-06-29,231.581000,234.350000,229.043000,234.341000,234.341000,34377800
2020-06-30,234.273000,239.474000,234.090000,238.934000,238.934000,38909219
2020-07-01,238.992000,242.717000,238.432000,241.723000,241.723000,34689213
2020-07-02,244.116000,245.371000,242.900000,243.363000,243.363000,31956497
2020-07-06,246.519000,249.866000,246.490000,249.346000,249.346000,34589049
2020-07-07,249.067000,251.749000,247.330000,247.629000,247.629000,36578191
2020-07-08,248.970000,250.919000,247.523000,250.890000,250.890000,30426273
2020-07-09,252.724000,253.670000,248.613000,253.004000,253.004000,40312906
2020-07-10,252.830000,254.982000,250.186000,254.731000,254.731000,32885298
2020-07-13,257.530000,260.347000,248.671000,249.491000,249.491000,64108090
2020-07-14,247.108000,251.662000,243.913000,251.257000,251.257000,72230512
2020-07-15,252.521000,253.496000,248.478000,251.769000,251.769000,54523869
2020-07-16,248.941000,250.688000,246.673000,250.051000,250.051000,47594111
2020-07-17,250.620000,251.199000,248.169000,250.340000,250.340000,35137871
2020-07-20,251.016000,258.070000,249.732000,257.443000,257.443000,40610128
2020-07-21,259.016000,259.016000,253.916000,254.760000,254.760000,43442967
2020-07-22,255.204000,256.584000,253.361000,255.657000,255.657000,29865519
2020-07-23,255.291000,255.957000,247.571000,248.980000,248.980000,51363538
2020-07-24,245.226000,247.937000,242.524000,246.615000,246.615000,54054536
2020-07-27,248.352000,251.402000,247.469000,251.016000,251.016000,36445741
2020-07-28,250.253000,250.755000,247.532000,247.822000,247.822000,31302390
2020-07-29,249.288000,251.537000,248.883000,250.678000,250.678000,27556884
2020-07-30,248.758000,252.550000,247.571000,251.990000,251.990000,41774456
2020-07-31,256.526000,256.642000,251.720000,256.487000,256.487000,53756159
2020-08-03,258.668000,260.695000,258.495000,259.952000,259.952000,32081566
2020-08-04,259.334000,261.013000,258.707000,260.917000,260.917000,24911286
2020-08-05,261.351000,262.017000,260.511000,261.563000,261.563000,21685921
2020-08-06,261.303000,265.356000,260.733000,265.028000,265.028000,28048224
2020-08-07,264.449000,265.261000,259.821000,261.969000,261.969000,44969356
2020-08-10,262.229000,262.461000,257.337000,260.849000,260.849000,35088373
2020-08-11,259.682000,260.975000,255.368000,255.908000,255.908000,43104323
2020-08-12,258.012000,263.291000,258.012000,262.345000,262.345000,38894272
2020-08-13,263.098000,265.211000,262.007000,262.943000,262.943000,31895717
2020-08-14,263.455000,263.831000,261.245000,262.634000,262.634000,30799494
2020-08-17,264.323000,266.186000,262.671000,265.684000,265.684000,24802966
2020-08-18,266.736000,268.719000,265.288000,268.241000,268.241000,23529498
2020-08-19,268.202000,269.254000,265.925000,266.437000,266.437000,31999630
2020-08-20,265.665000,270.615000,265.240000,270.132000,270.132000,27723379
2020-08-21,270.268000,272.458000,269.680000,272.005000,272.005000,34748934
2020-08-24,275.083000,275.990000,271.426000,273.703000,273.703000,36418533
2020-08-25,272.883000,276.048000,272.487000,275.855000,275.855000,34866586
2020-08-26,277.061000,281.992000,275.825000,281.741000,281.741000,42216690
2020-08-27,282.822000,283.566000,278.600000,280.863000,280.863000,49482715
2020-08-28,282.041000,282.919000,280.747000,282.291000,282.291000,28021022
2020-08-31,282.899000,286.359000,282.378000,284.559000,284.559000,36321027
2020-09-01,287.184000,289.539000,285.437000,289.423000,289.423000,36395774
2020-09-02,292.646000,292.878000,286.499000,292.163000,292.163000,50836767
2020-09-03,287.763000,288.168000,274.456000,277.351000,277.351000,110083282
2020-09-04,275.758000,278.817000,262.287000,273.655000,273.655000,123958978
2020-09-08,262.741000,268.482000,260.222000,260.502000,260.502000,99568645
2020-09-09,265.896000,270.243000,263.445000,268.154000,268.154000,64837872
2020-09-10,271.136000,272.318000,261.090000,262.808000,262.808000,69667462
2020-09-11,264.728000,265.587000,257.559000,260.984000,260.984000,71809014
2020-09-14,264.680000,267.517000,263.406000,265.529000,265.529000,38525194
2020-09-15,269.139000,270.634000,265.503000,269.293000,269.293000,41849926
2020-09-16,269.978000,270.547000,264.651000,264.999000,264.999000,42435626
2020-09-17,258.157000,264.792000,257.346000,260.859000,260.859000,81570844
2020-09-18,262.113000,262.567000,253.438000,257.530000,257.530000,86251117
2020-09-21,253.699000,258.657000,251.370000,258.522000,258.522000,57168570
2020-09-22,260.976000,263.905000,257.584000,263.325000,263.325000,41128886
2020-09-23,263.006000,263.189000,254.405000,255.284000,255.284000,48837270
2020-09-24,252.791000,259.672000,252.443000,256.473000,256.473000,70631704
2020-09-25,256.888000,263.243000,255.420000,262.436000,262.436000,55242376
2020-09-28,267.321000,267.886000,262.546000,267.886000,267.886000,58438286
2020-09-29,267.422000,268.379000,266.120000,266.678000,266.678000,27178921
2020-09-30,266.813000,271.645000,266.603000,268.505000,268.505000,49380802
2020-10-01,272.322000,273.374000,270.437000,272.766000,272.766000,50020223
2020-10-02,266.736000,272.758000,264.252000,265.093000,265.093000,75497391
2020-10-05,267.055000,271.066000,266.949000,270.747000,270.747000,28184581
2020-10-06,269.906000,271.742000,265.035000,265.915000,265.915000,49704236
2020-10-07,268.495000,271.307000,267.963000,270.515000,270.515000,27539663
2020-10-08,272.834000,272.979000,270.892000,271.955000,271.955000,25443287
2020-10-09,273.578000,276.187000,273.211000,276.110000,276.110000,30201144
2020-10-12,280.836000,287.465000,279.744000,284.634000,284.634000,79370657
2020-10-13,286.383000,287.069000,283.262000,284.624000,284.624000,64240031
2020-10-14,285.397000,286.393000,280.507000,282.247000,282.247000,37181227
2020-10-15,277.598000,280.942000,276.912000,280.353000,280.353000,42514177
2020-10-16,281.996000,283.415000,278.468000,278.816000,278.816000,40570702
2020-10-19,280.730000,281.686000,273.288000,274.264000,274.264000,36756754
2020-10-20,274.999000,277.956000,273.443000,274.854000,274.854000,32195361
2020-10-21,275.105000,277.666000,274.158000,274.641000,274.641000,29306137
2020-10-22,275.472000,276.371000,271.384000,274.632000,274.632000,32196162
2020-10-23,275.221000,275.337000,272.314000,275.173000,275.173000,24658542
2020-10-26,272.834000,275.714000,267.461000,271.046000,271.046000,38421094
2020-10-27,271.964000,273.979000,270.785000,273.163000,273.163000,30559572
2020-10-28,268.785000,269.278000,262.262000,262.513000,262.513000,53413953
2020-10-29,263.866000,270.099000,263.363000,267.103000,267.103000,43246872
2020-10-30,265.156000,265.992000,258.096000,260.329000,260.329000,65936493
2020-11-02,262.600000,264.330000,258.000000,260.909000,260.909000,39987409
2020-11-03,262.726000,267.519000,261.740000,265.422000,265.422000,43604145
2020-11-04,274.032000,279.067000,272.399000,277.270000,277.270000,75728206
2020-11-05,283.551000,285.465000,282.189000,284.498000,284.498000,52054936
2020-11-06,283.716000,285.436000,280.092000,284.711000,284.711000,40959764
2020-11-09,287.320000,289.089000,278.439000,278.893000,278.893000,86538327
2020-11-10,275.675000,277.028000,271.191000,273.897000,273.897000,69024878
2020-11-11,276.313000,280.498000,273.858000,280.024000,280.024000,36103321
2020-11-12,280.952000,282.260000,277.598000,278.710000,278.710000,34516826
2020-11-13,280.266000,281.773000,278.198000,281.155000,281.155000,24880679
2020-11-16,280.913000,283.648000,280.246000,283.348000,283.348000,30168361
2020-11-17,283.542000,283.870000,281.812000,282.450000,282.450000,21843463
2020-11-18,281.899000,283.513000,280.275000,280.362000,280.362000,28069619
2020-11-19,279.753000,282.865000,279.145000,282.556000,282.556000,22718422
2020-11-20,282.479000,283.218000,280.536000,280.623000,280.623000,25907308
2020-11-23,281.619000,282.914000,278.391000,280.633000,280.633000,26875588
2020-11-24,281.696000,285.069000,279.898000,284.576000,284.576000,24516791
2020-11-25,285.513000,286.963000,284.692000,286.325000,286.325000,23326826
2020-11-27,288.267000,290.084000,287.891000,288.963000,288.963000,17163115
2020-11-30,289.244000,289.891000,284.875000,289.553000,289.553000,27836332
2020-12-01,291.727000,294.887000,290.722000,293.264000,293.264000,27642640
2020-12-02,292.065000,293.974000,290.258000,293.641000,293.641000,23620003
2020-12-03,293.853000,295.602000,293.332000,294.056000,294.056000,22828727
2020-12-04,294.105000,295.399000,293.428000,295.255000,295.255000,19332081
2020-12-07,295.438000,297.294000,295.255000,296.926000,296.926000,20850969
2020-12-08,296.453000,298.231000,294.704000,297.931000,297.931000,18341464
2020-12-09,297.719000,297.999000,290.123000,291.186000,291.186000,48839306
2020-12-10,289.157000,293.476000,288.074000,292.355000,292.355000,27519544
2020-12-11,290.703000,291.833000,288.441000,291.708000,291.708000,26760416
2020-12-14,292.897000,295.767000,292.829000,293.824000,293.824000,28804832
2020-12-15,296.076000,296.965000,293.892000,296.965000,296.965000,25790455
2020-12-16,297.361000,299.376000,296.319000,298.598000,298.598000,25461890
2020-12-17,300.193000,300.782000,298.994000,300.550000,300.550000,23730524
2020-12-18,301.188000,301.497000,297.274000,299.642000,299.642000,41173392
2020-12-21,296.684000,299.598000,293.915000,299.065000,299.065000,37096804
2020-12-22,299.966000,300.799000,297.057000,299.879000,299.879000,26378343
2020-12-23,299.927000,300.285000,298.209000,298.368000,298.368000,21201280
2020-12-24,298.630000,300.130000,298.552000,299.685000,299.685000,16784997
2020-12-28,302.289000,303.180000,300.460000,302.706000,302.706000,22497745
2020-12-29,304.032000,304.647000,302.076000,302.977000,302.977000,25871925
2020-12-30,304.138000,304.458000,302.367000,302.986000,302.986000,18138071
2020-12-31,302.889000,304.216000,301.815000,303.732000,303.732000,21611412
2021-01-04,305.058000,305.232000,295.445000,299.443000,299.443000,45305898
2021-01-05,298.456000,302.183000,298.456000,301.912000,301.912000,29323409
2021-01-06,297.207000,301.931000,296.219000,297.729000,297.729000,52809622
2021-01-07,300.382000,305.765000,300.353000,304.932000,304.932000,30394826
2021-01-08,307.217000,309.201000,305.030000,308.853000,308.853000,33955847
2021-01-11,305.900000,307.072000,303.741000,304.390000,304.390000,32869095
2021-01-12,304.429000,305.513000,301.273000,303.906000,303.906000,29266762
2021-01-13,304.167000,306.752000,303.567000,305.958000,305.958000,22898417
2021-01-14,306.404000,307.401000,303.850000,304.322000,304.322000,23500129
2021-01-15,304.109000,305.068000,300.672000,301.912000,301.912000,35118718
2021-01-19,304.225000,306.820000,303.131000,306.317000,306.317000,24537049
2021-01-20,309.928000,314.381000,306.412000,313.442000,313.442000,30728096
2021-01-21,314.778000,316.695000,313.403000,315.949000,315.949000,25316935
2021-01-22,314.913000,316.046000,314.352000,315.039000,315.039000,21609444
2021-01-25,318.418000,319.783000,311.157000,317.643000,317.643000,39080644
2021-01-26,318.360000,319.241000,316.782000,318.108000,318.108000,25498112
2021-01-27,315.852000,315.862000,307.236000,309.240000,309.240000,55263985
2021-01-28,310.441000,316.007000,309.821000,311.070000,311.070000,42836324
2021-01-29,309.385000,310.488000,302.783000,304.526000,304.526000,55259018
2021-02-01,307.962000,313.219000,305.939000,312.135000,312.135000,35646008
2021-02-02,315.097000,318.379000,314.933000,317.227000,317.227000,33930844
2021-02-03,319.299000,319.662000,315.910000,315.968000,315.968000,24824518
2021-02-04,317.363000,319.792000,316.046000,319.705000,319.705000,22350947
2021-02-05,320.654000,321.799000,319.018000,320.790000,320.790000,22731960
2021-02-08,322.474000,323.094000,320.838000,322.939000,322.939000,20462812
2021-02-09,322.009000,324.130000,322.000000,322.871000,322.871000,17597478
2021-02-10,324.304000,324.759000,318.989000,322.135000,322.135000,28068700
2021-02-11,323.665000,324.314000,321.525000,323.907000,323.907000,22046071
2021-02-12,323.065000,325.882000,322.019000,325.717000,325.717000,20346819
2021-02-16,326.511000,327.402000,323.675000,324.836000,324.836000,27080777
2021-02-17,321.864000,324.950000,319.638000,323.278000,323.278000,31467456
2021-02-18,319.696000,323.216000,317.885000,321.864000,321.864000,32236240
2021-02-19,323.210000,323.336000,319.444000,320.460000,320.460000,39157677
2021-02-22,316.085000,317.343000,311.951000,312.154000,312.154000,47256944
2021-02-23,306.888000,312.890000,301.079000,311.225000,311.225000,97241936
2021-02-24,308.572000,314.100000,305.881000,313.790000,313.790000,58206272
2021-02-25,311.138000,313.693000,301.311000,302.851000,302.851000,110182582
2021-02-26,305.774000,308.930000,300.963000,304.119000,304.119000,104740131
2021-03-01,309.085000,313.606000,307.793000,313.267000,313.267000,49164518
2021-03-02,313.906000,313.984000,307.991000,308.243000,308.243000,48370034
2021-03-03,307.149000,308.088000,299.240000,299.298000,299.298000,86301073
2021-03-04,298.930000,302.086000,290.536000,294.399000,294.399000,139131582
2021-03-05,297.008000,299.732000,287.961000,298.833000,298.833000,121523726
2021-03-08,298.291000,300.169000,289.956000,290.372000,290.372000,88409781
2021-03-09,297.662000,303.722000,297.129000,301.825000,301.825000,80391795
2021-03-10,306.074000,306.375000,300.276000,300.963000,300.963000,76798065
2021-03-11,305.697000,309.656000,304.806000,307.895000,307.895000,53484906
2021-03-12,303.848000,308.078000,301.458000,305.397000,305.397000,69316014
2021-03-15,305.716000,308.824000,304.075000,308.659000,308.659000,43123176
2021-03-16,310.847000,313.858000,308.921000,310.353000,310.353000,54925896
2021-03-17,307.323000,313.519000,305.610000,311.631000,311.631000,78258729
2021-03-18,306.762000,307.740000,301.631000,302.086000,302.086000,82942269
2021-03-19,301.921000,304.690000,299.782000,303.151000,303.151000,78446204
2021-03-22,305.565000,310.925000,305.565000,308.861000,308.861000,56194755
2021-03-23,309.946000,311.265000,306.694000,307.513000,307.513000,53460107
2021-03-24,308.880000,308.919000,302.181000,302.327000,302.327000,64803729
2021-03-25,300.483000,303.311000,297.984000,301.803000,301.803000,78729008
2021-03-26,301.590000,306.650000,300.194000,306.330000,306.330000,63521634
2021-03-29,305.797000,307.290000,302.908000,306.243000,306.243000,54608469
2021-03-30,304.285000,305.274000,302.007000,304.702000,304.702000,44635777
2021-03-31,306.486000,310.925000,306.146000,309.365000,309.365000,55026991
2021-04-01,313.184000,314.774000,312.932000,314.638000,314.638000,55686853
2021-04-05,317.120000,321.686000,314.704000,320.920000,320.920000,42172475
2021-04-06,320.610000,322.645000,319.921000,320.697000,320.697000,33534459
2021-04-07,320.222000,322.306000,319.291000,321.472000,321.472000,32046025
2021-04-08,324.322000,325.011000,323.528000,324.827000,324.827000,29939418
2021-04-09,323.469000,326.998000,322.733000,326.794000,326.794000,36664974
2021-04-12,325.757000,326.785000,324.487000,326.368000,326.368000,25832313
2021-04-13,327.890000,330.643000,327.677000,330.178000,330.178000,30373546
2021-04-14,330.420000,330.546000,325.398000,326.213000,326.213000,42560590
2021-04-15,329.082000,331.544000,325.927000,331.157000,331.157000,36337742
2021-04-16,331.680000,331.758000,329.674000,331.544000,331.544000,40859649
2021-04-19,329.974000,331.128000,326.593000,328.510000,328.510000,34524150
2021-04-20,327.851000,329.131000,324.150000,326.116000,326.116000,38077411
2021-04-21,324.836000,329.092000,323.751000,328.908000,328.908000,36596720
2021-04-22,328.520000,329.499000,323.789000,324.943000,324.943000,45928129
2021-04-23,325.573000,330.340000,325.573000,329.034000,329.034000,36408683
2021-04-26,329.276000,331.457000,328.530000,331.176000,331.176000,30811618
2021-04-27,331.467000,331.680000,328.791000,329.741000,329.741000,33174607
2021-04-28,329.412000,330.420000,327.977000,328.627000,328.627000,33615696
2021-04-29,331.893000,332.310000,326.591000,329.809000,329.809000,37709550
2021-04-30,327.366000,329.848000,326.736000,327.648000,327.648000,38261137
2021-05-03,328.850000,329.596000,325.457000,325.903000,325.903000,29729301
2021-05-04,323.353000,323.673000,316.228000,320.038000,320.038000,65144686
2021-05-05,322.083000,322.946000,318.186000,318.962000,318.962000,46219359
2021-05-06,318.700000,321.521000,316.461000,321.366000,321.366000,46814288
2021-05-07,324.138000,326.349000,321.541000,323.973000,323.973000,53324953
2021-05-10,322.597000,322.771000,315.588000,315.792000,315.792000,60703055
2021-05-11,309.917000,316.150000,309.258000,315.356000,315.356000,71960329
2021-05-12,310.431000,312.748000,306.330000,307.193000,307.193000,91172860
2021-05-13,310.130000,312.535000,307.203000,309.568000,309.568000,69877260
2021-05-14,312.728000,317.314000,312.224000,316.402000,316.402000,44369943
2021-05-17,314.696000,316.385000,311.614000,314.483000,314.483000,39394873
2021-05-18,315.433000,316.655000,312.089000,312.360000,312.360000,36528454
2021-05-19,306.970000,313.019000,306.621000,312.719000,312.719000,66319083
2021-05-20,314.202000,319.621000,313.979000,318.768000,318.768000,46466135
2021-05-21,320.319000,320.736000,316.645000,317.003000,317.003000,50329949
2021-05-24,319.291000,323.460000,316.900000,322.335000,322.335000,32474961
2021-05-25,323.847000,324.565000,321.603000,322.781000,322.781000,31279922
2021-05-26,323.450000,324.371000,322.762000,323.906000,323.906000,25444932
2021-05-27,323.460000,324.303000,322.490000,322.694000,322.694000,27931747
2021-05-28,323.896000,325.302000,323.392000,323.712000,323.712000,29927449
2021-06-01,325.040000,325.510000,321.288000,322.636000,322.636000,31145407
2021-06-02,323.053000,324.109000,321.545000,323.266000,323.266000,22046313
2021-06-03,320.435000,321.705000,318.235000,319.902000,319.902000,37057715
2021-06-04,321.695000,325.775000,321.628000,325.331000,325.331000,38736545
2021-06-07,324.797000,326.358000,324.109000,326.300000,326.300000,32611511
2021-06-08,328.040000,328.908000,324.778000,326.455000,326.455000,27282518
2021-06-09,327.822000,328.598000,326.349000,326.533000,326.533000,21484237
2021-06-10,326.872000,330.042000,326.426000,329.935000,329.935000,33700241
2021-06-11,329.945000,330.808000,329.295000,330.798000,330.798000,21220328
2021-06-14,331.225000,333.978000,330.042000,333.968000,333.968000,27827716
2021-06-15,333.619000,333.929000,331.069000,331.787000,331.787000,35963729
2021-06-16,332.252000,333.318000,327.124000,330.575000,330.575000,55399448
2021-06-17,329.567000,335.781000,329.518000,334.773000,334.773000,59722282
2021-06-18,333.115000,334.257000,331.399000,332.146000,332.146000,55413440
2021-06-21,332.328000,334.522000,330.116000,334.201000,334.201000,32992649
2021-06-22,333.998000,337.763000,333.697000,337.317000,337.317000,28941626
2021-06-23,337.258000,338.627000,336.647000,337.482000,337.482000,27187755
2021-06-24,339.413000,341.092000,338.869000,339.568000,339.568000,32581503
2021-06-25,340.131000,340.374000,338.549000,339.151000,339.151000,28682801
2021-06-28,340.432000,343.411000,340.374000,343.276000,343.276000,39127775
2021-06-29,343.101000,344.547000,342.266000,344.518000,344.518000,29426034
2021-06-30,344.363000,344.751000,343.392000,343.974000,343.974000,32723553
2021-07-01,343.625000,344.615000,342.276000,344.110000,344.110000,29289978
2021-07-02,346.003000,348.380000,345.770000,348.060000,348.060000,32727140
2021-07-06,348.662000,349.846000,345.974000,349.564000,349.564000,38842397
2021-07-07,351.758000,352.059000,348.351000,350.302000,350.302000,35263422
2021-07-08,345.246000,349.040000,343.965000,348.186000,348.186000,50890001
2021-07-09,347.604000,350.836000,347.022000,350.360000,350.360000,35184003
2021-07-12,351.758000,352.185000,350.186000,351.729000,351.729000,25717672
2021-07-13,351.350000,354.684000,350.875000,351.729000,351.729000,39723015
2021-07-14,354.068000,354.708000,351.535000,352.359000,352.359000,35334734
2021-07-15,352.272000,352.476000,347.885000,349.885000,349.885000,53391534
2021-07-16,350.739000,351.719000,346.701000,347.051000,347.051000,47260960
2021-07-19,343.606000,344.702000,341.655000,344.207000,344.207000,64404523
2021-07-20,345.139000,349.652000,343.363000,348.206000,348.206000,42183701
2021-07-21,347.779000,350.894000,347.555000,350.894000,350.894000,30257350
2021-07-22,351.098000,353.223000,351.098000,353.213000,353.213000,30252240
2021-07-23,354.533000,357.615000,353.180000,357.338000,357.338000,31960337
2021-07-26,356.649000,358.008000,355.786000,357.620000,357.620000,28438126
2021-07-27,357.358000,357.358000,349.535000,353.679000,353.679000,57932973
2021-07-28,354.815000,356.610000,352.524000,355.038000,355.038000,42065097
2021-07-29,354.475000,356.832000,354.475000,355.669000,355.669000,25672508
2021-07-30,351.748000,354.397000,351.719000,353.815000,353.815000,36484322
2021-08-02,355.475000,356.057000,353.136000,353.844000,353.844000,27333791
2021-08-03,354.504000,356.106000,351.321000,355.989000,355.989000,35558243
2021-08-04,355.950000,357.455000,354.844000,356.503000,356.503000,29600135
2021-08-05,357.319000,358.998000,356.610000,358.765000,358.765000,21441380
2021-08-06,357.503000,358.474000,356.081000,357.193000,357.193000,33331968
2021-08-09,357.649000,358.377000,356.552000,357.852000,357.852000,25960245
2021-08-10,358.367000,358.658000,354.834000,356.018000,356.018000,35130794
2021-08-11,357.280000,357.775000,354.077000,355.407000,355.407000,34249712
2021-08-12,354.902000,357.047000,353.548000,356.688000,356.688000,26003244
2021-08-13,357.037000,358.270000,356.542000,357.940000,357.940000,19335474
2021-08-16,356.824000,358.134000,352.971000,358.095000,358.095000,35042877
2021-08-17,355.349000,356.319000,352.515000,354.941000,354.941000,44793902
2021-08-18,354.407000,355.805000,351.190000,351.525000,351.525000,38541418
2021-08-19,349.594000,354.892000,349.341000,353.223000,353.223000,48499268
2021-08-20,354.291000,357.280000,353.980000,356.882000,356.882000,39485596
2021-08-23,357.920000,362.904000,357.911000,362.220000,362.220000,34034371
2021-08-24,362.812000,363.928000,362.346000,363.326000,363.326000,21732212
2021-08-25,363.578000,364.316000,362.826000,363.743000,363.743000,20440480
2021-08-26,362.889000,363.569000,360.997000,361.434000,361.434000,29132886
2021-08-27,362.064000,365.451000,361.579000,364.947000,364.947000,27104749
2021-08-30,365.733000,369.528000,365.714000,369.042000,369.042000,27294413
2021-08-31,369.285000,369.352000,367.198000,368.741000,368.741000,29622439
2021-09-01,369.799000,371.420000,369.149000,369.353000,369.353000,28137392
2021-09-02,370.702000,371.032000,367.965000,369.178000,369.178000,25503485
2021-09-03,368.033000,370.712000,368.014000,370.314000,370.314000,24623987
2021-09-07,370.420000,371.486000,369.264000,370.838000,370.838000,23970033
2021-09-08,370.663000,370.663000,367.286000,369.547000,369.547000,32949031
2021-09-09,369.770000,370.877000,368.033000,368.276000,368.276000,29398751
2021-09-10,370.042000,370.702000,365.146000,365.481000,365.481000,40249168
2021-09-13,367.810000,368.237000,363.181000,365.228000,365.228000,48741780
2021-09-14,366.713000,367.441000,363.239000,364.190000,364.190000,41825870
2021-09-15,364.646000,367.247000,362.356000,366.898000,366.898000,34097010
2021-09-16,365.568000,367.722000,363.641000,367.150000,367.150000,35192458
2021-09-17,366.674000,366.723000,361.764000,362.802000,362.802000,60912266
2021-09-20,357.024000,358.763000,350.680000,355.314000,355.314000,76201202
2021-09-21,357.141000,358.336000,354.624000,355.751000,355.751000,41927283
2021-09-22,356.665000,360.532000,355.565000,359.074000,359.074000,46972520
2021-09-23,360.230000,363.417000,359.588000,362.387000,362.387000,44652002
2021-09-24,360.124000,363.145000,359.754000,362.727000,362.727000,36054680
2021-09-27,359.686000,360.708000,357.286000,359.832000,359.832000,43337447
2021-09-28,355.285000,359.785000,349.144000,349.650000,349.650000,97701632
2021-09-29,350.913000,353.050000,348.450000,349.076000,349.076000,58075589
2021-09-30,350.718000,352.380000,346.958000,347.794000,347.794000,61384622
2021-10-01,348.416000,350.991000,344.316000,349.951000,349.951000,56375805
2021-10-04,348.338000,348.668000,340.371000,342.606000,342.606000,76766261
2021-10-05,343.665000,349.475000,343.441000,347.230000,347.230000,47232195
2021-10-06,344.024000,349.727000,343.121000,349.455000,349.455000,56803799
2021-10-07,352.496000,355.304000,351.962000,352.662000,352.662000,39413072
2021-10-08,353.740000,353.970000,350.369000,350.903000,350.903000,41822207
2021-10-11,349.368000,352.885000,348.124000,348.212000,348.212000,34847182
2021-10-12,349.659000,350.097000,346.356000,346.997000,346.997000,43904600
2021-10-13,349.300000,350.446000,347.279000,349.776000,349.776000,40118489
2021-10-14,353.361000,356.431000,352.701000,356.218000,356.218000,43434026
2021-10-15,357.432000,358.579000,356.402000,358.462000,358.462000,40419495
2021-10-18,357.170000,362.280000,356.567000,362.067000,362.067000,34515066
2021-10-19,363.136000,364.855000,362.112000,364.807000,364.807000,29090951
2021-10-20,365.263000,365.871000,362.854000,364.331000,364.331000,31389454
2021-10-21,363.534000,366.750000,363.233000,366.556000,366.556000,25469781
2021-10-22,365.302000,366.264000,361.809000,363.476000,363.476000,36276761
2021-10-25,364.894000,368.110000,362.951000,367.197000,367.197000,32601788
2021-10-26,369.431000,371.841000,367.172000,368.353000,368.353000,47184169
2021-10-27,368.800000,372.269000,368.538000,369.208000,369.208000,45761733
2021-10-28,371.103000,373.561000,370.330000,373.308000,373.308000,38005860
2021-10-29,370.238000,375.310000,369.888000,375.144000,375.144000,37310182
2021-11-01,375.582000,376.553000,373.502000,376.427000,376.427000,30765388
2021-11-02,375.815000,378.477000,375.766000,378.001000,378.001000,25135292
2021-11-03,378.487000,382.431000,377.447000,382.014000,382.014000,33748901
2021-11-04,383.277000,387.863000,382.733000,386.911000,386.911000,40266735
2021-11-05,388.679000,389.602000,385.881000,387.280000,387.280000,43383824
2021-11-08,387.251000,388.271000,386.114000,386.755000,386.755000,29256524
2021-11-09,387.824000,388.222000,382.733000,384.093000,384.093000,50491390
2021-11-10,381.324000,384.132000,376.524000,378.448000,378.448000,54936185
2021-11-11,381.421000,381.596000,379.157000,379.497000,379.497000,32242097
2021-11-12,380.644000,384.025000,379.050000,383.491000,383.491000,34729510
2021-11-15,384.666000,384.987000,380.960000,383.403000,383.403000,33716940
2021-11-16,382.674000,386.629000,382.480000,386.133000,386.133000,27871822
2021-11-17,386.454000,388.368000,385.375000,386.337000,386.337000,28704372
2021-11-18,388.378000,390.846000,386.162000,390.340000,390.340000,45721430
2021-11-19,391.973000,393.789000,391.147000,392.517000,392.517000,45191186
2021-11-22,394.052000,397.103000,387.853000,387.960000,387.960000,61715370
2021-11-23,386.804000,388.863000,381.761000,386.192000,386.192000,70098736
2021-11-24,383.714000,387.717000,381.392000,387.435000,387.435000,46954060
2021-11-26,384.860000,386.250000,378.701000,380.090000,380.090000,51530129
2021-11-29,384.647000,389.349000,383.918000,388.339000,388.339000,54446226
2021-11-30,387.455000,389.796000,380.624000,382.636000,382.636000,81336987
2021-12-01,386.969000,389.106000,375.659000,376.126000,376.126000,78379244
2021-12-02,374.843000,380.615000,373.425000,378.837000,378.837000,84416593
2021-12-03,380.197000,381.198000,368.139000,372.249000,372.249000,105348959
2021-12-06,372.735000,376.592000,368.528000,375.232000,375.232000,67591701
2021-12-07,381.868000,387.144000,381.829000,386.532000,386.532000,56005457
2021-12-08,386.862000,388.465000,384.967000,388.261000,388.261000,39204025
2021-12-09,387.037000,388.834000,382.354000,382.548000,382.548000,49973604
2021-12-10,385.356000,386.969000,382.189000,386.707000,386.707000,52768659
2021-12-13,386.697000,387.013000,380.751000,381.120000,381.120000,50164010
2021-12-14,376.301000,379.011000,372.735000,377.175000,377.175000,75198981
2021-12-15,376.923000,386.133000,372.978000,385.774000,385.774000,73858989
2021-12-16,386.736000,387.158000,374.270000,375.854000,375.854000,82591368
2021-12-17,372.443000,378.137000,370.928000,373.979000,373.979000,81643533
2021-12-20,369.241000,371.123000,367.203000,370.335000,370.335000,65336184
2021-12-21,373.604000,378.935000,369.860000,378.623000,378.623000,48900502
2021-12-22,378.332000,383.439000,377.670000,383.235000,383.235000,37042200
2021-12-23,383.585000,387.588000,383.419000,386.124000,386.124000,29598121
2021-12-27,387.418000,392.505000,387.387000,392.505000,392.505000,32820705
2021-12-28,393.400000,393.575000,389.811000,390.686000,390.686000,33113428
2021-12-29,390.822000,392.087000,388.254000,390.628000,390.628000,32247484
2021-12-30,390.414000,392.593000,388.877000,389.460000,389.460000,23850065
2021-12-31,388.789000,390.150000,386.532000,387.028000,387.028000,34752884
2022-01-03,388.196000,391.007000,386.085000,390.754000,390.754000,40575664
2022-01-04,391.299000,391.338000,382.591000,385.686000,385.686000,58026702
2022-01-05,384.003000,385.122000,373.584000,373.837000,373.837000,75740041
2022-01-06,372.018000,376.814000,369.790000,373.575000,373.575000,70816134
2022-01-07,373.584000,375.267000,367.757000,369.528000,369.528000,72652184
2022-01-10,364.625000,370.287000,359.265000,369.771000,369.771000,91770525
2022-01-11,369.037000,375.491000,366.958000,375.326000,375.326000,68295098
2022-01-12,377.894000,379.587000,374.538000,376.814000,376.814000,54576476
2022-01-13,378.195000,378.876000,366.454000,367.388000,367.388000,77994265
2022-01-14,364.868000,370.004000,364.664000,369.674000,369.674000,80121220
2022-01-18,363.866000,365.987000,359.712000,360.471000,360.471000,75812294
2022-01-19,362.028000,364.498000,356.249000,356.512000,356.512000,81790358
2022-01-20,359.732000,363.701000,351.346000,351.881000,351.881000,88610680
2022-01-21,349.692000,352.329000,341.842000,342.124000,342.124000,143388870
2022-01-24,336.496000,344.352000,325.061000,343.690000,343.690000,199448109
2022-01-25,337.241000,341.482000,332.386000,335.723000,335.723000,124397480
2022-01-26,343.311000,347.173000,331.511000,335.198000,335.198000,146559368
2022-01-27,339.896000,341.715000,330.801000,331.822000,331.822000,95255416
2022-01-28,333.700000,342.445000,328.758000,342.231000,342.231000,108167822
2022-01-31,343.593000,353.759000,341.959000,353.175000,353.175000,94326389
2022-02-01,354.518000,356.230000,349.371000,355.578000,355.578000,74433023
2022-02-02,359.703000,360.033000,354.376000,358.467000,358.467000,78777135
2022-02-03,348.778000,352.086000,342.873000,343.933000,343.933000,95384456
2022-02-04,344.449000,351.570000,342.396000,348.272000,348.272000,86316444
2022-02-07,348.866000,351.229000,344.216000,345.470000,345.470000,58198087
2022-02-08,344.332000,350.441000,343.204000,349.352000,349.352000,64719999
2022-02-09,353.866000,356.833000,352.270000,356.755000,356.755000,55766422
2022-02-10,349.741000,356.520000,346.842000,348.681000,348.681000,112468480
2022-02-11,348.681000,350.276000,336.394000,337.620000,337.620000,101569102
2022-02-14,337.065000,341.433000,334.536000,338.038000,338.038000,80253369
2022-02-15,343.311000,346.677000,342.250000,346.443000,346.443000,55390805
2022-02-16,344.196000,347.377000,341.171000,346.356000,346.356000,58947043
2022-02-17,343.145000,343.846000,335.635000,336.054000,336.054000,61800353
2022-02-18,336.988000,337.377000,329.915000,332.221000,332.221000,80001513
2022-02-22,329.283000,334.682000,325.256000,328.884000,328.884000,85967095
2022-02-23,332.036000,332.876000,320.148000,320.460000,320.460000,86215168
2022-02-24,310.168000,331.764000,309.603000,331.229000,331.229000,130613473
2022-02-25,332.026000,336.569000,328.213000,336.365000,336.365000,78842088
2022-02-28,333.194000,339.060000,332.036000,337.367000,337.367000,77512010
2022-03-01,336.346000,338.610000,329.682000,332.201000,332.201000,67407000
2022-03-02,333.748000,339.108000,330.985000,337.776000,337.776000,70605926
2022-03-03,340.412000,340.519000,331.092000,332.951000,332.951000,71087785
2022-03-04,330.596000,332.026000,325.810000,328.125000,328.125000,77009763
2022-03-07,328.116000,329.273000,315.820000,316.024000,316.024000,89933746
2022-03-08,315.236000,324.147000,311.238000,314.555000,314.555000,116152969
2022-03-09,322.726000,327.230000,320.139000,325.878000,325.878000,64723361
2022-03-10,321.822000,323.466000,317.823000,322.259000,322.259000,69362450
2022-03-11,325.226000,325.538000,315.090000,315.576000,315.576000,66228432
2022-03-14,314.341000,317.707000,308.815000,309.516000,309.516000,79802106
2022-03-15,312.152000,320.003000,310.547000,319.224000,319.224000,76470981
2022-03-16,323.135000,331.180000,319.468000,331.063000,331.063000,105240929
2022-03-17,329.166000,335.130000,327.873000,335.071000,335.071000,67809951
2022-03-18,333.417000,342.221000,332.260000,341.929000,341.929000,85494772
2022-03-21,341.095000,343.316000,336.590000,340.978000,340.978000,73799022
2022-03-22,341.475000,348.546000,341.095000,347.679000,347.679000,63345881
2022-03-23,344.806000,348.361000,342.624000,342.682000,342.682000,70615427
2022-03-24,344.601000,350.348000,342.453000,350.299000,350.299000,53550284
2022-03-25,350.241000,351.293000,345.715000,350.007000,350.007000,57584058
2022-03-28,349.997000,355.520000,348.760000,355.422000,355.422000,56833861
2022-03-29,359.309000,362.162000,356.542000,361.539000,361.539000,68072455
2022-03-30,359.674000,361.335000,356.065000,357.546000,357.546000,68757507
2022-03-31,357.692000,358.042000,352.276000,353.114000,353.114000,67011315
2022-04-01,353.377000,354.156000,349.267000,352.442000,352.442000,54527461
2022-04-04,353.280000,359.708000,353.017000,359.698000,359.698000,45949861
2022-04-05,358.247000,358.958000,350.572000,351.711000,351.711000,62735747
2022-04-06,346.403000,347.504000,341.445000,344.075000,344.075000,90076561
2022-04-07,343.082000,347.085000,339.624000,344.893000,344.893000,63777373
2022-04-08,343.160000,343.910000,339.439000,340.072000,340.072000,61956094
2022-04-11,335.845000,336.761000,331.681000,332.027000,332.027000,66107398
2022-04-12,336.770000,338.650000,329.246000,330.624000,330.624000,72789915
2022-04-13,330.965000,338.397000,330.244000,337.345000,337.345000,61367755
2022-04-14,337.433000,337.949000,329.417000,329.631000,329.631000,73517800
2022-04-18,328.579000,332.173000,327.060000,329.884000,329.884000,58560555
2022-04-19,329.241000,337.832000,328.219000,337.257000,337.257000,56513639
2022-04-20,338.066000,338.523000,331.121000,332.339000,332.339000,65499722
2022-04-21,336.215000,338.825000,324.537000,325.462000,325.462000,75800308
2022-04-22,325.618000,326.835000,316.511000,316.940000,316.940000,82562145
2022-04-25,315.313000,321.323000,314.047000,321.011000,321.011000,101755856
2022-04-26,318.956000,319.141000,308.617000,308.894000,308.894000,105818679
2022-04-27,308.992000,314.485000,306.810000,308.524000,308.524000,111204144
2022-04-28,313.482000,321.313000,309.264000,319.482000,319.482000,99448920
2022-04-29,315.284000,318.717000,304.472000,305.106000,305.106000,91977859
2022-05-02,304.696000,310.433000,301.594000,310.200000,310.200000,115511770
2022-05-03,310.219000,312.820000,307.765000,310.531000,310.531000,78185317
2022-05-04,311.008000,321.702000,305.730000,321.030000,321.030000,116083395
2022-05-05,316.716000,316.794000,301.570000,304.862000,304.862000,154603887
2022-05-06,302.865000,306.898000,297.172000,301.210000,301.210000,139572599
2022-05-09,295.590000,301.306000,288.031000,289.424000,289.424000,113387205
2022-05-10,296.593000,297.810000,288.859000,292.940000,292.940000,124123136
2022-05-11,290.681000,296.184000,283.385000,284.252000,284.252000,140326145
2022-05-12,279.976000,288.061000,277.532000,283.580000,283.580000,120910819
2022-05-13,288.031000,295.121000,286.437000,294.090000,294.090000,83684931
2022-05-16,292.346000,294.401000,289.405000,290.681000,290.681000,59190432
2022-05-17,296.534000,298.589000,292.736000,298.210000,298.210000,62713247
2022-05-18,293.700000,294.392000,282.314000,283.570000,283.570000,79477109
2022-05-19,281.768000,286.736000,280.103000,282.051000,282.051000,79920709
2022-05-20,285.509000,286.161000,272.925000,281.174000,281.174000,91760571
2022-05-23,282.217000,286.229000,279.820000,285.850000,285.850000,63646665
2022-05-24,280.634000,281.350000,274.912000,279.772000,279.772000,73491024
2022-05-25,278.282000,285.762000,278.077000,283.687000,283.687000,67145998
2022-05-26,282.889000,293.096000,282.606000,291.547000,291.547000,59462231
2022-05-27,294.674000,301.210000,294.557000,301.063000,301.063000,66985446
2022-05-31,301.034000,303.235000,296.417000,300.265000,300.265000,60970240
2022-06-01,302.398000,304.521000,295.833000,298.044000,298.044000,65340903
2022-06-02,296.924000,306.381000,295.512000,306.206000,306.206000,59288259
2022-06-03,300.995000,302.398000,296.992000,298.239000,298.239000,60914289
2022-06-06,302.671000,304.229000,297.674000,299.232000,299.232000,51785013
2022-06-07,295.911000,302.593000,294.819000,301.813000,301.813000,44900722
2022-06-08,301.015000,303.615000,298.794000,299.641000,299.641000,38342062
2022-06-09,297.956000,301.015000,291.450000,291.616000,291.616000,55898062
2022-06-10,286.015000,287.203000,280.886000,281.330000,281.330000,85963459
2022-06-13,272.477000,274.999000,267.392000,268.249000,268.249000,94441990
2022-06-14,270.441000,271.415000,266.231000,268.736000,268.736000,64697521
2022-06-15,272.150000,279.372000,269.418000,275.447000,275.447000,86050846
2022-06-16,268.425000,268.882000,262.279000,264.334000,264.334000,81910146
2022-06-17,265.103000,269.983000,263.479000,267.548000,267.548000,82703154
2022-06-21,272.032000,276.619000,271.925000,274.306000,274.306000,51633666
2022-06-22,271.808000,278.307000,271.212000,273.906000,273.906000,67472145
2022-06-23,276.385000,278.834000,273.555000,277.985000,277.985000,57457196
2022-06-24,280.805000,287.930000,280.571000,287.510000,287.510000,58422262
2022-06-27,288.866000,289.432000,284.270000,285.402000,285.402000,54148952
2022-06-28,285.939000,288.525000,276.521000,276.707000,276.707000,61866489
2022-06-29,276.570000,278.463000,274.072000,276.960000,276.960000,57302183
2022-06-30,273.984000,277.101000,269.134000,273.525000,273.525000,79313580
2022-07-01,272.227000,275.721000,270.354000,275.331000,275.331000,56675093
2022-07-05,271.603000,280.161000,270.080000,280.044000,280.044000,61829272
2022-07-06,280.425000,283.938000,278.707000,281.840000,281.840000,63193125
2022-07-07,282.650000,288.574000,282.650000,287.871000,287.871000,56620114
2022-07-08,285.041000,289.598000,284.104000,288.232000,288.232000,59895178
2022-07-11,285.822000,286.046000,281.196000,282.074000,282.074000,55273920
2022-07-12,283.323000,285.236000,277.751000,279.342000,279.342000,55796578
2022-07-13,273.838000,281.108000,273.272000,278.766000,278.766000,73939398
2022-07-14,276.170000,280.630000,273.057000,279.761000,279.761000,63741537
2022-07-15,282.748000,284.943000,281.137000,284.836000,284.836000,63817934
2022-07-18,287.617000,289.023000,281.254000,282.425000,282.425000,59519581
2022-07-19,286.046000,291.404000,284.446000,291.111000,291.111000,55172602
2022-07-20,291.531000,296.908000,290.753000,295.727000,295.727000,67768431
2022-07-21,296.186000,300.026000,293.531000,299.972000,299.972000,55049117
2022-07-22,299.045000,301.114000,292.882000,294.712000,294.712000,57127612
2022-07-25,294.741000,295.210000,291.033000,293.033000,293.033000,40580569
2022-07-26,291.335000,291.589000,286.466000,287.276000,287.276000,50074122
2022-07-27,291.833000,301.104000,291.267000,299.416000,299.416000,69303720
2022-07-28,299.201000,302.916000,295.449000,302.344000,302.344000,55139819
2022-07-29,303.881000,308.765000,302.462000,307.857000,307.857000,57499753
2022-08-01,306.091000,311.127000,304.998000,307.672000,307.672000,46355308
2022-08-02,305.379000,310.868000,304.325000,306.755000,306.755000,48675898
2022-08-03,308.433000,315.927000,308.375000,315.108000,315.108000,53735729
2022-08-04,315.186000,316.894000,313.039000,316.582000,316.582000,38973638
2022-08-05,311.498000,316.026000,310.717000,313.996000,313.996000,53893972
2022-08-08,314.913000,318.602000,311.517000,312.981000,312.981000,44066197
2022-08-09,311.088000,311.341000,307.818000,309.438000,309.438000,39763820
2022-08-10,316.767000,318.368000,314.298000,318.075000,318.075000,51459564
2022-08-11,320.393000,322.398000,315.567000,316.270000,316.270000,45897350
2022-08-12,318.314000,322.618000,317.265000,322.428000,322.428000,40925406
2022-08-15,321.481000,325.526000,321.461000,325.033000,325.033000,38266614
2022-08-16,324.052000,326.361000,321.227000,324.272000,324.272000,41186163
2022-08-17,321.139000,323.443000,318.495000,320.573000,320.573000,47839194
2022-08-18,320.525000,322.525000,318.914000,321.344000,321.344000,41937167
2022-08-19,318.309000,318.963000,314.318000,315.079000,315.079000,51768969
2022-08-22,310.824000,311.058000,305.974000,306.784000,306.784000,51097388
2022-08-23,306.550000,309.360000,305.779000,306.530000,306.530000,39497074
2022-08-24,306.052000,309.233000,305.447000,307.418000,307.418000,38057059
2022-08-25,309.194000,312.874000,308.148000,312.854000,312.854000,38098235
2022-08-26,312.561000,313.762000,299.943000,300.031000,300.031000,69047640
2022-08-29,297.279000,299.816000,295.971000,297.074000,297.074000,48321851
2022-08-30,298.723000,299.338000,291.248000,293.765000,293.765000,51180740
2022-08-31,296.664000,297.562000,291.950000,292.058000,292.058000,50043441
2022-09-01,289.569000,292.555000,285.890000,292.184000,292.184000,57990745
2022-09-02,295.054000,296.430000,286.446000,288.056000,288.056000,64666611
2022-09-06,288.535000,289.452000,283.860000,285.987000,285.987000,57005310
2022-09-07,286.466000,292.760000,286.202000,291.765000,291.765000,49260380
2022-09-08,289.696000,294.595000,288.330000,293.277000,293.277000,55646979
2022-09-09,295.532000,300.187000,293.278000,299.689000,299.689000,56124575
2022-09-12,301.065000,303.583000,300.753000,303.251000,303.251000,45905737
2022-09-13,294.527000,295.717000,285.729000,286.622000,286.622000,79561672
2022-09-14,287.759000,289.774000,285.997000,288.896000,288.896000,54906696
2022-09-15,286.983000,289.384000,282.484000,284.084000,284.084000,65298911
2022-09-16,280.786000,282.738000,278.737000,282.347000,282.347000,79920368
2022-09-19,279.691000,284.687000,279.633000,284.530000,284.530000,52612918
2022-09-20,282.028000,284.550000,279.965000,282.262000,282.262000,51271117
2022-09-21,283.103000,287.366000,277.071000,277.208000,277.208000,82930963
2022-09-22,275.683000,276.690000,272.570000,273.796000,273.796000,62757073
2022-09-23,271.333000,271.626000,265.927000,269.339000,269.339000,74815189
2022-09-26,268.869000,273.229000,267.432000,268.224000,268.224000,71176694
2022-09-27,271.587000,273.933000,266.015000,268.332000,268.332000,69780115
2022-09-28,268.312000,274.950000,266.831000,273.669000,273.669000,79652140
2022-09-29,269.681000,270.062000,262.818000,265.780000,265.780000,81215957
2022-09-30,264.959000,269.026000,261.117000,261.273000,261.273000,78482378
2022-10-03,263.043000,268.996000,261.537000,267.403000,267.403000,61267449
2022-10-04,272.741000,276.514000,272.741000,275.810000,275.810000,66696931
2022-10-05,272.047000,277.453000,269.251000,275.664000,275.664000,55766318
2022-10-06,274.666000,277.814000,273.171000,273.493000,273.493000,53489411
2022-10-07,268.860000,268.987000,261.743000,263.072000,263.072000,71354674
2022-10-10,263.268000,263.659000,257.734000,260.442000,260.442000,60392990
2022-10-11,258.771000,261.635000,255.183000,256.864000,256.864000,66522509
2022-10-12,257.500000,259.416000,256.082000,256.776000,256.776000,50580179
2022-10-13,249.444000,264.118000,248.565000,262.798000,262.798000,112894068
2022-10-14,265.125000,265.721000,254.313000,254.899000,254.899000,77244302
2022-10-17,260.863000,264.187000,260.765000,263.317000,263.317000,64576452
2022-10-18,270.336000,271.000000,262.720000,265.399000,265.399000,69780995
2022-10-19,263.884000,267.550000,262.065000,264.431000,264.431000,53115405
2022-10-20,263.541000,268.684000,261.919000,263.082000,263.082000,60605496
2022-10-21,261.977000,269.787000,260.847000,269.251000,269.251000,77897440
2022-10-24,269.515000,273.141000,265.878000,272.213000,272.213000,63963569
2022-10-25,273.151000,278.225000,271.675000,277.844000,277.844000,59014494
2022-10-26,272.222000,277.619000,271.216000,271.704000,271.704000,63898246
2022-10-27,270.590000,272.047000,266.240000,266.758000,266.758000,57760302
2022-10-28,266.132000,275.388000,265.966000,274.921000,274.921000,62651312
2022-10-31,272.672000,273.493000,269.808000,271.724000,271.724000,47741952
2022-11-01,275.190000,275.752000,268.586000,268.948000,268.948000,45895897
2022-11-02,268.918000,271.978000,259.660000,259.729000,259.729000,79803142
2022-11-03,257.119000,258.575000,254.274000,254.655000,254.655000,70038903
2022-11-04,259.582000,260.638000,253.277000,258.751000,258.751000,78313213
2022-11-07,259.797000,262.134000,257.666000,261.596000,261.596000,47333828
2022-11-08,263.111000,266.738000,259.572000,263.502000,263.502000,63213785
2022-11-09,261.762000,262.544000,257.138000,257.422000,257.422000,64862129
2022-11-10,269.827000,276.710000,267.716000,276.416000,276.416000,99256693
2022-11-11,276.231000,282.174000,274.891000,281.510000,281.510000,66961751
2022-11-14,279.457000,282.737000,278.069000,279.046000,279.046000,55322656
2022-11-15,285.664000,286.691000,279.564000,282.908000,282.908000,73985372
2022-11-16,280.952000,283.000000,278.225000,279.046000,279.046000,48859804
2022-11-17,274.588000,279.905000,274.432000,278.430000,278.430000,55462076
2022-11-18,281.441000,281.539000,275.997000,278.440000,278.440000,53588631
2022-11-21,277.052000,278.205000,274.745000,275.576000,275.576000,40083527
2022-11-22,276.309000,279.701000,274.178000,279.545000,279.545000,41873444
2022-11-23,279.564000,282.976000,279.388000,282.350000,282.350000,46389967
2022-11-25,280.757000,281.461000,280.004000,280.493000,280.493000,15498797
2022-11-28,278.518000,280.532000,275.449000,276.377000,276.377000,38877045
2022-11-29,276.602000,277.003000,272.917000,274.285000,274.285000,35618878
2022-11-30,274.549000,286.896000,273.699000,286.789000,286.789000,74718088
2022-12-01,287.111000,289.125000,284.364000,287.141000,287.141000,51547332
2022-12-02,282.077000,286.877000,281.901000,285.997000,285.997000,53583172
2022-12-05,283.875000,285.146000,279.740000,281.197000,281.197000,41482121
2022-12-06,281.040000,281.177000,273.977000,275.370000,275.370000,53937605
2022-12-07,274.187000,276.240000,272.535000,274.246000,274.246000,45614254
2022-12-08,275.595000,278.460000,273.523000,277.492000,277.492000,42594913
2022-12-09,276.475000,279.242000,275.282000,275.722000,275.722000,47860487
2022-12-12,275.898000,279.242000,274.862000,279.183000,279.183000,35732518
2022-12-13,290.005000,290.225000,279.506000,282.184000,282.184000,80667675
2022-12-14,281.598000,284.882000,276.847000,280.092000,280.092000,64984432
2022-12-15,276.006000,276.671000,269.495000,270.688000,270.688000,60554119
2022-12-16,270.013000,271.548000,266.504000,268.107000,268.107000,68300351
2022-12-19,268.393000,268.481000,263.120000,264.355000,264.355000,44167920
2022-12-20,263.189000,265.894000,261.611000,264.149000,264.149000,51064199
2022-12-21,265.188000,269.284000,264.345000,267.981000,267.981000,46394694
2022-12-22,264.972000,265.105000,257.206000,261.425000,261.425000,60278377
2022-12-23,260.161000,262.679000,258.259000,262.013000,262.013000,39373584
2022-12-27,261.405000,261.513000,257.769000,258.308000,258.308000,38009005
2022-12-28,257.907000,260.161000,254.535000,254.898000,254.898000,47139043
2022-12-29,257.701000,262.057000,257.005000,261.111000,261.111000,45893567
2022-12-30,258.348000,261.082000,257.044000,260.954000,260.954000,37858277
2023-01-03,263.277000,264.752000,256.887000,259.190000,259.190000,42335325
2023-01-04,261.307000,262.101000,257.279000,260.425000,260.425000,47754861
2023-01-05,258.759000,258.926000,256.035000,256.348000,256.348000,45396744
2023-01-06,258.083000,264.541000,255.133000,263.424000,263.424000,54659739
2023-01-09,265.413000,269.784000,264.522000,265.129000,265.129000,45568676
2023-01-10,264.100000,267.481000,263.591000,267.373000,267.373000,35247763
2023-01-11,268.442000,272.107000,267.658000,271.999000,271.999000,44077036
2023-01-12,272.558000,274.498000,268.265000,273.469000,273.469000,60599953
2023-01-13,270.970000,275.595000,270.637000,275.351000,275.351000,44802936
2023-01-17,275.155000,277.193000,273.989000,275.909000,275.909000,36269738
2023-01-18,277.448000,278.996000,272.117000,272.322000,272.322000,47754549
2023-01-19,270.696000,271.828000,268.412000,269.647000,269.647000,44150436
2023-01-20,271.254000,277.360000,270.196000,277.026000,277.026000,60613606
2023-01-23,277.869000,284.406000,277.075000,283.181000,283.181000,52799905
2023-01-24,281.564000,283.759000,281.044000,282.603000,282.603000,44875146
2023-01-25,278.095000,282.593000,275.556000,281.975000,281.975000,50872022
2023-01-26,285.396000,287.650000,282.749000,287.473000,287.473000,51596335
2023-01-27,286.160000,292.295000,286.042000,290.335000,290.335000,56441939
2023-01-30,287.071000,288.492000,284.092000,284.465000,284.465000,49405833
2023-01-31,284.504000,288.826000,284.396000,288.728000,288.728000,46705106
2023-02-01,288.522000,297.361000,286.454000,294.902000,294.902000,67562173
2023-02-02,301.419000,307.406000,300.595000,305.486000,305.486000,83070628
2023-02-03,298.841000,306.142000,298.449000,300.056000,300.056000,76575060
2023-02-06,297.440000,299.792000,296.176000,297.518000,297.518000,40802348
2023-02-07,297.391000,304.809000,296.274000,303.682000,303.682000,67583981
2023-02-08,302.369000,303.310000,297.597000,298.283000,298.283000,56720860
2023-02-09,302.663000,302.810000,294.196000,295.646000,295.646000,49137818
2023-02-10,293.490000,295.539000,291.305000,293.706000,293.706000,50050104
2023-02-13,295.107000,298.998000,293.931000,298.410000,298.410000,39636720
2023-02-14,296.832000,301.566000,294.892000,300.615000,300.615000,64079057
2023-02-15,298.802000,303.085000,298.116000,302.918000,302.918000,43427298
2023-02-16,298.292000,302.261000,297.087000,297.234000,297.234000,59498630
2023-02-17,295.049000,295.891000,292.138000,295.137000,295.137000,58230729
2023-02-21,291.315000,292.755000,288.012000,288.149000,288.149000,46526708
2023-02-22,288.728000,290.433000,286.709000,288.365000,288.365000,51389237
2023-02-23,292.011000,292.167000,286.699000,290.884000,290.884000,69294443
2023-02-24,285.925000,287.111000,284.249000,286.013000,286.013000,74331958
2023-02-27,289.169000,290.560000,287.473000,288.061000,288.061000,48995009
2023-02-28,287.434000,290.202000,287.101000,287.689000,287.689000,48243141
2023-03-01,287.395000,288.051000,284.396000,285.376000,285.376000,58286972
2023-03-02,282.887000,288.541000,282.603000,287.738000,287.738000,53738557
2023-03-03,289.482000,293.922000,288.973000,293.686000,293.686000,60511540
2023-03-06,294.921000,297.920000,293.824000,294.020000,294.020000,56736294
2023-03-07,294.069000,294.990000,289.806000,290.413000,290.413000,65955756
2023-03-08,290.835000,292.461000,288.982000,291.864000,291.864000,50876265
2023-03-09,292.363000,294.960000,285.993000,286.807000,286.807000,71456691
2023-03-10,286.973000,288.463000,281.632000,282.779000,282.779000,98593561
2023-03-13,280.995000,288.581000,279.486000,284.876000,284.876000,97123603
2023-03-14,288.424000,291.971000,287.581000,291.423000,291.423000,73602545
2023-03-15,288.816000,293.285000,287.375000,292.951000,292.951000,83631535
2023-03-16,292.040000,301.036000,291.246000,300.674000,300.674000,98556824
2023-03-17,300.586000,302.967000,297.303000,299.253000,299.253000,89923732
2023-03-20,298.631000,300.633000,296.423000,300.310000,300.310000,56359491
2023-03-21,302.243000,305.050000,300.727000,304.599000,304.599000,49757048
2023-03-22,304.530000,309.418000,300.290000,300.457000,300.457000,75791914
2023-03-23,304.186000,308.338000,301.330000,304.020000,304.020000,74575981
2023-03-24,303.598000,305.237000,301.271000,305.139000,305.139000,57245803
2023-03-27,305.835000,306.915000,302.194000,303.048000,303.048000,50287407
2023-03-28,302.469000,302.498000,299.136000,301.438000,301.438000,48585917
2023-03-29,305.129000,307.553000,304.314000,306.935000,306.935000,53274266
2023-03-30,309.408000,310.468000,307.022000,309.840000,309.840000,58354808
2023-03-31,310.066000,315.228000,309.761000,314.993000,314.993000,62138097
2023-04-03,312.873000,314.492000,311.548000,314.227000,314.227000,47126839
2023-04-04,314.669000,315.680000,311.945000,313.167000,313.167000,45875384
2023-04-05,312.215000,313.157000,308.260000,310.075000,310.075000,62795706
2023-04-06,308.427000,312.657000,307.033000,312.166000,312.166000,46916496
2023-04-10,309.241000,312.038000,307.455000,311.989000,311.989000,45134736
2023-04-11,311.950000,312.009000,309.477000,309.987000,309.987000,40113594
2023-04-12,311.940000,312.529000,306.783000,307.249000,307.249000,62813305
2023-04-13,309.006000,313.736000,307.828000,313.265000,313.265000,54613792
2023-04-14,311.715000,314.433000,309.771000,312.676000,312.676000,56278284
2023-04-17,312.264000,313.295000,310.193000,312.941000,312.941000,43007023
2023-04-18,315.052000,315.474000,311.764000,312.961000,312.961000,46746940
2023-04-19,310.556000,313.874000,310.429000,312.814000,312.814000,38960127
2023-04-20,309.850000,313.364000,309.143000,310.429000,310.429000,62462142
2023-04-21,310.066000,311.528000,308.289000,310.753000,310.753000,59002285
2023-04-24,310.527000,311.861000,307.936000,310.105000,310.105000,44043063
2023-04-25,308.476000,309.143000,304.157000,304.255000,304.255000,57121644
2023-04-26,307.641000,309.109000,305.580000,306.100000,306.100000,55400496
2023-04-27,309.860000,314.924000,309.222000,314.424000,314.424000,65430392
2023-04-28,314.188000,316.681000,313.059000,316.593000,316.593000,59712635
2023-05-01,316.131000,317.643000,315.150000,316.229000,316.229000,41013386
2023-05-02,316.161000,316.485000,311.734000,313.471000,313.471000,56519407
2023-05-03,313.835000,316.504000,311.312000,311.420000,311.420000,59882070
2023-05-04,311.194000,312.343000,309.285000,310.321000,310.321000,50224520
2023-05-05,312.578000,317.770000,310.362000,316.917000,316.917000,51806098
2023-05-08,316.455000,318.045000,315.371000,317.702000,317.702000,36465796
2023-05-09,316.043000,316.907000,315.376000,315.690000,315.690000,31768800
2023-05-10,318.124000,319.979000,315.650000,319.125000,319.125000,60446623
2023-05-11,319.675000,320.705000,318.124000,320.165000,320.165000,44278548
2023-05-12,320.695000,321.117000,316.966000,319.017000,319.017000,48432836
2023-05-15,319.488000,320.980000,317.967000,320.744000,320.744000,33375559
2023-05-16,320.028000,322.818000,319.989000,321.108000,321.108000,40019151
2023-05-17,322.168000,325.573000,320.990000,324.994000,324.994000,47486124
2023-05-18,325.387000,331.246000,325.367000,331.031000,331.031000,64213466
2023-05-19,331.246000,331.948000,329.225000,330.285000,330.285000,61554926
2023-05-22,330.029000,332.405000,330.020000,331.394000,331.394000,43015948
2023-05-23,329.676000,330.824000,326.840000,327.193000,327.193000,48216663
2023-05-24,325.240000,326.746000,323.463000,325.514000,325.514000,62891169
2023-05-25,332.866000,334.701000,330.437000,333.435000,333.435000,66862773
2023-05-26,334.456000,342.784000,334.358000,341.955000,341.955000,63006952
2023-05-30,346.185000,347.382000,342.082000,343.505000,343.505000,72652156
2023-05-31,341.925000,344.114000,340.100000,341.552000,341.552000,65105378
2023-06-01,341.297000,346.823000,340.247000,345.498000,345.498000,50488601
2023-06-02,347.255000,349.247000,345.498000,348.089000,348.089000,53372113
2023-06-05,347.873000,350.881000,347.304000,348.334000,348.334000,47266228
2023-06-06,347.726000,349.237000,346.401000,348.275000,348.275000,41390400
2023-06-07,348.560000,350.513000,341.739000,342.367000,342.367000,69225936
2023-06-08,342.661000,347.078000,342.436000,346.617000,346.617000,47153922
2023-06-09,348.069000,351.043000,346.499000,347.942000,347.942000,53196927
2023-06-12,349.600000,353.919000,348.629000,353.821000,353.821000,44817646
2023-06-13,356.569000,357.374000,353.369000,356.540000,356.540000,57097804
2023-06-14,356.550000,359.415000,353.752000,359.131000,359.131000,69525642
2023-06-15,357.865000,364.892000,357.246000,363.410000,363.410000,71138823
2023-06-16,365.825000,365.952000,360.682000,361.123000,361.123000,80931971
2023-06-20,359.656000,361.985000,357.631000,360.589000,360.589000,49204722
2023-06-21,359.449000,359.882000,354.751000,355.675000,355.675000,53378256
2023-06-22,354.427000,360.029000,354.024000,359.872000,359.872000,47603043
2023-06-23,355.980000,358.604000,354.617000,356.304000,356.304000,48922911
2023-06-26,355.774000,358.565000,351.439000,351.528000,351.528000,52685478
2023-06-27,353.071000,358.299000,352.344000,357.572000,357.572000,49428091
2023-06-28,355.754000,360.216000,355.679000,358.270000,358.270000,46498031
2023-06-29,357.975000,358.614000,355.911000,357.552000,357.552000,46150967
2023-06-30,361.228000,364.118000,360.914000,363.066000,363.066000,58712501
2023-07-03,363.705000,364.550000,362.624000,363.921000,363.921000,19432862
2023-07-05,362.353000,365.611000,362.319000,363.911000,363.911000,34460883
2023-07-06,360.206000,361.582000,358.250000,361.140000,361.140000,49374728
2023-07-07,360.914000,364.108000,359.715000,359.941000,359.941000,47133749
2023-07-10,359.665000,360.737000,357.159000,360.059000,360.059000,48498800
2023-07-11,360.481000,362.292000,358.349000,361.837000,361.837000,38214146
2023-07-12,365.936000,367.754000,363.931000,366.407000,366.407000,62257353
2023-07-13,369.582000,373.454000,369.002000,372.629000,372.629000,46960012
2023-07-14,373.056000,376.275000,371.675000,372.550000,372.550000,55148500
2023-07-17,373.267000,376.904000,372.786000,376.029000,376.029000,40868915
2023-07-18,375.390000,380.471000,373.464000,379.105000,379.105000,55343438
2023-07-19,380.167000,381.307000,377.690000,379.017000,379.017000,54092958
2023-07-20,376.029000,377.489000,369.258000,370.280000,370.280000,71941674
2023-07-21,372.658000,373.385000,368.738000,369.169000,369.169000,60499643
2023-07-24,370.142000,371.086000,367.901000,369.759000,369.759000,40380056
2023-07-25,370.466000,373.926000,370.447000,372.265000,372.265000,38894384
2023-07-26,371.223000,372.717000,368.727000,371.027000,371.027000,47075710
2023-07-27,376.481000,378.093000,368.855000,370.142000,370.142000,63940225
2023-07-28,374.191000,377.906000,373.680000,376.884000,376.884000,56902926
2023-07-31,377.189000,378.260000,375.764000,377.081000,377.081000,44019905
2023-08-01,375.734000,376.963000,374.142000,376.206000,376.206000,41308457
2023-08-02,372.737000,372.737000,366.712000,367.950000,367.950000,72687107
2023-08-03,365.543000,369.484000,365.376000,367.361000,367.361000,47855381
2023-08-04,369.287000,371.597000,365.140000,365.641000,365.641000,61702759
2023-08-07,367.449000,368.835000,365.120000,368.737000,368.737000,37230444
2023-08-08,366.231000,366.250000,362.476000,365.602000,365.602000,44726453
2023-08-09,365.887000,366.044000,360.825000,361.582000,361.582000,51150900
2023-08-10,364.589000,367.921000,360.722000,362.250000,362.250000,72035265
2023-08-11,359.695000,361.670000,358.417000,359.941000,359.941000,48707187
2023-08-14,359.145000,364.098000,358.427000,363.980000,363.980000,42130802
2023-08-15,363.007000,363.802000,359.449000,360.118000,360.118000,45539891
2023-08-16,359.577000,361.110000,356.206000,356.304000,356.304000,53190525
2023-08-17,357.700000,358.044000,352.000000,352.412000,352.412000,62604338
2023-08-18,349.150000,353.228000,348.609000,351.970000,351.970000,61191389
2023-08-21,353.435000,358.319000,352.973000,357.641000,357.641000,50696518
2023-08-22,360.245000,360.255000,356.442000,357.130000,357.130000,44613509
2023-08-23,358.309000,363.852000,358.093000,362.761000,362.761000,51770603
2023-08-24,366.231000,366.329000,354.801000,355.007000,355.007000,66842491
2023-08-25,355.842000,359.449000,352.412000,357.759000,357.759000,69960465
2023-08-28,360.678000,361.385000,357.985000,360.452000,360.452000,40910019
2023-08-29,360.255000,368.678000,359.932000,368.324000,368.324000,58492371
2023-08-30,368.432000,370.955000,367.430000,370.378000,370.378000,41731511
2023-08-31,370.457000,373.188000,370.388000,371.489000,371.489000,35730701
2023-09-01,373.857000,374.280000,369.611000,371.095000,371.095000,39801177
2023-09-05,370.290000,372.785000,369.366000,371.567000,371.567000,32344222
2023-09-06,370.791000,371.135000,366.290000,368.294000,368.294000,42998735
2023-09-07,363.842000,366.437000,362.801000,365.661000,365.661000,52060716
2023-09-08,365.611000,368.403000,365.208000,366.172000,366.172000,35847359
2023-09-11,369.199000,370.997000,367.233000,370.486000,370.486000,39936634
2023-09-12,368.815000,370.468000,366.093000,366.378000,366.378000,41391024
2023-09-13,366.614000,369.376000,365.484000,367.774000,367.774000,46300677
2023-09-14,369.523000,371.764000,367.459000,370.781000,370.781000,48039388
2023-09-15,369.444000,369.847000,363.498000,364.432000,364.432000,69811206
2023-09-18,363.522000,365.953000,363.236000,364.841000,364.841000,36903545
2023-09-19,363.522000,364.863000,361.041000,364.063000,364.063000,37652432
2023-09-20,365.126000,365.480000,358.738000,358.817000,358.817000,45514189
2023-09-21,355.135000,355.923000,352.074000,352.242000,352.242000,69734845
2023-09-22,353.984000,356.120000,351.976000,352.291000,352.291000,51589689
2023-09-25,351.326000,354.053000,350.342000,353.964000,353.964000,39167985
2023-09-26,351.385000,351.927000,347.665000,348.649000,348.649000,53657748
2023-09-27,349.801000,351.375000,345.844000,349.466000,349.466000,56065972
2023-09-28,348.550000,354.515000,347.694000,352.389000,352.389000,56453312
2023-09-29,355.864000,357.252000,351.415000,352.645000,352.645000,64829616
2023-10-02,352.911000,356.986000,352.301000,355.588000,355.588000,51625054
2023-10-03,353.147000,355.342000,347.729000,349.348000,349.348000,60478489
2023-10-04,350.184000,354.948000,349.722000,354.102000,354.102000,54786686
2023-10-05,354.092000,354.496000,349.564000,353.059000,353.059000,45897390
2023-10-06,350.066000,360.165000,349.279000,358.974000,358.974000,75049119
2023-10-09,356.612000,361.346000,355.116000,360.805000,360.805000,45304766
2023-10-10,361.140000,365.451000,360.638000,362.803000,362.803000,46968806
2023-10-11,364.132000,365.581000,362.409000,365.392000,365.392000,38215088
2023-10-12,365.894000,367.872000,361.730000,364.122000,364.122000,49587942
2023-10-13,364.752000,365.333000,358.147000,359.545000,359.545000,52519876
2023-10-16,360.864000,364.663000,360.716000,363.610000,363.610000,44201059
2023-10-17,360.067000,364.112000,357.951000,362.419000,362.419000,50999102
2023-10-18,359.929000,362.134000,356.336000,357.665000,357.665000,54280490
2023-10-19,359.082000,360.273000,353.521000,354.318000,354.318000,72274238
2023-10-20,353.816000,354.387000,348.806000,349.033000,349.033000,72559723
2023-10-23,347.714000,353.620000,345.607000,350.086000,350.086000,60665185
2023-10-24,351.897000,354.259000,350.204000,353.492000,353.492000,47082078
2023-10-25,351.100000,351.277000,344.259000,344.840000,344.840000,71190536
2023-10-26,343.639000,344.574000,336.975000,338.265000,338.265000,78621425
2023-10-27,340.991000,343.363000,338.678000,339.889000,339.889000,63476707
2023-10-30,342.369000,345.037000,341.011000,343.718000,343.718000,55298536
2023-10-31,343.747000,345.735000,341.178000,345.361000,345.361000,47671906
2023-11-01,346.198000,351.917000,346.100000,351.356000,351.356000,58992666
2023-11-02,355.864000,357.970000,354.643000,357.734000,357.734000,58162442
2023-11-03,359.023000,363.226000,358.797000,361.937000,361.937000,53280457
2023-11-06,362.705000,363.974000,361.150000,363.413000,363.413000,39164458
2023-11-07,364.457000,367.715000,363.251000,366.849000,366.849000,50777398
2023-11-08,367.223000,367.921000,364.801000,367.085000,367.085000,35663373
2023-11-09,367.774000,368.916000,363.768000,364.260000,364.260000,53859421
2023-11-10,365.982000,372.597000,365.451000,372.449000,372.449000,58368439
2023-11-13,370.874000,372.341000,369.349000,371.288000,371.288000,40733505
2023-11-14,377.686000,380.196000,377.164000,379.280000,379.280000,67792634
2023-11-15,381.170000,381.662000,378.203000,379.566000,379.566000,54141385
2023-11-16,378.798000,380.127000,377.538000,379.891000,379.891000,45343544
2023-11-17,379.162000,380.993000,378.257000,379.979000,379.979000,46622745
2023-11-20,379.989000,385.265000,379.989000,384.605000,384.605000,44536669
2023-11-21,382.903000,383.119000,380.629000,382.371000,382.371000,43336989
2023-11-22,384.438000,386.899000,382.932000,383.936000,383.936000,44178572
2023-11-24,383.532000,384.123000,382.401000,383.395000,383.395000,15718832
2023-11-27,382.903000,385.009000,382.184000,383.060000,383.060000,34139656
2023-11-28,382.312000,384.645000,381.958000,384.064000,384.064000,35491123
2023-11-29,386.525000,387.952000,383.345000,383.690000,383.690000,38811745
2023-11-30,383.956000,384.418000,379.763000,382.725000,382.725000,52834381
2023-12-01,381.662000,384.409000,380.012000,383.818000,383.818000,40490068
2023-12-04,380.028000,380.525000,376.652000,380.255000,380.255000,51186944
2023-12-05,378.355000,382.401000,378.178000,381.210000,381.210000,42932956
2023-12-06,384.143000,384.241000,378.660000,379.005000,379.005000,41994072
2023-12-07,381.977000,385.127000,380.885000,384.300000,384.300000,49593545
2023-12-08,382.568000,386.456000,382.381000,386.013000,386.013000,46687525
2023-12-11,385.590000,389.576000,385.383000,389.310000,389.310000,41198021
2023-12-12,389.350000,392.529000,388.218000,392.411000,392.411000,39221152
2023-12-13,393.346000,398.012000,392.578000,397.401000,397.401000,55408129
2023-12-14,398.622000,399.921000,394.055000,397.057000,397.057000,55447808
2023-12-15,397.834000,400.157000,397.234000,398.976000,398.976000,62896645
2023-12-18,399.342000,402.360000,399.017000,401.462000,401.462000,46609985
2023-12-19,401.916000,403.632000,401.724000,403.514000,403.514000,35711855
2023-12-20,402.715000,404.806000,397.340000,397.517000,397.517000,54042443
2023-12-21,401.443000,402.508000,398.888000,402.143000,402.143000,45568914
2023-12-22,403.356000,404.312000,400.870000,402.744000,402.744000,34447033
2023-12-26,403.602000,405.880000,403.504000,405.210000,405.210000,22722545
2023-12-27,405.484000,406.311000,404.626000,406.027000,406.027000,31980481
2023-12-28,407.181000,407.428000,405.474000,405.830000,405.830000,27029152
2023-12-29,405.810000,406.165000,402.159000,404.073000,404.073000,42662120
2024-01-02,400.442000,400.689000,394.917000,397.236000,397.236000,58026946
2024-01-03,394.611000,395.667000,392.598000,393.032000,393.032000,47002803
2024-01-04,391.167000,394.275000,390.792000,391.009000,391.009000,39432797
2024-01-05,391.177000,394.246000,390.082000,391.473000,391.473000,44922810
2024-01-08,392.697000,399.850000,392.549000,399.564000,399.564000,42473796
2024-01-09,396.565000,401.281000,396.367000,400.354000,400.354000,39132860
2024-01-10,400.669000,404.068000,399.781000,403.067000,403.067000,33962774
2024-01-11,404.340000,405.731000,398.866000,403.906000,403.906000,54536198
2024-01-12,404.942000,405.780000,402.722000,404.113000,404.113000,39594952
2024-01-16,402.879000,405.652000,401.419000,404.073000,404.073000,43903027
2024-01-17,400.768000,402.164000,397.561000,401.794000,401.794000,54385974
2024-01-18,405.060000,408.074000,403.718000,407.497000,407.497000,59562505
2024-01-19,409.698000,415.736000,409.110000,415.578000,415.578000,70325123
2024-01-22,417.779000,419.079000,415.519000,416.121000,416.121000,44880639
2024-01-23,416.812000,418.065000,414.976000,417.848000,417.848000,33003806
2024-01-24,421.755000,424.133000,419.673000,420.166000,420.166000,46948016
2024-01-25,422.663000,423.334000,418.341000,420.680000,420.680000,44367205
2024-01-26,418.795000,420.541000,417.522000,418.173000,418.173000,37137028
2024-01-29,418.627000,422.653000,417.976000,422.456000,422.456000,38694724
2024-01-30,421.420000,421.992000,418.736000,419.644000,419.644000,36738956
2024-01-31,415.253000,417.246000,411.247000,411.424000,411.424000,64010649
2024-02-01,413.220000,416.757000,412.253000,416.269000,416.269000,51008622
2024-02-02,418.163000,424.518000,417.167000,423.304000,423.304000,59602435
2024-02-05,423.363000,423.896000,419.348000,422.752000,422.752000,39889209
2024-02-06,423.896000,424.498000,419.565000,421.903000,421.903000,35846134
2024-02-07,424.686000,427.073000,423.383000,426.245000,426.245000,37712661
2024-02-08,426.363000,427.794000,425.682000,427.034000,427.034000,29889892
2024-02-09,428.169000,432.022000,427.379000,431.237000,431.237000,36943905
2024-02-12,431.129000,433.299000,428.869000,429.550000,429.550000,33203305
2024-02-13,421.597000,425.534000,419.674000,422.850000,422.850000,64491669
2024-02-14,425.524000,427.882000,423.176000,427.458000,427.458000,45092722
2024-02-15,428.149000,429.195000,425.593000,428.731000,428.731000,38796137
2024-02-16,429.106000,429.205000,424.133000,424.843000,424.843000,53716475
2024-02-20,422.850000,424.360000,417.867000,421.637000,421.637000,53999452
2024-02-21,418.903000,420.038000,416.022000,419.949000,419.949000,50179697
2024-02-22,428.711000,433.280000,427.942000,432.244000,432.244000,53887751
2024-02-23,433.803000,434.730000,429.994000,430.971000,430.971000,39853861
2024-02-26,431.780000,432.767000,430.551000,430.744000,430.744000,33043238
2024-02-27,431.849000,432.165000,429.239000,431.780000,431.780000,33713220
2024-02-28,429.639000,430.862000,428.524000,429.481000,429.481000,32938821
2024-02-29,432.402000,434.237000,429.234000,433.161000,433.161000,42495152
2024-03-01,434.049000,440.640000,433.990000,439.683000,439.683000,43853029
2024-03-04,439.683000,440.108000,437.868000,438.115000,438.115000,34325687
2024-03-05,435.075000,435.085000,427.882000,430.251000,430.251000,57917135
2024-03-06,434.464000,436.112000,431.079000,432.954000,432.954000,46234460
2024-03-07,436.536000,440.779000,434.997000,439.526000,439.526000,44526666
2024-03-08,439.881000,442.673000,432.510000,433.181000,433.181000,72095957
2024-03-11,431.691000,432.826000,429.649000,431.573000,431.573000,45859992
2024-03-12,433.882000,438.115000,430.655000,437.759000,437.759000,55300909
2024-03-13,436.763000,436.782000,433.280000,434.395000,434.395000,37928691
2024-03-14,435.628000,436.151000,430.586000,433.299000,433.299000,52195208
2024-03-15,430.270000,433.036000,426.987000,428.149000,428.149000,73069824
2024-03-18,433.509000,435.792000,432.037000,432.274000,432.274000,47323802
2024-03-19,430.268000,433.756000,428.173000,433.351000,433.351000,43004105
2024-03-20,434.547000,438.825000,432.847000,438.489000,438.489000,43653490
2024-03-21,443.538000,443.993000,440.367000,440.564000,440.564000,39345652
2024-03-22,440.050000,442.165000,439.201000,441.068000,441.068000,28328895
2024-03-25,438.272000,440.950000,437.274000,439.467000,439.467000,27789154
2024-03-26,440.989000,441.903000,437.817000,438.044000,438.044000,34142043
2024-03-27,441.127000,441.226000,436.671000,439.537000,439.537000,41359240
2024-03-28,439.487000,440.337000,438.371000,438.726000,438.726000,36839641
2024-04-01,439.675000,442.204000,437.748000,439.655000,439.655000,38728951
2024-04-02,434.843000,436.177000,432.817000,435.861000,435.861000,44259665
2024-04-03,433.736000,438.716000,433.726000,436.839000,436.839000,39949750
2024-04-04,441.019000,441.631000,429.932000,430.159000,430.159000,57267660
2024-04-05,431.582000,437.896000,430.772000,435.228000,435.228000,54744634
2024-04-08,436.157000,437.234000,433.974000,435.357000,435.357000,28144944
2024-04-09,437.689000,437.965000,432.234000,436.967000,436.967000,39521568
2024-04-10,431.800000,434.013000,431.088000,433.153000,433.153000,61502191
2024-04-11,435.021000,441.019000,432.748000,440.070000,440.070000,45474550
2024-04-12,435.851000,436.977000,431.681000,433.055000,433.055000,53664995
2024-04-15,436.799000,436.888000,425.091000,425.930000,425.930000,63453622
2024-04-16,425.772000,428.598000,424.587000,425.970000,425.970000,47618961
2024-04-17,427.946000,427.966000,419.844000,420.773000,420.773000,56880536
2024-04-18,421.415000,423.144000,417.798000,418.371000,418.371000,46549363
2024-04-19,417.196000,417.719000,408.154000,409.716000,409.716000,75230990
2024-04-22,412.344000,416.168000,409.014000,413.836000,413.836000,47807663
2024-04-23,415.763000,421.207000,413.887000,420.012000,420.012000,44384741
2024-04-24,423.104000,424.616000,419.152000,421.435000,421.435000,48440305
2024-04-25,414.251000,420.259000,413.164000,419.399000,419.399000,57392169
2024-04-26,422.531000,427.403000,421.840000,425.871000,425.871000,41874907
2024-04-29,427.976000,428.598000,424.863000,427.600000,427.600000,30022161
2024-04-30,426.019000,427.413000,419.458000,419.537000,419.537000,43665934
2024-05-01,418.115000,425.021000,415.654000,416.504000,416.504000,52251707
2024-05-02,420.239000,422.719000,415.625000,421.820000,421.820000,36559007
2024-05-03,429.270000,431.286000,427.472000,430.298000,430.298000,48515252
2024-05-06,432.096000,435.100000,431.325000,435.011000,435.011000,30227200
2024-05-07,435.456000,436.711000,434.349000,435.080000,435.080000,30996094
2024-05-08,432.462000,436.226000,432.343000,434.823000,434.823000,24896723
2024-05-09,435.090000,436.345000,433.242000,435.772000,435.772000,24580121
2024-05-10,437.274000,439.023000,435.257000,436.799000,436.799000,27116566
2024-05-13,438.707000,438.805000,436.394000,437.807000,437.807000,22994192
2024-05-14,437.382000,441.152000,437.195000,440.623000,440.623000,34478321
2024-05-15,443.094000,447.758000,441.582000,447.510000,447.510000,41464651
2024-05-16,447.323000,449.279000,446.433000,446.601000,446.601000,34780412
2024-05-17,446.730000,447.333000,444.190000,446.384000,446.384000,35803719
2024-05-20,446.601000,450.159000,446.409000,449.497000,449.497000,24474226
2024-05-21,447.649000,450.564000,447.451000,450.376000,450.376000,23167720
2024-05-22,450.633000,451.384000,447.688000,450.287000,450.287000,25120040
2024-05-23,455.069000,455.099000,446.473000,448.261000,448.261000,40899230
2024-05-24,449.872000,453.765000,448.170000,452.500000,452.500000,29669461
2024-05-28,453.716000,454.269000,451.255000,454.210000,454.210000,26216815
2024-05-29,450.060000,452.787000,449.921000,451.008000,451.008000,29739238
2024-05-30,450.080000,450.218000,444.853000,446.177000,446.177000,30714121
2024-05-31,446.404000,447.095000,437.783000,445.347000,445.347000,55941301
2024-06-03,449.161000,450.159000,442.570000,447.738000,447.738000,32997467
2024-06-04,447.481000,450.154000,445.763000,448.963000,448.963000,23767436
2024-06-05,452.530000,458.093000,449.001000,458.014000,458.014000,33817409
2024-06-06,458.696000,459.012000,456.690000,457.856000,457.856000,21966820
2024-06-07,457.490000,460.198000,456.344000,457.451000,457.451000,25829720
2024-06-10,456.324000,459.654000,456.038000,459.299000,459.299000,20719771
2024-06-11,458.024000,462.569000,456.532000,462.451000,462.451000,22053281
2024-06-12,466.373000,470.830000,465.682000,468.508000,468.508000,34532585
2024-06-13,472.035000,472.697000,468.774000,471.047000,471.047000,25859014
2024-06-14,470.849000,473.557000,470.385000,473.488000,473.488000,23372620
2024-06-17,473.754000,481.066000,472.450000,479.288000,479.288000,37054504
2024-06-18,479.238000,480.118000,477.677000,479.436000,479.436000,24438565
2024-06-20,480.632000,481.046000,473.913000,475.741000,475.741000,33918683
2024-06-21,475.464000,476.793000,472.974000,474.466000,474.466000,39432913
2024-06-24,473.207000,474.939000,468.892000,469.031000,469.031000,37750969
2024-06-25,471.119000,474.691000,470.179000,474.394000,474.394000,29250209
2024-06-26,473.573000,475.918000,473.157000,475.374000,475.374000,22737105
2024-06-27,475.127000,478.076000,474.315000,476.601000,476.601000,26222135
2024-06-28,477.393000,482.133000,473.484000,474.127000,474.127000,34881581
2024-07-01,475.048000,477.472000,471.302000,476.908000,476.908000,24898336
2024-07-02,475.414000,481.975000,475.285000,481.915000,481.915000,26723559
2024-07-03,481.163000,486.062000,481.163000,485.933000,485.933000,18064880
2024-07-05,486.774000,491.435000,486.477000,491.000000,491.000000,28495936
2024-07-08,491.366000,492.717000,490.347000,492.168000,492.168000,22109420
2024-07-09,493.682000,494.800000,491.079000,492.593000,492.593000,25701253
2024-07-10,494.513000,498.283000,493.207000,497.729000,497.729000,28046901
2024-07-11,497.838000,498.046000,485.621000,486.814000,486.814000,49966590
2024-07-12,487.388000,494.424000,486.923000,489.674000,489.674000,37109399
2024-07-15,491.445000,495.799000,488.951000,490.990000,490.990000,31151386
2024-07-16,492.445000,493.256000,488.021000,491.178000,491.178000,25950622
2024-07-17,483.202000,483.715000,476.690000,476.760000,476.760000,56268768
2024-07-18,480.480000,480.659000,471.317000,474.503000,474.503000,49347361
2024-07-19,474.167000,476.680000,469.011000,470.298000,470.298000,42042856
2024-07-22,476.156000,478.323000,472.739000,477.304000,477.304000,40299999
2024-07-23,476.403000,479.392000,475.147000,475.622000,475.622000,23282454
2024-07-24,468.892000,469.258000,457.700000,458.561000,458.561000,58818629
2024-07-25,458.897000,463.073000,450.891000,453.504000,453.504000,59256759
2024-07-26,457.838000,461.084000,454.988000,458.155000,458.155000,39992132
2024-07-29,460.867000,463.044000,456.814000,459.075000,459.075000,28218476
2024-07-30,461.005000,461.709000,449.427000,452.772000,452.772000,41317210
2024-07-31,463.004000,467.873000,461.559000,466.171000,466.171000,44552134
2024-08-01,466.854000,470.604000,451.238000,454.880000,454.880000,56653900
2024-08-02,446.201000,448.853000,439.848000,444.083000,444.083000,66323244
2024-08-05,420.293000,437.690000,419.046000,430.842000,430.842000,87483452
2024-08-06,432.683000,442.420000,430.041000,434.959000,434.959000,63164429
2024-08-07,441.847000,444.330000,429.853000,430.248000,430.248000,54929163
2024-08-08,436.473000,444.321000,432.604000,443.410000,443.410000,47890071
2024-08-09,442.094000,447.359000,440.976000,445.726000,445.726000,33573976
2024-08-12,446.696000,449.645000,443.890000,446.686000,446.686000,27795006
2024-08-13,451.079000,458.036000,450.941000,457.769000,457.769000,40084457
2024-08-14,458.689000,460.272000,453.633000,457.918000,457.918000,34733746
2024-08-15,463.885000,469.882000,463.509000,469.486000,469.486000,38280565
2024-08-16,467.705000,471.455000,466.745000,470.090000,470.090000,38383623
2024-08-19,470.228000,476.304000,468.447000,476.265000,476.265000,23737674
2024-08-20,475.354000,477.917000,473.573000,475.265000,475.265000,29209340
2024-08-21,476.047000,479.333000,474.335000,477.482000,477.482000,25658787
2024-08-22,479.798000,480.490000,468.882000,469.912000,469.912000,37739576
2024-08-23,474.256000,477.720000,470.337000,475.008000,475.008000,36061508
2024-08-26,474.464000,475.384000,468.318000,470.396000,470.396000,27452641
2024-08-27,468.764000,472.870000,466.804000,471.802000,471.802000,27510003
2024-08-28,471.337000,472.059000,463.024000,466.448000,466.448000,37372436
2024-08-29,468.358000,472.960000,464.491000,465.765000,465.765000,41081465
2024-08-30,470.100000,471.940000,465.617000,471.317000,471.317000,33466473
2024-09-03,468.279000,468.407000,454.632000,457.007000,457.007000,44985219
2024-09-04,453.900000,459.620000,452.970000,455.820000,455.820000,32505102
2024-09-05,454.197000,460.520000,453.176000,456.245000,456.245000,34452385
2024-09-06,455.543000,456.423000,443.529000,444.024000,444.024000,50624385
2024-09-09,448.348000,450.723000,445.145000,449.734000,449.734000,32981169
2024-09-10,451.495000,454.395000,447.527000,453.890000,453.890000,29680319
2024-09-11,455.127000,464.489000,446.587000,463.746000,463.746000,57842992
2024-09-12,463.776000,469.110000,461.994000,468.299000,468.299000,40175456
2024-09-13,467.566000,471.574000,467.339000,470.396000,470.396000,29111849
2024-09-16,468.269000,468.932000,465.003000,468.318000,468.318000,22585596
2024-09-17,471.337000,472.633000,466.072000,468.566000,468.566000,30084438
2024-09-18,469.763000,473.850000,465.933000,466.537000,466.537000,39909215
2024-09-19,477.591000,481.173000,475.493000,478.333000,478.333000,52782523
2024-09-20,477.472000,478.660000,473.326000,477.423000,477.423000,34577663
2024-09-23,478.603000,479.783000,477.266000,478.693000,478.693000,24842972
2024-09-24,480.100000,481.953000,475.848000,481.002000,481.002000,25952637
2024-09-25,480.377000,483.400000,480.199000,481.448000,481.448000,26549866
2024-09-26,488.930000,489.257000,481.428000,485.065000,485.065000,32020206
2024-09-27,486.086000,486.224000,481.190000,482.369000,482.369000,22851120
2024-09-30,481.408000,484.014000,478.574000,483.677000,483.677000,30330605
2024-10-01,483.311000,483.608000,473.103000,476.939000,476.939000,42735424
2024-10-02,476.037000,479.525000,473.421000,477.612000,477.612000,23744049
2024-10-03,475.422000,480.184000,474.679000,477.256000,477.256000,25337220
2024-10-04,483.063000,483.489000,478.044000,482.934000,482.934000,30744909
2024-10-07,481.021000,482.191000,476.542000,477.761000,477.761000,24975119
2024-10-08,480.298000,485.580000,479.490000,484.896000,484.896000,28272017
2024-10-09,484.599000,489.286000,483.558000,488.712000,488.712000,24994950
2024-10-10,486.432000,490.020000,485.124000,488.157000,488.157000,25750446
2024-10-11,486.323000,489.940000,485.758000,488.920000,488.920000,20644497
2024-10-14,491.308000,494.341000,490.803000,493.023000,493.023000,26060145
2024-10-15,493.350000,494.014000,484.282000,486.432000,486.432000,34784506
2024-10-16,486.759000,487.265000,483.182000,486.492000,486.492000,22996776
2024-10-17,491.972000,492.022000,486.769000,486.829000,486.829000,27210658
2024-10-18,489.613000,491.110000,488.860000,490.020000,490.020000,25335030
2024-10-21,488.811000,491.764000,486.888000,490.961000,490.961000,30336549
2024-10-22,488.295000,492.968000,487.542000,491.496000,491.496000,26685841
2024-10-23,489.148000,489.802000,480.685000,483.965000,483.965000,39346565
2024-10-24,487.681000,488.563000,485.035000,487.889000,487.889000,22024930
2024-10-25,490.684000,495.777000,489.980000,490.862000,490.862000,38762143
2024-10-28,493.974000,494.033000,490.644000,490.941000,490.941000,20477778
2024-10-29,491.259000,496.838000,489.405000,495.659000,495.659000,28014059
2024-10-30,494.895000,495.847000,491.427000,491.913000,491.913000,29755960
2024-10-31,487.949000,487.998000,479.396000,479.495000,479.495000,41245248
2024-11-01,481.131000,486.334000,480.833000,483.043000,483.043000,33655757
2024-11-04,482.439000,484.976000,479.897000,481.636000,481.636000,23291580
2024-11-05,483.222000,488.444000,483.132000,487.780000,487.780000,24353615
2024-11-06,496.055000,501.852000,495.104000,501.030000,501.030000,43082198
2024-11-07,503.824000,509.701000,503.765000,508.918000,508.918000,32853120
2024-11-08,508.418000,510.284000,507.798000,509.513000,509.513000,22924483
2024-11-11,510.732000,510.940000,506.322000,509.215000,509.215000,24167479
2024-11-12,509.146000,510.028000,505.242000,508.294000,508.294000,25835288
2024-11-13,507.788000,510.345000,505.360000,507.640000,507.640000,24567416
2024-11-14,507.303000,508.175000,503.200000,504.112000,504.112000,28679519
2024-11-15,498.414000,498.800000,490.040000,492.101000,492.101000,51461054
2024-11-18,493.647000,497.621000,492.259000,495.520000,495.520000,27192662
2024-11-19,492.943000,499.418000,492.606000,498.929000,498.929000,24523020
2024-11-20,498.632000,498.949000,492.086000,498.641000,498.641000,29565491
2024-11-21,501.684000,502.397000,493.082000,500.435000,500.435000,34526738
2024-11-22,499.880000,501.971000,498.255000,501.238000,501.238000,23826644
2024-11-25,505.311000,506.850000,499.725000,502.031000,502.031000,26375166
2024-11-26,503.507000,505.549000,502.665000,504.726000,504.726000,26557061
2024-11-27,503.596000,503.666000,497.413000,500.752000,500.752000,24957441
2024-11-29,501.377000,505.747000,500.762000,505.152000,505.152000,15333968
2024-12-02,506.411000,511.614000,506.024000,510.652000,510.652000,25147165
2024-12-03,509.324000,512.496000,508.750000,512.218000,512.218000,18597900
2024-12-04,515.637000,518.808000,514.924000,518.551000,518.551000,26086222
2024-12-05,518.600000,519.324000,516.727000,517.114000,517.114000,18169632
2024-12-06,517.778000,521.980000,517.649000,521.742000,521.742000,23762611
2024-12-09,520.820000,521.613000,516.529000,517.679000,517.679000,20674405
2024-12-10,518.907000,520.652000,514.488000,515.915000,515.915000,24350040
2024-12-11,520.275000,525.835000,519.869000,525.151000,525.151000,32168579
2024-12-12,522.931000,524.199000,521.286000,521.762000,521.762000,23577504
2024-12-13,525.686000,528.368000,522.554000,525.755000,525.755000,28780405
2024-12-16,528.282000,534.298000,528.203000,533.326000,533.326000,31979863
2024-12-17,531.533000,532.643000,529.323000,530.978000,530.978000,28579070
2024-12-18,530.334000,532.048000,510.375000,511.822000,511.822000,54703155
2024-12-19,516.499000,517.064000,509.206000,509.542000,509.542000,46441754
2024-12-20,505.846000,520.097000,504.706000,513.992000,513.992000,60529961
2024-12-23,515.705000,519.378000,512.311000,519.001000,519.001000,29672800
2024-12-24,520.946000,526.128000,520.311000,526.038000,526.038000,17558215
2024-12-26,524.410000,527.309000,522.415000,525.681000,525.681000,19141494
2024-12-27,522.118000,522.554000,514.028000,518.693000,518.693000,33839555
2024-12-30,511.695000,515.517000,508.042000,511.794000,511.794000,34584028
2024-12-31,513.075000,513.829000,506.484000,507.447000,507.447000,29117028
2025-01-02,510.494000,512.817000,501.968000,506.454000,506.454000,36389783
2025-01-03,509.551000,515.800000,508.737000,514.743000,514.743000,29059520
2025-01-06,520.142000,524.013000,518.167000,520.658000,520.658000,36109734
2025-01-07,521.701000,522.098000,509.482000,511.368000,511.368000,36690272
2025-01-08,511.268000,513.095000,506.792000,511.457000,511.457000,30777777
2025-01-10,507.695000,507.794000,500.191000,503.437000,503.437000,40532495
2025-01-13,497.491000,502.275000,496.002000,501.819000,501.819000,31694210
2025-01-14,504.975000,506.380000,497.878000,501.342000,501.342000,33737237
2025-01-15,509.234000,514.018000,507.675000,512.876000,512.876000,34957554
2025-01-16,515.140000,515.219000,509.154000,509.283000,509.283000,28229037
2025-01-17,518.981000,520.195000,509.312000,517.879000,517.879000,51837941
2025-01-21,520.599000,522.078000,516.212000,520.916000,520.916000,23627971
2025-01-22,525.651000,529.870000,525.343000,527.577000,527.577000,33592988
2025-01-23,525.125000,528.818000,524.539000,528.698000,528.698000,23096588
2025-01-24,529.076000,529.840000,524.242000,525.711000,525.711000,19878251
2025-01-27,507.219000,514.157000,506.375000,510.405000,510.405000,60771695
2025-01-28,511.407000,519.130000,507.993000,517.949000,517.949000,33194214
2025-01-29,518.594000,518.723000,513.074000,516.976000,516.976000,26649011
2025-01-30,519.835000,522.202000,514.375000,519.179000,519.179000,27431302
2025-01-31,523.021000,527.585000,517.333000,518.425000,518.425000,38845467
2025-02-03,509.670000,516.996000,507.268000,514.276000,514.276000,40580835
2025-02-04,514.792000,521.224000,514.395000,520.589000,520.589000,26046753
2025-02-05,517.959000,523.110000,516.767000,522.951000,522.951000,21134070
2025-02-06,523.458000,525.889000,521.851000,525.681000,525.681000,19434454
2025-02-07,526.217000,528.162000,518.326000,519.050000,519.050000,29605470
2025-02-10,523.319000,526.432000,522.852000,525.334000,525.334000,20852784
2025-02-11,522.068000,525.999000,521.939000,524.083000,524.083000,19325500
2025-02-12,518.435000,525.274000,518.088000,524.391000,524.391000,25009362
2025-02-13,526.058000,532.252000,525.274000,531.934000,531.934000,28714799
2025-02-14,532.039000,534.853000,531.706000,534.168000,534.168000,17862572
2025-02-18,535.736000,536.004000,532.073000,535.379000,535.379000,20565028
2025-02-19,534.585000,536.808000,532.490000,535.528000,535.528000,19666861
2025-02-20,534.743000,535.111000,528.520000,533.254000,533.254000,26550753
2025-02-21,534.396000,534.416000,521.820000,522.187000,522.187000,47093750
2025-02-24,523.974000,525.154000,515.685000,516.023000,516.023000,39268392
2025-02-25,515.398000,515.477000,505.670000,509.521000,509.521000,48940025
2025-02-26,511.715000,515.815000,507.586000,510.752000,510.752000,34457618
2025-02-27,514.296000,515.229000,496.350000,496.568000,496.568000,52447966
2025-02-28,496.429000,505.015000,493.253000,504.410000,504.410000,47654043
2025-03-03,507.735000,509.244000,489.928000,493.372000,493.372000,44587204
2025-03-04,490.523000,500.012000,484.126000,491.883000,491.883000,67875402
2025-03-05,492.528000,499.903000,487.625000,498.295000,498.295000,46323725
2025-03-06,490.037000,494.891000,482.602000,484.587000,484.587000,57574332
2025-03-07,483.555000,489.630000,476.974000,488.151000,488.151000,54714726
2025-03-10,479.872000,480.389000,465.192000,469.232000,469.232000,76668029
2025-03-11,468.855000,475.262000,463.554000,468.110000,468.110000,68760771
2025-03-12,475.614000,477.500000,468.299000,473.391000,473.391000,46971082
2025-03-13,472.726000,472.756000,462.978000,464.874000,464.874000,46563349
2025-03-14,470.224000,477.004000,469.619000,476.111000,476.111000,43563010
2025-03-17,476.061000,482.245000,474.264000,479.198000,479.198000,41744354
2025-03-18,475.862000,476.061000,468.914000,471.028000,471.028000,39072265
2025-03-19,473.282000,481.739000,471.356000,477.331000,477.331000,40430334
2025-03-20,473.351000,480.964000,472.656000,475.713000,475.713000,36780549
2025-03-21,470.572000,478.046000,469.406000,477.282000,477.282000,42234874
2025-03-24,484.862000,488.610000,481.542000,487.765000,487.765000,34567186
2025-03-25,488.491000,490.708000,487.527000,490.549000,490.549000,26035241
2025-03-26,489.395000,490.250000,479.971000,481.522000,481.522000,35043357
2025-03-27,479.564000,483.709000,477.417000,478.778000,478.778000,33469817
2025-03-28,476.979000,477.685000,465.289000,466.173000,466.173000,46363797
2025-03-31,459.195000,467.088000,454.632000,466.153000,466.153000,53000303
2025-04-01,464.543000,470.836000,461.680000,469.911000,469.911000,41156226
2025-04-02,463.370000,476.731000,463.111000,473.341000,473.341000,49894489
2025-04-03,453.747000,457.356000,447.484000,448.001000,448.001000,70456338
2025-04-04,435.555000,437.772000,420.176000,420.176000,420.176000,117088441
2025-04-07,406.249000,440.525000,400.016000,421.190000,421.190000,161556970
2025-04-08,435.575000,440.523000,407.372000,413.605000,413.605000,101248060
2025-04-09,413.118000,465.070000,412.979000,463.251000,463.251000,142876878
2025-04-10,450.884000,452.902000,430.077000,443.548000,443.548000,108384092
2025-04-11,442.027000,453.101000,438.726000,451.719000,451.719000,52483779
2025-04-14,461.720000,462.306000,449.959000,454.781000,454.781000,43941179
2025-04-15,455.835000,459.652000,453.459000,455.288000,455.288000,35404210
2025-04-16,446.381000,449.950000,435.177000,441.559000,441.559000,48980552
2025-04-17,444.532000,445.108000,438.756000,441.480000,441.480000,44837047
2025-04-21,435.644000,436.489000,425.405000,430.555000,430.555000,44149313
2025-04-22,436.231000,444.939000,435.038000,441.858000,441.858000,52304388
2025-04-23,455.467000,460.646000,450.208000,451.878000,451.878000,55801136
2025-04-24,453.787000,464.901000,453.141000,464.593000,464.593000,45956136
2025-04-25,464.215000,470.299000,462.644000,469.772000,469.772000,38697063
2025-04-28,470.239000,472.007000,463.280000,469.623000,469.623000,33550778
2025-04-29,467.396000,473.613000,466.819000,472.724000,472.724000,30613120
2025-04-30,464.374000,474.385000,459.702000,472.665000,472.665000,46810610
2025-05-01,480.558000,484.306000,477.904000,478.838000,478.838000,43316539
2025-05-02,483.669000,488.014000,481.970000,485.946000,485.946000,39218082
2025-05-05,481.741000,486.145000,481.244000,483.063000,483.063000,28309490
2025-05-06,476.731000,482.188000,475.369000,478.570000,478.570000,32786310
2025-05-07,479.236000,482.934000,473.969000,480.449000,480.449000,38109864
2025-05-08,485.648000,489.793000,481.313000,485.409000,485.409000,39577592
2025-05-09,487.318000,488.640000,483.326000,485.091000,485.091000,27767416
2025-05-12,503.999000,504.893000,498.521000,504.854000,504.854000,45090616
2025-05-13,506.156000,514.337000,505.420000,512.548000,512.548000,53269573
2025-05-14,513.721000,516.165000,512.707000,515.620000,515.620000,47014516
2025-05-15,513.473000,518.851000,512.130000,516.186000,516.186000,50153275
2025-05-16,517.588000,518.622000,514.049000,518.433000,518.433000,48394603
2025-05-19,511.206000,519.447000,511.206000,518.930000,518.930000,52536154
2025-05-20,516.405000,517.857000,513.612000,517.200000,517.200000,42517561
2025-05-21,513.224000,519.914000,508.224000,510.013000,510.013000,71292831
2025-05-22,510.629000,514.656000,509.277000,510.967000,510.967000,55607169
2025-05-23,503.194000,508.820000,502.597000,506.235000,506.235000,58368075
2025-05-27,513.105000,518.632000,511.554000,518.145000,518.145000,47226323
2025-05-28,519.099000,520.590000,515.331000,515.848000,515.848000,46637175
2025-05-29,523.225000,523.374000,514.268000,516.862000,516.862000,58724069
2025-05-30,516.375000,517.608000,508.910000,516.047000,516.047000,67662836
2025-06-02,514.188000,520.362000,512.926000,520.123000,520.123000,44762817
2025-06-03,520.471000,525.620000,519.606000,524.189000,524.189000,44070330
2025-06-04,524.895000,526.714000,522.866000,525.650000,525.650000,41359322
2025-06-05,527.052000,529.905000,519.576000,521.694000,521.694000,61286623
2025-06-06,526.873000,528.662000,525.094000,526.793000,526.793000,42467021
2025-06-09,527.012000,529.209000,525.889000,527.569000,527.569000,33688671
2025-06-10,528.036000,531.744000,525.770000,531.058000,531.058000,40664795
2025-06-11,532.460000,533.613000,526.982000,529.269000,529.269000,53701033
2025-06-12,527.957000,531.490000,527.708000,530.511000,530.511000,34104887
2025-06-13,524.567000,528.732000,522.628000,523.851000,523.851000,55814443
2025-06-16,527.370000,532.211000,527.320000,531.138000,531.138000,37622051
2025-06-17,528.573000,530.178000,524.795000,525.958000,525.958000,42180866
2025-06-18,526.972000,529.408000,524.288000,525.869000,525.869000,43983522
2025-06-20,529.120000,530.412000,521.783000,523.722000,523.722000,61643519
2025-06-23,524.281000,529.616000,521.136000,529.098000,529.098000,50666146
2025-06-24,534.313000,538.105000,533.696000,537.189000,537.189000,45441982
2025-06-25,539.458000,540.702000,536.791000,538.562000,538.562000,44804168
2025-06-26,540.742000,544.046000,538.921000,543.598000,543.598000,43811432
2025-06-27,544.633000,547.350000,541.931000,545.459000,545.459000,57577147
2025-06-30,548.614000,550.147000,546.375000,548.992000,548.992000,45548742
2025-07-01,547.091000,548.067000,542.046000,544.364000,544.364000,56166736
2025-07-02,543.538000,548.355000,543.499000,548.156000,548.156000,36538281
2025-07-03,550.525000,554.525000,550.525000,553.550000,553.550000,26443524
2025-07-07,550.863000,551.679000,546.942000,549.380000,549.380000,45349323
2025-07-08,550.724000,551.351000,548.455000,549.689000,549.689000,36153258
2025-07-09,551.818000,554.953000,550.445000,553.580000,553.580000,43045534
2025-07-10,554.217000,554.625000,550.097000,552.784000,552.784000,34710913
2025-07-11,550.644000,553.122000,549.400000,551.540000,551.540000,39618635
2025-07-14,551.331000,554.272000,548.982000,553.540000,553.540000,36453314
2025-07-15,557.561000,558.108000,553.988000,554.048000,554.048000,43277661
2025-07-16,554.605000,557.521000,548.913000,554.615000,554.615000,52314711
2025-07-17,555.342000,559.611000,554.535000,559.103000,559.103000,40423778
2025-07-18,560.417000,562.015000,557.292000,558.566000,558.566000,50484704
2025-07-21,559.392000,563.343000,559.362000,561.462000,561.462000,39595214
2025-07-22,561.591000,561.641000,555.929000,558.556000,558.556000,43270647
2025-07-23,559.641000,561.144000,556.894000,561.104000,561.104000,40215259
2025-07-24,562.417000,563.522000,560.591000,562.298000,562.298000,42275541
2025-07-25,562.218000,564.970000,561.562000,563.651000,563.651000,30630813
2025-07-28,565.015000,566.309000,564.149000,565.413000,565.413000,31498739
2025-07-29,568.020000,569.364000,563.811000,564.537000,564.537000,45463317
2025-07-30,565.453000,567.881000,562.338000,565.294000,565.294000,43433777
2025-07-31,571.782000,571.872000,561.163000,562.298000,562.298000,64613590
2025-08-01,556.148000,556.337000,549.032000,551.221000,551.221000,69400789
2025-08-04,556.367000,561.606000,556.267000,561.392000,561.392000,47669751
2025-08-05,562.676000,563.842000,557.043000,557.581000,557.581000,48666640
2025-08-06,558.417000,565.035000,557.939000,564.597000,564.597000,41823677
2025-08-07,568.926000,570.568000,562.397000,566.508000,566.508000,44462972
2025-08-08,567.712000,572.011000,567.413000,571.792000,571.792000,35255472
2025-08-11,571.931000,574.031000,568.826000,570.100000,570.100000,33112917
2025-08-12,572.399000,577.564000,569.737000,577.266000,577.266000,42271441
2025-08-13,579.963000,580.520000,576.161000,577.554000,577.554000,41209294
2025-08-14,575.504000,579.087000,575.136000,577.107000,577.107000,45425043
2025-08-15,577.017000,577.057000,572.811000,574.569000,574.569000,49480161
2025-08-18,573.673000,574.992000,572.480000,574.340000,574.340000,29830957
2025-08-19,573.623000,573.793000,565.522000,566.547000,566.547000,53752635
2025-08-20,565.602000,565.721000,556.158000,563.184000,563.184000,76781087
2025-08-21,561.641000,563.771000,558.287000,560.576000,560.576000,46436899
2025-08-22,561.960000,571.235000,560.566000,569.225000,569.225000,51502129
2025-08-25,567.662000,570.535000,566.428000,567.582000,567.582000,34044749
2025-08-26,567.095000,570.170000,566.070000,569.861000,569.861000,34103014
2025-08-27,568.846000,571.648000,567.632000,570.737000,570.737000,36927144
2025-08-28,571.354000,575.226000,569.712000,574.310000,574.310000,46787857
2025-08-29,571.897000,572.270000,565.811000,567.662000,567.662000,56030409
2025-09-02,558.616000,563.248000,556.849000,562.905000,562.905000,65876765
2025-09-03,566.498000,568.951000,564.005000,567.334000,567.334000,54230213
2025-09-04,568.000000,572.837000,566.294000,572.469000,572.469000,47526280
2025-09-05,577.704000,578.331000,568.787000,573.295000,573.295000,68342532
2025-09-08,575.594000,578.052000,574.997000,576.091000,576.091000,46371354
2025-09-09,576.888000,578.151000,574.270000,577.724000,577.724000,44007592
2025-09-10,580.938000,580.968000,575.773000,577.913000,577.913000,49307959
2025-09-11,580.440000,582.073000,578.828000,581.276000,581.276000,44745766
2025-09-12,582.232000,585.038000,581.296000,583.844000,583.844000,50745886
2025-09-15,585.615000,588.949000,585.471000,588.840000,588.840000,44360315
2025-09-16,589.765000,590.014000,587.656000,588.342000,588.342000,36942130
2025-09-17,588.263000,588.910000,581.560000,587.168000,587.168000,69384820
2025-09-18,592.054000,595.269000,590.114000,592.462000,592.462000,61069294
2025-09-19,594.463000,597.170000,592.990000,596.473000,596.473000,58196109
2025-09-22,595.588000,600.700000,595.568000,600.032000,600.032000,57154769
2025-09-23,600.201000,600.401000,594.831000,596.046000,596.046000,64635486
2025-09-24,597.422000,597.740000,591.224000,593.954000,593.954000,49850301
2025-09-25,590.068000,592.973000,586.381000,591.393000,591.393000,70920209
2025-09-26,592.210000,594.153000,588.932000,593.825000,593.825000,54337416
2025-09-29,596.953000,599.883000,595.259000,596.575000,596.575000,48332934
2025-09-30,596.276000,598.547000,593.954000,598.209000,598.209000,46876012
2025-10-01,595.020000,601.616000,594.193000,601.078000,601.078000,46899612
2025-10-02,604.875000,604.974000,600.759000,603.549000,603.549000,43765410
2025-10-03,604.327000,605.140000,599.220000,601.009000,601.009000,46482098
2025-10-06,606.260000,607.166000,603.789000,605.522000,605.522000,41962115
2025-10-07,606.828000,607.515000,600.859000,602.334000,602.334000,58209463
2025-10-08,603.231000,609.548000,603.081000,609.239000,609.239000,50629754
2025-10-09,609.279000,609.408000,605.293000,608.501000,608.501000,45550958
2025-10-10,609.199000,610.973000,586.929000,587.378000,587.378000,97614783
2025-10-13,597.521000,600.779000,595.080000,599.843000,599.843000,65872584
2025-10-14,593.167000,600.520000,588.006000,595.847000,595.847000,69203187
2025-10-15,601.836000,604.516000,593.785000,600.052000,600.052000,62805456
2025-10-16,602.932000,606.120000,593.356000,597.830000,597.830000,70981963
2025-10-17,595.797000,603.330000,594.223000,601.756000,601.756000,72024872
2025-10-20,604.954000,610.594000,604.880000,609.338000,609.338000,45761697
2025-10-21,609.438000,610.515000,607.126000,609.179000,609.179000,44538161
2025-10-22,608.621000,609.209000,597.581000,603.310000,603.310000,61478802
2025-10-23,602.732000,609.169000,602.344000,608.382000,608.382000,42844298
2025-10-24,613.772000,616.194000,612.916000,614.878000,614.878000,47632473
2025-10-27,622.272000,626.287000,621.783000,625.829000,625.829000,54098611
2025-10-28,628.091000,632.395000,626.985000,630.641000,630.641000,61195733
2025-10-29,633.302000,634.717000,627.981000,633.481000,633.481000,67422806
2025-10-30,629.894000,631.219000,623.687000,623.796000,623.796000,61628621
2025-10-31,631.887000,631.917000,624.434000,626.805000,626.805000,66305147
2025-11-03,632.824000,633.531000,627.583000,629.805000,629.805000,37154307
2025-11-04,621.036000,624.693000,616.229000,617.021000,617.021000,63830768
2025-11-05,616.263000,624.344000,614.988000,621.036000,621.036000,48688484
2025-11-06,619.552000,619.801000,608.103000,609.468000,609.468000,72115128
2025-11-07,606.120000,607.754000,596.515000,607.545000,607.545000,81835388
2025-11-10,616.692000,622.062000,614.669000,620.986000,620.986000,55919931
2025-11-11,618.336000,620.478000,615.297000,619.332000,619.332000,44868841
2025-11-12,622.591000,622.611000,615.586000,618.844000,618.844000,47444384
2025-11-13,615.317000,615.895000,603.898000,606.210000,606.210000,71333634
2025-11-14,597.392000,611.142000,595.020000,606.668000,606.668000,80087291
2025-11-17,604.117000,610.275000,597.710000,601.487000,601.487000,63850367
2025-11-18,597.461000,600.142000,589.211000,594.163000,594.163000,83327279
2025-11-19,594.921000,603.978000,592.449000,597.710000,597.710000,73111487
2025-11-20,609.418000,611.819000,582.645000,583.562000,583.562000,117743195
2025-11-21,585.355000,594.831000,578.649000,587.946000,587.946000,103344155
2025-11-24,593.137000,604.496000,593.017000,602.981000,602.981000,60168149
2025-11-25,601.337000,608.063000,595.170000,606.698000,606.698000,57560867
2025-11-26,610.305000,613.972000,608.193000,612.059000,612.059000,42393598
2025-11-28,613.892000,617.090000,613.201000,617.021000,617.021000,23034394
2025-12-01,611.421000,617.210000,610.315000,614.948000,614.948000,40957588
2025-12-02,617.230000,621.505000,615.367000,619.761000,619.761000,54541834
2025-12-03,617.389000,621.973000,615.805000,621.275000,621.275000,47841627
2025-12-04,622.680000,622.690000,617.310000,620.697000,620.697000,47067751
2025-12-05,622.132000,626.656000,621.465000,623.228000,623.228000,53614169
2025-12-08,624.952000,626.576000,619.452000,622.033000,622.033000,43462406
2025-12-09,620.767000,623.617000,618.764000,622.800000,622.800000,37155999
2025-12-10,621.604000,626.945000,618.754000,625.351000,625.351000,55031384
2025-12-11,621.574000,623.527000,615.496000,623.328000,623.328000,58272844
2025-12-12,619.841000,621.295000,609.159000,611.411000,611.411000,75158726
2025-12-15,616.144000,616.194000,607.126000,608.342000,608.342000,49538197
2025-12-16,606.070000,611.301000,604.725000,609.548000,609.548000,55152819
2025-12-17,610.853000,611.441000,598.119000,598.249000,598.249000,70654327
2025-12-18,607.605000,610.723000,604.735000,606.917000,606.917000,78875824
2025-12-19,609.747000,615.397000,609.667000,614.829000,614.829000,60369829
2025-12-22,619.859000,620.158000,616.287000,617.724000,617.724000,43703101
2025-12-23,616.716000,620.916000,616.297000,620.617000,620.617000,41120445
2025-12-24,620.497000,622.782000,620.228000,622.433000,622.433000,18468707
2025-12-26,623.161000,624.014000,621.644000,622.393000,622.393000,28959778
2025-12-29,618.612000,621.285000,617.245000,619.380000,619.380000,32458308
2025-12-30,618.352000,620.687000,617.729000,617.943000,617.943000,31226754
2025-12-31,618.163000,618.472000,612.576000,612.836000,612.836000,40746527
2026-01-02,618.572000,621.355000,608.686000,611.649000,611.649000,61859163
2026-01-05,617.834000,619.320000,615.240000,616.507000,616.507000,46828359
2026-01-06,617.744000,622.523000,617.056000,621.924000,621.924000,43137520
2026-01-07,621.545000,626.433000,621.066000,622.522000,622.522000,44880339
2026-01-08,621.535000,621.924000,616.317000,618.981000,618.981000,50435941
2026-01-09,619.919000,626.383000,617.574000,625.146000,625.146000,49688734
2026-01-12,620.816000,627.336000,620.767000,625.665000,625.665000,37388651
2026-01-13,625.765000,627.959000,622.198000,624.737000,624.737000,44481380
2026-01-14,620.747000,621.954000,613.085000,618.063000,618.063000,72598700
2026-01-15,625.096000,628.488000,619.260000,620.288000,620.288000,53934892
2026-01-16,623.999000,624.577000,617.395000,619.769000,619.769000,61058094
2026-01-20,609.065000,613.579000,605.593000,606.601000,606.601000,81988898
2026-01-21,608.007000,618.931000,606.405000,614.801000,614.801000,79837881
2026-01-22,620.856000,620.966000,616.297000,619.270000,619.270000,42254757
2026-01-23,618.243000,623.899000,617.165000,621.225000,621.225000,43645825
2026-01-26,621.714000,626.104000,620.627000,623.959000,623.959000,35983008
2026-01-27,627.401000,630.526000,625.834000,629.615000,629.615000,38997212
2026-01-28,633.935000,635.072000,630.294000,631.700000,631.700000,50691691
2026-01-29,631.132000,632.149000,616.786000,627.919000,627.919000,79944047
2026-01-30,624.208000,626.748000,617.812000,620.378000,620.378000,65650714
2026-02-02,617.215000,626.982000,617.175000,624.637000,624.637000,49020292
2026-02-03,626.792000,628.468000,609.494000,615.040000,615.040000,81233969
2026-02-04,613.544000,613.624000,599.029000,604.296000,604.296000,81850748
2026-02-05,598.769000,603.358000,593.333000,595.597000,595.597000,89354492
2026-02-06,598.750000,609.943000,597.333000,608.187000,608.187000,78019338
2026-02-09,606.082000,614.980000,603.618000,612.846000,612.846000,56797557
2026-02-10,613.828000,615.539000,609.544000,610.002000,610.002000,53938859
2026-02-11,614.901000,616.038000,606.232000,611.639000,611.639000,58575101
2026-02-12,613.235000,614.332000,598.131000,599.198000,599.198000,81378903
2026-02-13,598.989000,605.024000,594.989000,600.475000,600.475000,69237547
2026-02-17,596.939000,602.501000,591.916000,599.857000,599.857000,69013763
2026-02-18,600.665000,608.308000,599.278000,604.336000,604.336000,64250668
2026-02-19,601.363000,604.361000,599.308000,602.022000,602.022000,60960839
2026-02-20,598.680000,608.885000,597.792000,607.349000,607.349000,74127323
2026-02-23,605.149000,606.551000,597.612000,599.967000,599.967000,63859111
2026-02-24,600.954000,607.528000,598.291000,606.411000,606.411000,55023732
2026-02-25,609.603000,615.350000,609.534000,615.200000,615.200000,55710653
2026-02-26,614.113000,614.113000,602.530000,607.778000,607.778000,96178870
2026-02-27,601.533000,606.860000,600.745000,605.833000,605.833000,68125196
2026-03-02,597.423000,608.456000,596.555000,606.631000,606.631000,75264644
2026-03-03,594.899000,602.510000,590.450000,600.136000,600.136000,97015532
2026-03-04,602.710000,611.409000,601.982000,609.284000,609.284000,70943888
2026-03-05,605.942000,611.289000,600.815000,607.449000,607.449000,89602407
2026-03-06,598.869000,604.546000,596.894000,598.311000,598.311000,86302307
2026-03-09,592.799000,607.808000,589.911000,606.301000,606.301000,93068170
2026-03-10,606.321000,611.818000,603.967000,606.311000,606.311000,64078867
2026-03-11,607.489000,610.960000,603.578000,606.232000,606.232000,60114800
2026-03-12,601.313000,602.690000,595.617000,595.827000,595.827000,71836629
2026-03-13,598.291000,602.151000,591.148000,592.295000,592.295000,63145490
2026-03-16,598.600000,602.411000,597.672000,598.939000,598.939000,49077155
2026-03-17,601.692000,604.446000,600.426000,601.862000,601.862000,47106607
2026-03-18,600.046000,601.712000,593.133000,593.472000,593.472000,56127962
2026-03-19,588.095000,594.370000,585.671000,591.597000,591.597000,75597578
2026-03-20,589.641000,589.751000,577.152000,580.663000,580.663000,91964677
2026-03-23,589.870000,594.425000,585.315000,587.353000,587.353000,89936118
2026-03-24,584.167000,587.283000,581.290000,583.338000,583.338000,57750895
2026-03-25,588.492000,590.719000,585.046000,587.173000,587.173000,60475491
2026-03-26,581.959000,583.987000,572.799000,573.159000,573.159000,81492124
2026-03-27,570.182000,570.392000,560.952000,561.961000,561.961000,82702240
2026-03-30,566.756000,567.425000,554.989000,557.666000,557.666000,70602622
2026-03-31,563.669000,578.003000,563.589000,576.545000,576.545000,95877997
2026-04-01,580.840000,587.092000,579.782000,583.667000,583.667000,79435132
2026-04-02,573.339000,585.405000,571.291000,584.337000,584.337000,50941709
2026-04-06,585.585000,589.960000,584.047000,587.853000,587.853000,35108496
2026-04-07,584.996000,588.332000,577.764000,587.943000,587.943000,49948195
2026-04-08,608.040000,609.229000,601.458000,605.423000,605.423000,63085996
2026-04-09,605.263000,609.828000,602.367000,609.519000,609.519000,37837538
2026-04-10,611.167000,612.995000,608.909000,610.398000,610.398000,34038533
2026-04-13,608.810000,626.051000,607.441000,616.711000,616.711000,32972110
2026-04-14,619.538000,627.909000,619.418000,627.909000,627.909000,49921081
2026-04-15,628.388000,637.128000,627.509000,636.699000,636.699000,50102386
2026-04-16,638.507000,641.474000,634.556000,639.765000,639.765000,42320581
2026-04-17,644.880000,649.285000,643.362000,648.136000,648.136000,53488871
2026-04-20,647.327000,648.046000,641.813000,646.079000,646.079000,37138511
2026-04-21,647.697000,649.485000,641.504000,643.621000,643.621000,39580523
2026-04-22,649.435000,654.609000,647.807000,654.389000,654.389000,37368402
2026-04-23,652.831000,656.197000,644.810000,650.703000,650.703000,40099827
2026-04-24,657.786000,663.779000,655.808000,663.150000,663.150000,45563050
2026-04-27,662.670000,663.699000,659.963000,663.499000,663.499000,32717030
2026-04-28,656.687000,658.914000,653.091000,656.827000,656.827000,34147916
2026-04-29,657.906000,660.992000,655.868000,660.842000,660.842000,31724860
2026-04-30,664.618000,668.164000,656.837000,667.005000,667.005000,40622226
2026-05-01,668.424000,675.226000,668.064000,673.408000,673.408000,39172607
2026-05-04,673.918000,675.986000,668.164000,672.140000,672.140000,34541990
2026-05-05,677.214000,682.022000,676.765000,680.860000,680.860000,37101063
2026-05-06,687.023000,695.164000,685.725000,695.005000,695.005000,38778492
2026-05-07,695.814000,700.469000,691.009000,694.176000,694.176000,43779087
2026-05-08,699.150000,710.448000,698.731000,710.448000,710.448000,44320421
2026-05-11,709.579000,713.804000,708.130000,712.505000,712.505000,36019146
2026-05-12,707.441000,709.399000,695.874000,706.462000,706.462000,45873009
2026-05-13,709.179000,715.862000,704.055000,713.924000,713.924000,40012526
2026-05-14,713.834000,721.236000,713.434000,718.998000,718.998000,33327545
2026-05-15,709.359000,714.343000,704.774000,708.150000,708.150000,51792656
2026-05-18,710.757000,711.287000,698.081000,705.104000,705.104000,49834549
2026-05-19,699.040000,705.713000,694.485000,700.758000,700.758000,46827529
2026-05-20,704.514000,712.366000,703.016000,712.366000,712.366000,36779222
2026-05-21,708.210000,716.331000,705.993000,713.724000,713.724000,36415360
2026-05-22,717.280000,721.326000,715.162000,716.751000,716.751000,33118575
2026-05-26,725.161000,730.366000,723.363000,729.477000,729.477000,34254692
2026-05-27,732.154000,732.513000,724.642000,728.648000,728.648000,35148674
2026-05-28,728.927000,735.790000,725.611000,734.791000,734.791000,32839952
2026-05-29,737.028000,740.814000,734.441000,737.498000,737.498000,38815025
2026-06-01,736.229000,744.830000,735.180000,741.923000,741.923000,33890559
2026-06-02,741.583000,745.619000,738.417000,745.339000,745.339000,30085237
2026-06-03,746.488000,747.826000,740.195000,743.391000,743.391000,40270198
2026-06-04,734.671000,742.681000,731.814000,739.795000,739.795000,40782580
2026-06-05,729.257000,730.885000,703.545000,704.284000,704.284000,99606571
2026-06-08,717.020000,722.235000,712.286000,715.282000,715.282000,47401451
2026-06-09,722.185000,724.862000,685.615000,707.051000,707.051000,91932171
2026-06-10,700.888000,710.498000,692.168000,692.927000,692.927000,65334283
2026-06-11,698.521000,717.582000,694.236000,716.331000,716.331000,71798857
2026-06-12,716.821000,723.214000,710.498000,720.547000,720.547000,51236021
2026-06-15,737.288000,743.941000,736.569000,743.182000,743.182000,46710216
2026-06-16,741.434000,743.401000,728.837000,729.057000,729.057000,45348675
2026-06-17,734.381000,734.871000,720.057000,721.715000,721.715000,51669322
2026-06-18,736.389000,741.004000,731.704000,739.805000,739.805000,50154595
2026-06-22,742.020000,745.450000,734.390000,737.950000,737.950000,43518595
2026-06-23,715.740000,723.610000,712.110000,713.650000,713.650000,53354151
2026-06-24,715.370000,719.930000,704.450000,710.620000,710.620000,52480437
2026-06-25,725.900000,726.830000,705.300000,716.380000,716.380000,50144089
2026-06-26,707.130000,715.555000,702.810000,706.520000,706.520000,47081821
2026-06-29,713.990000,724.580000,705.172000,724.080000,724.080000,44939090
2026-06-30,724.180000,737.620000,723.910000,736.400000,736.400000,42121829
2026-07-01,729.190000,731.920000,724.600000,725.170000,725.170000,40803791
2026-07-02,725.580000,730.830000,707.560000,712.600000,712.600000,51086080
2026-07-06,719.930000,726.080000,718.450000,722.820000,722.820000,30220428
2026-07-07,714.170000,716.350000,704.900000,709.430000,709.430000,42483079
2026-07-08,704.950000,712.260000,700.910000,711.440000,711.440000,35603179
2026-07-09,718.330000,724.230000,715.125000,723.280000,723.280000,33654712
2026-07-10,720.700000,726.390000,717.000000,725.510000,725.510000,26415898
2026-07-13,717.720000,718.740000,710.080000,711.740000,711.740000,36552362
2026-07-14,720.220000,722.290000,714.340000,719.690000,719.690000,29448117
2026-07-15,723.850000,724.360000,710.230000,717.740000,717.740000,32627583
2026-07-16,712.010000,713.599000,702.610000,705.940000,705.940000,39402024
2026-07-17,691.650000,702.300000,686.760000,695.330000,695.330000,54109267
2026-07-20,702.160000,705.800000,695.510000,696.060000,696.060000,29687558
2026-07-21,706.570000,710.050000,702.800000,708.970000,708.970000,33728341
2026-07-22,703.620000,709.650000,703.620000,705.350000,705.350000,23692181
2026-07-23,694.670000,698.660000,687.790000,691.960000,691.960000,44028575
2026-07-24,690.410000,692.630000,682.480000,684.230000,684.230000,42876658
2026-07-27,691.680000,692.300000,675.945000,682.120000,682.120000,42681473
2026-07-28,676.230000,679.400000,667.880000,675.490000,675.490000,51398741
2026-07-29,675.505000,680.050000,661.140000,661.730000,661.730000,57233269
2026-07-30,674.760000,685.120000,673.300000,683.550000,683.550000,66753681
2026-07-31,692.110000,695.770000,680.051000,687.990000,687.990000,50540483
2026-08-03,688.300000,701.590000,685.820000,700.070000,700.070000,44965071
2026-08-04,708.160000,725.660000,707.530000,723.850000,723.850000,59778624
2026-08-05,726.250000,728.540000,716.920000,717.300000,717.300000,33540176
2026-08-06,710.820000,719.320000,708.500000,714.650000,714.650000,33035860
2026-08-07,720.150000,723.630000,716.510000,723.030000,723.030000,31070371
2026-08-10,722.390000,724.670000,720.330000,720.870000,720.870000,26243183
2026-08-11,723.290000,723.350000,715.500000,718.450000,718.450000,29286144
2026-08-12,727.080000,727.250000,722.920000,723.700000,723.700000,29065976
2026-08-13,725.150000,733.960000,724.030000,732.070000,732.070000,31599737
2026-08-14,733.410000,734.390000,728.320000,731.070000,731.070000,23790607
2026-08-17,732.950000,734.580000,729.270000,729.870000,729.870000,26452580
2026-08-18,720.210000,722.130000,715.920000,717.510000,717.510000,48997172
2026-08-19,720.390000,721.500000,712.610000,716.080000,716.080000,35801712
2026-08-20,712.090000,714.940000,708.520000,710.930000,710.930000,33396416
2026-08-21,715.230000,715.674000,709.200000,713.440000,713.440000,33399407
2026-08-24,709.660000,709.790000,702.700000,706.320000,706.320000,37443142
2026-08-25,711.220000,714.040000,707.450000,710.720000,710.720000,23869646
2026-08-26,708.410000,713.020000,707.970000,711.370000,711.370000,20392390
2026-08-27,716.930000,721.350000,714.525000,721.110000,721.110000,28723451
2026-08-28,719.740000,724.125000,715.085000,716.430000,716.430000,34105374
2026-08-31,715.170000,717.580000,713.160000,716.760000,716.760000,32237181
2026-09-01,707.390000,712.300000,704.660000,707.640000,707.640000,35236116
